{"type":"FeatureCollection","features":[{"type":"Feature","properties":{"ref":0,"line":"1","color":"B5378C","mode":"metro","direction":0,"terminus":"STOCKEL"},"geometry":{"type":"LineString","coordinates":[[4.32095,50.849],[4.32108,50.84924],[4.32119,50.84944],[4.32127,50.8496],[4.32133,50.84972],[4.32139,50.84985],[4.32144,50.84999],[4.32149,50.8501],[4.32152,50.85019],[4.32154,50.85025],[4.3216,50.85045],[4.32169,50.85079],[4.32174,50.85096],[4.3218,50.85113],[4.32184,50.85126],[4.32188,50.85135],[4.32192,50.85144],[4.32195,50.8515],[4.32204,50.85167],[4.32218,50.85192],[4.32264,50.85277],[4.32297,50.85339],[4.32361,50.85456],[4.32373,50.85477],[4.32382,50.85492],[4.32388,50.85503],[4.32395,50.85514],[4.32401,50.85523],[4.32403,50.85525],[4.3241,50.85533],[4.32422,50.85547],[4.3243,50.85556],[4.3244,50.85566],[4.32452,50.85579],[4.32476,50.85602],[4.32485,50.8561],[4.32491,50.85615],[4.32499,50.85622],[4.32501,50.85623],[4.32507,50.85628],[4.32513,50.85632],[4.32524,50.85639],[4.32536,50.85645],[4.32544,50.85648],[4.32553,50.85652],[4.32562,50.85656],[4.32572,50.85659],[4.32588,50.85663],[4.32599,50.85666],[4.32611,50.85668],[4.32622,50.8567],[4.32634,50.85671],[4.3265,50.85673],[4.32685,50.85675],[4.327,50.85676],[4.32711,50.85677],[4.32723,50.85677],[4.32745,50.85677],[4.32844,50.85677],[4.32866,50.85677],[4.32885,50.85678],[4.32904,50.85679],[4.32922,50.8568],[4.32939,50.85682],[4.32957,50.85684],[4.32988,50.85688],[4.3305,50.85696],[4.33069,50.85698],[4.33082,50.85699],[4.33092,50.857],[4.33105,50.85701],[4.33121,50.85703],[4.33132,50.85703],[4.33309,50.85712],[4.33314,50.85713],[4.33326,50.85713],[4.33343,50.85714],[4.33355,50.85714],[4.33367,50.85714],[4.33389,50.85714],[4.33405,50.85713],[4.33421,50.85713],[4.33434,50.85712],[4.3345,50.8571],[4.33467,50.85708],[4.33479,50.85707],[4.33487,50.85706],[4.33502,50.85703],[4.33516,50.85701],[4.33525,50.85699],[4.33535,50.85697],[4.33546,50.85694],[4.33557,50.85692],[4.33573,50.85687],[4.33582,50.85685],[4.33586,50.85684],[4.33598,50.8568],[4.33603,50.85678],[4.33616,50.85674],[4.33631,50.85668],[4.33633,50.85667],[4.33635,50.85667],[4.33645,50.85663],[4.33652,50.8566],[4.3366,50.85656],[4.33669,50.85652],[4.33678,50.85648],[4.33695,50.8564],[4.33824,50.85579],[4.34054,50.85471],[4.34086,50.85455],[4.34097,50.8545],[4.34103,50.85448],[4.34119,50.85441],[4.34133,50.85435],[4.34143,50.85432],[4.34155,50.85428],[4.34164,50.85425],[4.34184,50.85419],[4.34188,50.85418],[4.3419,50.85418],[4.34194,50.85417],[4.34199,50.85416],[4.34212,50.85413],[4.34228,50.8541],[4.34234,50.85409],[4.34244,50.85408],[4.34263,50.85405],[4.34279,50.85404],[4.34303,50.85401],[4.34579,50.85376],[4.34595,50.85375],[4.34607,50.85373],[4.34617,50.85371],[4.34624,50.8537],[4.34632,50.85368],[4.34641,50.85366],[4.34652,50.85362],[4.3466,50.85359],[4.34668,50.85354],[4.34673,50.85352],[4.34678,50.85349],[4.34683,50.85346],[4.3469,50.85341],[4.34696,50.85336],[4.34697,50.85334],[4.34702,50.8533],[4.34706,50.85325],[4.34709,50.85321],[4.34713,50.85316],[4.34721,50.85306],[4.34801,50.8519],[4.34819,50.85164],[4.34821,50.85162],[4.34827,50.85154],[4.34831,50.85149],[4.34835,50.85145],[4.34842,50.8514],[4.34847,50.85135],[4.34856,50.8513],[4.34863,50.85126],[4.3487,50.85122],[4.34877,50.85119],[4.34882,50.85117],[4.34886,50.85115],[4.34893,50.85113],[4.34903,50.8511],[4.34912,50.85108],[4.34919,50.85107],[4.34926,50.85106],[4.3494,50.85104],[4.34951,50.85103],[4.3498,50.851],[4.34997,50.85099],[4.35011,50.85097],[4.3502,50.85095],[4.3503,50.85093],[4.3504,50.85091],[4.35046,50.8509],[4.35053,50.85088],[4.35055,50.85088],[4.35065,50.85084],[4.35076,50.85081],[4.35079,50.85079],[4.35082,50.85079],[4.35083,50.85078],[4.35089,50.85076],[4.35097,50.85073],[4.35103,50.8507],[4.35112,50.85066],[4.35126,50.8506],[4.35138,50.85054],[4.35147,50.85049],[4.35149,50.85048],[4.35153,50.85046],[4.35157,50.85044],[4.35165,50.85039],[4.35171,50.85036],[4.3518,50.8503],[4.35186,50.85026],[4.35193,50.85021],[4.35203,50.85015],[4.35221,50.85002],[4.35229,50.84996],[4.35232,50.84994],[4.3524,50.84988],[4.35244,50.84985],[4.35249,50.84982],[4.35251,50.8498],[4.35262,50.84972],[4.35266,50.8497],[4.35278,50.84963],[4.35288,50.84957],[4.35292,50.84954],[4.35303,50.84949],[4.35306,50.84947],[4.35318,50.84942],[4.35322,50.8494],[4.35328,50.84937],[4.35335,50.84934],[4.35349,50.84928],[4.35388,50.84913],[4.35405,50.84906],[4.35419,50.84901],[4.35429,50.84897],[4.35442,50.84893],[4.35463,50.84887],[4.35465,50.84887],[4.35477,50.84884],[4.35487,50.84882],[4.35489,50.84881],[4.35494,50.8488],[4.35537,50.84871],[4.35549,50.84868],[4.35563,50.84865],[4.3557,50.84862],[4.35578,50.8486],[4.35586,50.84856],[4.35597,50.84851],[4.35609,50.84844],[4.35619,50.84838],[4.3571,50.84778],[4.35715,50.84775],[4.35715,50.84774],[4.35723,50.84769],[4.35729,50.84765],[4.35735,50.84761],[4.3575,50.84751],[4.35782,50.8473],[4.35792,50.84723],[4.35801,50.84716],[4.35809,50.8471],[4.35818,50.84703],[4.35823,50.84698],[4.35829,50.84691],[4.35835,50.84685],[4.35838,50.84682],[4.35851,50.84667],[4.35858,50.84658],[4.35878,50.84635],[4.35888,50.84622],[4.35897,50.84612],[4.35903,50.84606],[4.35908,50.84601],[4.35912,50.84598],[4.35916,50.84595],[4.3592,50.84591],[4.35923,50.84589],[4.3593,50.84584],[4.35935,50.84581],[4.35939,50.84579],[4.35948,50.84574],[4.3595,50.84573],[4.35957,50.84569],[4.35963,50.84566],[4.3597,50.84563],[4.35975,50.84561],[4.35982,50.84559],[4.35989,50.84556],[4.35994,50.84555],[4.3601,50.8455],[4.36015,50.84549],[4.36027,50.84546],[4.36035,50.84545],[4.36047,50.84543],[4.36057,50.84542],[4.36067,50.84541],[4.36076,50.84541],[4.36085,50.8454],[4.36102,50.8454],[4.36114,50.84541],[4.36125,50.84542],[4.36135,50.84543],[4.36148,50.84545],[4.36163,50.84547],[4.36298,50.84569],[4.36369,50.8458],[4.36492,50.846],[4.36496,50.846],[4.3651,50.84602],[4.36526,50.84604],[4.36538,50.84605],[4.36547,50.84606],[4.36557,50.84606],[4.36569,50.84607],[4.36583,50.84607],[4.36597,50.84606],[4.36611,50.84605],[4.36623,50.84604],[4.36635,50.84602],[4.36648,50.846],[4.3666,50.84597],[4.36671,50.84595],[4.36686,50.84592],[4.3675,50.84578],[4.36777,50.84573],[4.36962,50.84533],[4.37198,50.84484],[4.37759,50.84365],[4.37983,50.84318],[4.38021,50.8431],[4.38058,50.84302],[4.38183,50.84276],[4.38251,50.84261],[4.38266,50.84258],[4.38317,50.84246],[4.38332,50.84242],[4.38496,50.84208],[4.38543,50.84198],[4.38631,50.84178],[4.38659,50.84172],[4.38699,50.84163],[4.38743,50.84153],[4.38772,50.84147],[4.39032,50.84095],[4.3915,50.84073],[4.39449,50.84013],[4.39471,50.84008],[4.39515,50.83998],[4.39543,50.83992],[4.39574,50.83987],[4.39618,50.83979],[4.39657,50.83972],[4.39817,50.83939],[4.39828,50.83936],[4.39846,50.83933],[4.3986,50.8393],[4.40192,50.83861],[4.40246,50.83851],[4.40494,50.83799],[4.40532,50.83792],[4.40561,50.83786],[4.40583,50.83782],[4.40599,50.8378],[4.40611,50.83779],[4.40634,50.83777],[4.4065,50.83776],[4.40658,50.83776],[4.40796,50.83781],[4.40796,50.83781],[4.4081,50.83781],[4.40826,50.83783],[4.40832,50.83783],[4.40846,50.83785],[4.40855,50.83787],[4.4087,50.83791],[4.40886,50.83795],[4.40901,50.838],[4.40911,50.83803],[4.40927,50.8381],[4.41143,50.83898],[4.41186,50.83916],[4.41221,50.83931],[4.41236,50.83937],[4.41255,50.83947],[4.41274,50.83957],[4.41287,50.83964],[4.41298,50.83972],[4.41321,50.83987],[4.41337,50.83999],[4.41405,50.84053],[4.41422,50.84067],[4.41469,50.84104],[4.41482,50.84114],[4.41483,50.84115],[4.41491,50.84121],[4.41493,50.84122],[4.41499,50.84127],[4.41502,50.84129],[4.4151,50.84135],[4.41522,50.84142],[4.41532,50.84149],[4.41546,50.84157],[4.41554,50.84162],[4.41562,50.84166],[4.41563,50.84167],[4.41572,50.84172],[4.41591,50.84181],[4.41592,50.84181],[4.41594,50.84182],[4.41601,50.84186],[4.41615,50.84192],[4.41617,50.84192],[4.41629,50.84197],[4.41645,50.84203],[4.41662,50.84209],[4.41672,50.84212],[4.41684,50.84216],[4.41695,50.8422],[4.41709,50.84223],[4.41721,50.84226],[4.41735,50.8423],[4.41752,50.84234],[4.4177,50.84237],[4.41794,50.84242],[4.41888,50.84258],[4.41897,50.84259],[4.41911,50.84262],[4.4193,50.84265],[4.41948,50.84267],[4.41969,50.84269],[4.41985,50.84271],[4.42003,50.84272],[4.42026,50.84273],[4.42051,50.84274],[4.42317,50.84282],[4.42334,50.84282],[4.42347,50.84283],[4.42358,50.84284],[4.42367,50.84285],[4.42377,50.84287],[4.42391,50.8429],[4.42399,50.84292],[4.42413,50.84295],[4.42423,50.84298],[4.42434,50.84302],[4.42443,50.84306],[4.42455,50.84312],[4.42462,50.84315],[4.42463,50.84316],[4.4247,50.8432],[4.4248,50.84326],[4.42488,50.84332],[4.42496,50.84338],[4.42499,50.84341],[4.42501,50.84343],[4.42502,50.84344],[4.42508,50.84349],[4.42509,50.8435],[4.4252,50.84361],[4.42637,50.84483],[4.42694,50.84543],[4.42706,50.84555],[4.42715,50.84563],[4.42724,50.84571],[4.42733,50.84579],[4.42737,50.84582],[4.42738,50.84583],[4.42748,50.8459],[4.4276,50.84598],[4.42765,50.84601],[4.42771,50.84605],[4.42785,50.84613],[4.42793,50.84618],[4.42804,50.84623],[4.42819,50.84631],[4.42821,50.84631],[4.42829,50.84635],[4.42844,50.84641],[4.42857,50.84645],[4.42869,50.84649],[4.42883,50.84654],[4.42897,50.84658],[4.42914,50.84662],[4.42924,50.84664],[4.42938,50.84667],[4.42952,50.8467],[4.42969,50.84672],[4.42987,50.84675],[4.43033,50.84682],[4.43071,50.84687],[4.4329,50.84717],[4.43323,50.84721],[4.43361,50.84726],[4.43419,50.84734],[4.43469,50.84739],[4.4361,50.84755],[4.43668,50.84762],[4.43694,50.84764],[4.43713,50.84766],[4.43736,50.84768],[4.43753,50.84768],[4.43767,50.84768],[4.43792,50.84768],[4.43809,50.84768],[4.43828,50.84767],[4.43847,50.84765],[4.43862,50.84764],[4.43878,50.84762],[4.43893,50.8476],[4.43908,50.84758],[4.43926,50.84754],[4.4394,50.84752],[4.43955,50.84748],[4.43961,50.84746],[4.43983,50.84741],[4.4399,50.84739],[4.43996,50.84737],[4.44005,50.84735],[4.44016,50.84732],[4.44037,50.84726],[4.44041,50.84725],[4.4405,50.84722],[4.44053,50.84721],[4.44069,50.84717],[4.44076,50.84715],[4.44088,50.84712],[4.44103,50.84708],[4.4412,50.84705],[4.44139,50.84701],[4.44151,50.84699],[4.44167,50.84696],[4.44191,50.84693],[4.4421,50.84692],[4.44229,50.8469],[4.4425,50.84689],[4.44265,50.84689],[4.44293,50.84689],[4.44311,50.84689],[4.44327,50.8469],[4.44344,50.84691],[4.4436,50.84693],[4.44375,50.84694],[4.44388,50.84696],[4.44401,50.84698],[4.44404,50.84698],[4.44423,50.84701],[4.44426,50.84702],[4.44482,50.8471],[4.44511,50.84714],[4.44536,50.84718],[4.44554,50.8472],[4.4473,50.84744],[4.44787,50.84752],[4.44797,50.84753],[4.448,50.84754],[4.44813,50.84755],[4.44835,50.84759],[4.44855,50.84763],[4.44876,50.84767],[4.44888,50.8477],[4.44907,50.84775],[4.44926,50.8478],[4.4493,50.84781],[4.44944,50.84785],[4.44958,50.8479],[4.44975,50.84795],[4.44989,50.84801],[4.45003,50.84806],[4.45011,50.8481],[4.45016,50.84812],[4.45032,50.84819],[4.45046,50.84826],[4.45058,50.84833],[4.4506,50.84833],[4.45077,50.84843],[4.45089,50.84851],[4.45181,50.84905],[4.4534,50.84999],[4.45341,50.84999],[4.45354,50.85007],[4.45357,50.85009],[4.45366,50.85014],[4.45374,50.85018],[4.45383,50.85023],[4.45389,50.85025],[4.45393,50.85027],[4.45395,50.85028],[4.45404,50.85031],[4.45415,50.85035],[4.45429,50.8504],[4.45446,50.85045],[4.45457,50.85047],[4.45469,50.8505],[4.45483,50.85052],[4.45491,50.85053],[4.45495,50.85054],[4.45506,50.85055],[4.45517,50.85056],[4.45532,50.85057],[4.45544,50.85057],[4.45561,50.85057],[4.45575,50.85057],[4.45589,50.85056],[4.45599,50.85055],[4.45614,50.85053],[4.4563,50.8505],[4.4564,50.85048],[4.45649,50.85046],[4.45661,50.85043],[4.45671,50.85041],[4.45682,50.85037],[4.45694,50.85033],[4.45704,50.85029],[4.4571,50.85027],[4.45723,50.8502],[4.45726,50.85019],[4.45734,50.85015],[4.45735,50.85014],[4.45741,50.85011],[4.45745,50.85008],[4.45755,50.85002],[4.45764,50.84996],[4.45772,50.8499],[4.45781,50.84982],[4.45789,50.84974],[4.45796,50.84967],[4.45804,50.84958],[4.45811,50.8495],[4.45884,50.84858],[4.45891,50.8485],[4.45893,50.84848],[4.45899,50.84841],[4.4592,50.84819],[4.45969,50.8477],[4.45984,50.84755],[4.45993,50.84745],[4.46,50.84736],[4.4601,50.84722],[4.46021,50.84706],[4.46087,50.84607],[4.46096,50.84595],[4.46098,50.84591],[4.46105,50.84582],[4.4611,50.84576],[4.46115,50.8457],[4.46121,50.84564],[4.46127,50.84558],[4.46134,50.84551],[4.46144,50.84543],[4.46157,50.84532],[4.46258,50.84451],[4.46265,50.84444],[4.46271,50.84439],[4.46275,50.84436],[4.46282,50.84429],[4.46287,50.84423],[4.46292,50.84418],[4.46296,50.84412],[4.46308,50.84396],[4.46308,50.84395],[4.46312,50.8439],[4.46315,50.84386],[4.46319,50.84381],[4.46334,50.84364],[4.46337,50.84361],[4.46341,50.84356],[4.46342,50.84354],[4.46344,50.84352],[4.46361,50.84327],[4.46454,50.84187]]}},{"type":"Feature","properties":{"ref":0,"line":"1","color":"B5378C","mode":"metro","direction":1,"terminus":"GARE DE L'OUEST"},"geometry":{"type":"LineString","coordinates":[[4.46454,50.84187],[4.46361,50.84327],[4.46344,50.84352],[4.46328,50.84376],[4.46308,50.84405],[4.46305,50.8441],[4.46304,50.84412],[4.46298,50.84419],[4.46291,50.84427],[4.46286,50.84433],[4.46283,50.84435],[4.46278,50.8444],[4.46271,50.84446],[4.46261,50.84454],[4.46249,50.84464],[4.46172,50.84526],[4.46164,50.84533],[4.46149,50.84545],[4.46141,50.84551],[4.46136,50.84556],[4.46133,50.84559],[4.46128,50.84564],[4.46123,50.84569],[4.46116,50.84576],[4.4611,50.84584],[4.46104,50.84591],[4.46098,50.84598],[4.46089,50.84611],[4.46083,50.8462],[4.46019,50.84716],[4.46008,50.84732],[4.46002,50.8474],[4.45994,50.84749],[4.45984,50.8476],[4.45972,50.84773],[4.45922,50.84822],[4.45912,50.84832],[4.45898,50.84848],[4.45882,50.84868],[4.45872,50.8488],[4.45865,50.84888],[4.45815,50.84951],[4.45807,50.84961],[4.45803,50.84966],[4.45795,50.84974],[4.45788,50.84981],[4.45784,50.84985],[4.4578,50.84988],[4.45772,50.84995],[4.45767,50.84998],[4.45766,50.84999],[4.45757,50.85005],[4.45748,50.85011],[4.45738,50.85016],[4.4573,50.85021],[4.45715,50.85028],[4.45705,50.85032],[4.45695,50.85036],[4.45682,50.8504],[4.45671,50.85044],[4.45661,50.85047],[4.4565,50.85049],[4.45635,50.85053],[4.45625,50.85054],[4.45613,50.85056],[4.45599,50.85058],[4.45583,50.85059],[4.45572,50.8506],[4.45561,50.8506],[4.45539,50.8506],[4.45525,50.8506],[4.45515,50.85059],[4.45501,50.85058],[4.45491,50.85057],[4.45482,50.85055],[4.45471,50.85053],[4.45458,50.85051],[4.45445,50.85048],[4.45432,50.85044],[4.45424,50.85042],[4.45411,50.85038],[4.454,50.85033],[4.45392,50.8503],[4.4538,50.85025],[4.45372,50.85021],[4.45361,50.85015],[4.45342,50.85004],[4.45315,50.84988],[4.45133,50.8488],[4.45087,50.84853],[4.45078,50.84848],[4.45065,50.8484],[4.45055,50.84835],[4.45054,50.84834],[4.45044,50.84829],[4.45033,50.84823],[4.4503,50.84822],[4.45021,50.84817],[4.45014,50.84814],[4.45001,50.84809],[4.44989,50.84804],[4.44977,50.84799],[4.44959,50.84793],[4.44945,50.84788],[4.4493,50.84784],[4.44905,50.84777],[4.44889,50.84773],[4.44873,50.84769],[4.44852,50.84765],[4.4484,50.84763],[4.44825,50.8476],[4.44806,50.84757],[4.44786,50.84754],[4.44768,50.84752],[4.4467,50.84739],[4.44541,50.84721],[4.44523,50.84719],[4.44519,50.84718],[4.44484,50.84713],[4.44434,50.84706],[4.44409,50.84702],[4.44396,50.847],[4.44369,50.84697],[4.44349,50.84695],[4.44331,50.84693],[4.44317,50.84693],[4.44301,50.84692],[4.44285,50.84692],[4.44265,50.84692],[4.44244,50.84692],[4.44224,50.84693],[4.44204,50.84695],[4.44194,50.84696],[4.44185,50.84697],[4.44171,50.84699],[4.44164,50.847],[4.4416,50.847],[4.44147,50.84703],[4.44132,50.84705],[4.4412,50.84708],[4.44108,50.8471],[4.44095,50.84713],[4.44083,50.84716],[4.44069,50.8472],[4.4405,50.84725],[4.44035,50.84729],[4.44015,50.84735],[4.44012,50.84736],[4.43984,50.84744],[4.43976,50.84746],[4.43961,50.8475],[4.43944,50.84754],[4.43926,50.84757],[4.43909,50.8476],[4.43896,50.84762],[4.43885,50.84764],[4.43864,50.84767],[4.43846,50.84768],[4.43828,50.8477],[4.43812,50.84771],[4.43799,50.84771],[4.43785,50.84771],[4.43765,50.84771],[4.4375,50.84771],[4.43734,50.8477],[4.43714,50.84769],[4.43698,50.84768],[4.43674,50.84765],[4.43566,50.84753],[4.43476,50.84743],[4.43455,50.84741],[4.4342,50.84736],[4.43375,50.84731],[4.43338,50.84726],[4.43334,50.84726],[4.43291,50.8472],[4.43009,50.84681],[4.42975,50.84676],[4.42954,50.84673],[4.42933,50.84669],[4.42917,50.84666],[4.42905,50.84663],[4.42892,50.8466],[4.42886,50.84658],[4.42882,50.84657],[4.42868,50.84652],[4.42857,50.84649],[4.42844,50.84644],[4.42832,50.8464],[4.42817,50.84633],[4.42812,50.84631],[4.42797,50.84624],[4.42786,50.84618],[4.42785,50.84617],[4.42779,50.84614],[4.42778,50.84613],[4.42766,50.84606],[4.42756,50.846],[4.42744,50.84591],[4.42736,50.84586],[4.42725,50.84577],[4.42714,50.84567],[4.42709,50.84563],[4.42708,50.84562],[4.42703,50.84557],[4.42702,50.84556],[4.42693,50.84547],[4.42582,50.84432],[4.42519,50.84367],[4.42508,50.84355],[4.425,50.84347],[4.42492,50.8434],[4.42484,50.84334],[4.42478,50.84329],[4.42468,50.84323],[4.42458,50.84317],[4.42449,50.84313],[4.42442,50.84309],[4.4244,50.84309],[4.42431,50.84305],[4.42424,50.84302],[4.42413,50.84299],[4.42399,50.84295],[4.42388,50.84292],[4.42377,50.8429],[4.42367,50.84289],[4.42354,50.84287],[4.42339,50.84286],[4.42325,50.84285],[4.42305,50.84284],[4.42039,50.84277],[4.42013,50.84276],[4.41993,50.84274],[4.41974,50.84273],[4.41957,50.84271],[4.41931,50.84268],[4.41913,50.84265],[4.41893,50.84262],[4.41829,50.84251],[4.41792,50.84244],[4.41772,50.84241],[4.41751,50.84237],[4.4174,50.84234],[4.41722,50.8423],[4.41705,50.84225],[4.41686,50.8422],[4.41679,50.84218],[4.41666,50.84214],[4.41645,50.84207],[4.41629,50.84201],[4.41619,50.84197],[4.41609,50.84192],[4.41594,50.84186],[4.41574,50.84176],[4.41573,50.84175],[4.41564,50.84171],[4.41555,50.84166],[4.41553,50.84165],[4.41541,50.84158],[4.41534,50.84154],[4.41516,50.84143],[4.41508,50.84137],[4.41496,50.84129],[4.41485,50.84121],[4.41477,50.84114],[4.41474,50.84112],[4.41379,50.84037],[4.41359,50.8402],[4.41337,50.84003],[4.41311,50.83984],[4.41289,50.83969],[4.41273,50.8396],[4.41257,50.83952],[4.41234,50.8394],[4.41221,50.83934],[4.41206,50.83927],[4.41089,50.83879],[4.40924,50.83813],[4.40907,50.83806],[4.40898,50.83803],[4.40883,50.83798],[4.40868,50.83794],[4.40853,50.8379],[4.40845,50.83789],[4.40831,50.83787],[4.40825,50.83786],[4.4081,50.83785],[4.40797,50.83784],[4.40779,50.83783],[4.40736,50.83782],[4.40676,50.8378],[4.40651,50.8378],[4.40629,50.83781],[4.40601,50.83783],[4.4057,50.83787],[4.40536,50.83794],[4.40437,50.83814],[4.40245,50.83854],[4.40162,50.83871],[4.40142,50.83875],[4.39855,50.83936],[4.3977,50.83953],[4.3969,50.8397],[4.39642,50.83979],[4.3959,50.83988],[4.39519,50.84001],[4.39466,50.84012],[4.39414,50.84023],[4.39126,50.8408],[4.39025,50.84099],[4.38771,50.8415],[4.38705,50.84164],[4.38662,50.84174],[4.38586,50.84191],[4.38566,50.84196],[4.38541,50.84202],[4.38507,50.84211],[4.38499,50.84213],[4.38484,50.84217],[4.38463,50.84222],[4.38425,50.8423],[4.38316,50.84253],[4.38265,50.84262],[4.38246,50.84266],[4.38234,50.84268],[4.38097,50.84297],[4.38062,50.84305],[4.38007,50.84316],[4.37981,50.84322],[4.37708,50.84379],[4.37141,50.84499],[4.36912,50.84547],[4.36804,50.8457],[4.36764,50.84578],[4.3668,50.84596],[4.36658,50.84601],[4.36653,50.84602],[4.36642,50.84604],[4.36634,50.84605],[4.36619,50.84607],[4.36611,50.84608],[4.36599,50.84609],[4.36587,50.84609],[4.36574,50.8461],[4.36561,50.84609],[4.3655,50.84609],[4.36537,50.84608],[4.36526,50.84607],[4.3651,50.84605],[4.36498,50.84603],[4.36405,50.84589],[4.36243,50.84563],[4.36168,50.84551],[4.36153,50.84548],[4.36134,50.84546],[4.3612,50.84545],[4.36108,50.84544],[4.36096,50.84544],[4.36082,50.84544],[4.36068,50.84544],[4.36057,50.84545],[4.36041,50.84547],[4.3603,50.84549],[4.36017,50.84552],[4.36008,50.84554],[4.35996,50.84557],[4.35988,50.8456],[4.35976,50.84564],[4.35966,50.84569],[4.35957,50.84573],[4.35947,50.84578],[4.3594,50.84582],[4.35931,50.84588],[4.35923,50.84594],[4.35915,50.846],[4.35913,50.84602],[4.35911,50.84603],[4.3591,50.84604],[4.35909,50.84605],[4.35908,50.84607],[4.35903,50.84612],[4.35896,50.84619],[4.35883,50.84634],[4.35855,50.84668],[4.35837,50.8469],[4.35831,50.84697],[4.35825,50.84703],[4.35818,50.84709],[4.35813,50.84713],[4.3581,50.84716],[4.35803,50.84721],[4.358,50.84722],[4.35755,50.84752],[4.35741,50.84761],[4.35722,50.84774],[4.35714,50.84779],[4.35671,50.84808],[4.35621,50.84841],[4.35608,50.84849],[4.35599,50.84854],[4.35591,50.84858],[4.35583,50.84862],[4.35579,50.84863],[4.3557,50.84866],[4.35561,50.84869],[4.3555,50.84871],[4.35542,50.84873],[4.35504,50.84881],[4.35488,50.84885],[4.35475,50.84888],[4.35464,50.84891],[4.35461,50.84891],[4.35459,50.84892],[4.3545,50.84894],[4.35445,50.84896],[4.35439,50.84897],[4.35427,50.84902],[4.35416,50.84905],[4.35404,50.8491],[4.35396,50.84913],[4.35376,50.84921],[4.35358,50.84928],[4.35347,50.84933],[4.35334,50.84938],[4.35331,50.84939],[4.35321,50.84944],[4.35306,50.84951],[4.35295,50.84957],[4.35288,50.84961],[4.3528,50.84965],[4.35267,50.84974],[4.35259,50.84979],[4.35246,50.84988],[4.3524,50.84993],[4.35236,50.84995],[4.35227,50.85002],[4.35225,50.85003],[4.35217,50.8501],[4.35211,50.85013],[4.35206,50.85017],[4.352,50.85021],[4.35193,50.85026],[4.35188,50.85029],[4.35178,50.85036],[4.35174,50.85038],[4.35161,50.85046],[4.35158,50.85048],[4.35149,50.85052],[4.35145,50.85054],[4.3514,50.85057],[4.35122,50.85066],[4.35117,50.85068],[4.35108,50.85072],[4.35098,50.85076],[4.35086,50.85081],[4.35078,50.85084],[4.35069,50.85086],[4.35061,50.85089],[4.35052,50.85092],[4.35044,50.85093],[4.35043,50.85094],[4.3503,50.85096],[4.35018,50.85099],[4.35004,50.85101],[4.34991,50.85102],[4.34974,50.85104],[4.34949,50.85106],[4.34935,50.85108],[4.34923,50.85109],[4.34915,50.85111],[4.34909,50.85112],[4.34902,50.85114],[4.34894,50.85116],[4.34887,50.85119],[4.3488,50.85122],[4.3487,50.85126],[4.34865,50.85129],[4.34858,50.85133],[4.34851,50.85137],[4.34845,50.85142],[4.3484,50.85147],[4.34834,50.85152],[4.3483,50.85158],[4.34826,50.85162],[4.3482,50.8517],[4.34816,50.85176],[4.34815,50.85177],[4.34775,50.85235],[4.34717,50.85318],[4.34715,50.85321],[4.3471,50.85327],[4.34706,50.85332],[4.34702,50.85336],[4.34695,50.85342],[4.34689,50.85347],[4.34687,50.85348],[4.34682,50.85351],[4.34676,50.85355],[4.3467,50.85358],[4.34662,50.85361],[4.34658,50.85363],[4.34651,50.85366],[4.34642,50.85368],[4.34633,50.85371],[4.34626,50.85373],[4.34615,50.85375],[4.34608,50.85376],[4.34599,50.85377],[4.34586,50.85378],[4.34297,50.85405],[4.34276,50.85407],[4.3426,50.85408],[4.34246,50.8541],[4.34238,50.85412],[4.34229,50.85413],[4.34214,50.85416],[4.34202,50.85418],[4.34192,50.85421],[4.34191,50.85421],[4.34183,50.85423],[4.34181,50.85423],[4.34171,50.85426],[4.34166,50.85428],[4.34156,50.85431],[4.34144,50.85435],[4.34133,50.85439],[4.34122,50.85443],[4.34115,50.85446],[4.34104,50.85451],[4.34094,50.85455],[4.34082,50.85461],[4.34006,50.85497],[4.33777,50.85605],[4.33692,50.85645],[4.33682,50.8565],[4.3367,50.85655],[4.33661,50.85659],[4.33657,50.85661],[4.33649,50.85664],[4.3364,50.85668],[4.33634,50.8567],[4.33631,50.85672],[4.33624,50.85674],[4.33619,50.85676],[4.33612,50.85678],[4.33607,50.8568],[4.33601,50.85682],[4.3359,50.85686],[4.33574,50.8569],[4.33564,50.85693],[4.33562,50.85693],[4.33558,50.85695],[4.33556,50.85695],[4.33554,50.85696],[4.33551,50.85696],[4.33545,50.85698],[4.33543,50.85698],[4.33526,50.85702],[4.33513,50.85704],[4.33498,50.85707],[4.33483,50.85709],[4.33466,50.85712],[4.33453,50.85713],[4.33441,50.85714],[4.33429,50.85715],[4.33415,50.85716],[4.33403,50.85717],[4.33392,50.85717],[4.33383,50.85717],[4.33357,50.85717],[4.33336,50.85716],[4.33314,50.85715],[4.33202,50.8571],[4.33124,50.85706],[4.33101,50.85704],[4.33083,50.85703],[4.33065,50.85701],[4.33043,50.85698],[4.32974,50.85689],[4.32952,50.85687],[4.32935,50.85685],[4.32921,50.85684],[4.32906,50.85683],[4.32892,50.85682],[4.32879,50.85681],[4.32865,50.85681],[4.3285,50.85681],[4.32834,50.85681],[4.32723,50.8568],[4.32707,50.8568],[4.32688,50.85679],[4.32664,50.85677],[4.32643,50.85675],[4.32629,50.85674],[4.32617,50.85672],[4.32604,50.8567],[4.32592,50.85668],[4.32584,50.85666],[4.32577,50.85664],[4.32567,50.85661],[4.32557,50.85658],[4.32548,50.85654],[4.3254,50.85651],[4.32539,50.8565],[4.32537,50.8565],[4.32527,50.85645],[4.32519,50.85641],[4.3251,50.85635],[4.32504,50.85631],[4.32498,50.85626],[4.32496,50.85625],[4.32488,50.85619],[4.3248,50.85612],[4.32469,50.85602],[4.32468,50.856],[4.32444,50.85577],[4.32443,50.85576],[4.32436,50.85569],[4.32428,50.85562],[4.32416,50.85548],[4.32404,50.85534],[4.32397,50.85525],[4.3239,50.85516],[4.32386,50.85509],[4.32377,50.85496],[4.32368,50.8548],[4.32355,50.85456],[4.32276,50.85311],[4.32267,50.85295],[4.32264,50.85289],[4.32235,50.85234],[4.32212,50.85193],[4.32205,50.8518],[4.32196,50.85164],[4.32192,50.85154],[4.32185,50.85139],[4.3218,50.85127],[4.32174,50.85111],[4.32168,50.8509],[4.32164,50.85077],[4.32155,50.85045],[4.32149,50.85025],[4.32147,50.85019],[4.32143,50.85008],[4.32137,50.84994],[4.32132,50.84982],[4.32126,50.84969],[4.32116,50.84947],[4.32105,50.84926],[4.32067,50.84858]]}},{"type":"Feature","properties":{"ref":1,"line":"2","color":"ED6C23","mode":"metro","direction":0,"terminus":"ELISABETH"},"geometry":{"type":"LineString","coordinates":[[4.33048,50.86312],[4.3297,50.86247],[4.32941,50.86223],[4.32932,50.86215],[4.32822,50.86119],[4.3281,50.86109],[4.32803,50.86102],[4.32794,50.86094],[4.32793,50.86093],[4.32785,50.86085],[4.32775,50.86074],[4.32765,50.86063],[4.32759,50.86055],[4.32713,50.86],[4.32696,50.85979],[4.32684,50.85963],[4.32677,50.85954],[4.32667,50.85939],[4.32657,50.85924],[4.32648,50.85907],[4.32524,50.85685],[4.32517,50.85672],[4.32513,50.85664],[4.32503,50.85647],[4.32487,50.85623],[4.32482,50.85615],[4.32465,50.85591],[4.32461,50.85585],[4.32459,50.85582],[4.32455,50.85576],[4.32453,50.85574],[4.32445,50.85563],[4.32443,50.85561],[4.32436,50.8555],[4.32434,50.85547],[4.32425,50.85535],[4.32416,50.85521],[4.32404,50.85503],[4.32396,50.85488],[4.32385,50.8547],[4.32378,50.85458],[4.32327,50.85364],[4.32312,50.85335],[4.3228,50.85277],[4.32205,50.85138],[4.32196,50.85122],[4.32191,50.85111],[4.32187,50.851],[4.32183,50.85088],[4.3218,50.85078],[4.32179,50.8507],[4.32177,50.8506],[4.32176,50.8505],[4.32176,50.85041],[4.32176,50.8503],[4.32177,50.85016],[4.3218,50.84993],[4.32181,50.84986],[4.32181,50.84975],[4.3218,50.84966],[4.32178,50.84959],[4.32176,50.84953],[4.32173,50.84945],[4.32168,50.84935],[4.3216,50.8492],[4.32144,50.84892],[4.32128,50.84864],[4.32125,50.84858],[4.32123,50.84852],[4.32121,50.84848],[4.32119,50.8484],[4.32114,50.84826],[4.32112,50.84817],[4.32111,50.84809],[4.32111,50.84802],[4.32111,50.84795],[4.32112,50.84788],[4.32113,50.84782],[4.32115,50.84776],[4.32117,50.84769],[4.32121,50.84762],[4.32125,50.84755],[4.32131,50.84747],[4.32138,50.84739],[4.32144,50.84732],[4.32152,50.84726],[4.32162,50.84718],[4.32168,50.84714],[4.32246,50.84659],[4.32271,50.84641],[4.32316,50.84608],[4.32326,50.84602],[4.32345,50.84588],[4.32434,50.84526],[4.32468,50.84502],[4.32474,50.84498],[4.32497,50.84483],[4.32515,50.84471],[4.32531,50.84461],[4.32544,50.84454],[4.3256,50.84445],[4.3258,50.84435],[4.32608,50.84422],[4.32639,50.84407],[4.32655,50.84399],[4.32668,50.84393],[4.32712,50.84369],[4.32941,50.84242],[4.33008,50.84204],[4.33016,50.84199],[4.3303,50.8419],[4.3304,50.84184],[4.33047,50.84178],[4.33055,50.84171],[4.33063,50.84164],[4.33076,50.84149],[4.33146,50.84069],[4.33175,50.84036],[4.33181,50.8403],[4.33187,50.84024],[4.33192,50.84019],[4.332,50.84013],[4.33213,50.84003],[4.33261,50.83971],[4.33368,50.83899],[4.33381,50.83889],[4.33403,50.83873],[4.33432,50.83849],[4.3345,50.83837],[4.33463,50.83827],[4.33479,50.83817],[4.33488,50.83812],[4.33508,50.83801],[4.33559,50.83774],[4.3368,50.83712],[4.33716,50.83692],[4.3374,50.8368],[4.33767,50.83666],[4.33847,50.83626],[4.33884,50.83607],[4.339,50.83599],[4.33907,50.83595],[4.33926,50.83583],[4.33964,50.83557],[4.33973,50.83551],[4.33989,50.83541],[4.34005,50.83532],[4.34025,50.83522],[4.34057,50.83506],[4.34088,50.8349],[4.34126,50.83471],[4.34148,50.83459],[4.34166,50.8345],[4.34174,50.83446],[4.34185,50.83442],[4.34203,50.83435],[4.34223,50.83428],[4.34234,50.83423],[4.34248,50.83417],[4.34254,50.83415],[4.34346,50.83374],[4.34351,50.83371],[4.34376,50.8336],[4.3443,50.83335],[4.34438,50.83332],[4.34448,50.83328],[4.34461,50.83324],[4.34469,50.83322],[4.34485,50.83319],[4.345,50.83317],[4.34527,50.83313],[4.34555,50.83309],[4.34594,50.83305],[4.34627,50.83303],[4.34646,50.83303],[4.34677,50.83303],[4.34715,50.83304],[4.34729,50.83304],[4.34755,50.83306],[4.34772,50.83307],[4.34789,50.83309],[4.34806,50.83311],[4.34835,50.83316],[4.34922,50.83331],[4.34973,50.8334],[4.35006,50.83345],[4.35022,50.83348],[4.35042,50.83353],[4.35049,50.83354],[4.35069,50.8336],[4.35089,50.83366],[4.35112,50.83373],[4.3513,50.8338],[4.35163,50.83393],[4.35294,50.83448],[4.35344,50.83469],[4.35355,50.83473],[4.35394,50.83489],[4.35462,50.83518],[4.35518,50.83541],[4.35539,50.83549],[4.35574,50.83562],[4.35625,50.83581],[4.3566,50.83594],[4.35694,50.83609],[4.35728,50.83624],[4.3576,50.83638],[4.35799,50.83658],[4.35827,50.83671],[4.35864,50.83688],[4.35896,50.83702],[4.36042,50.83764],[4.3617,50.83819],[4.36236,50.83846],[4.36257,50.83855],[4.36292,50.83871],[4.36335,50.83892],[4.36576,50.84015],[4.36587,50.84021],[4.36597,50.84027],[4.36603,50.84032],[4.36611,50.84038],[4.36618,50.84045],[4.36625,50.84054],[4.36627,50.84057],[4.36631,50.84064],[4.36636,50.84072],[4.3665,50.841],[4.36788,50.84371],[4.36799,50.84394],[4.36817,50.84428],[4.36837,50.84464],[4.36852,50.84493],[4.36855,50.84498],[4.36886,50.84557],[4.36906,50.84595],[4.36927,50.84636],[4.36933,50.84647],[4.36938,50.8466],[4.36944,50.84676],[4.36947,50.84684],[4.36952,50.847],[4.36956,50.84713],[4.36959,50.84728],[4.3696,50.8474],[4.36962,50.84757],[4.36963,50.84774],[4.36963,50.84787],[4.36962,50.84805],[4.3696,50.84818],[4.36958,50.84832],[4.36954,50.84847],[4.36949,50.84869],[4.36917,50.84992],[4.36904,50.85042],[4.36899,50.85058],[4.3685,50.8525],[4.36847,50.85257],[4.36844,50.85266],[4.36841,50.85272],[4.36836,50.8528],[4.36831,50.85289],[4.36823,50.85298],[4.36817,50.85305],[4.36807,50.85313],[4.36798,50.8532],[4.36787,50.85328],[4.36775,50.85335],[4.36764,50.85341],[4.36751,50.85346],[4.36735,50.85352],[4.36728,50.85354],[4.36706,50.85361],[4.36644,50.85377],[4.36612,50.85386],[4.36529,50.8541],[4.36402,50.85446],[4.36384,50.85451],[4.36357,50.85459],[4.36343,50.85462],[4.3633,50.85465],[4.36318,50.85468],[4.36303,50.85471],[4.36282,50.85474],[4.36257,50.85477],[4.36234,50.8548],[4.362,50.85482],[4.36131,50.85486],[4.3611,50.85488],[4.36096,50.85489],[4.36088,50.8549],[4.36068,50.85493],[4.36049,50.85497],[4.36018,50.85504],[4.36003,50.85508],[4.35936,50.85527],[4.35841,50.85554],[4.35832,50.85556],[4.35651,50.85596],[4.35634,50.85601],[4.35611,50.85607],[4.35439,50.85655],[4.35391,50.85669],[4.35349,50.8568],[4.353,50.85692],[4.35252,50.85704],[4.3522,50.85711],[4.3512,50.85732],[4.34863,50.85787],[4.34836,50.85793],[4.34814,50.85798],[4.34781,50.85807],[4.34758,50.85813],[4.34736,50.85819],[4.34706,50.85829],[4.34495,50.85895],[4.34463,50.85904],[4.34429,50.85914],[4.34155,50.8599],[4.3413,50.85998],[4.34083,50.86012],[4.33949,50.86051],[4.33877,50.86072],[4.33818,50.86089],[4.33726,50.86114],[4.33631,50.86141],[4.3338,50.86214],[4.33267,50.86246],[4.33238,50.86255],[4.33212,50.86264],[4.33186,50.86273],[4.33074,50.86314]]}},{"type":"Feature","properties":{"ref":1,"line":"2","color":"ED6C23","mode":"metro","direction":1,"terminus":"SIMONIS"},"geometry":{"type":"LineString","coordinates":[[4.33142,50.86286],[4.33205,50.86263],[4.33224,50.86256],[4.33238,50.86252],[4.33276,50.86241],[4.33434,50.86195],[4.33629,50.86138],[4.33666,50.86128],[4.33747,50.86105],[4.33817,50.86086],[4.33875,50.8607],[4.33975,50.86041],[4.34077,50.86011],[4.34128,50.85995],[4.34151,50.85988],[4.34168,50.85984],[4.34443,50.85907],[4.34455,50.85903],[4.34467,50.859],[4.34471,50.85899],[4.34488,50.85894],[4.34704,50.85826],[4.34725,50.8582],[4.34733,50.85817],[4.34746,50.85813],[4.34779,50.85804],[4.34802,50.85798],[4.34822,50.85793],[4.34851,50.85787],[4.34866,50.85783],[4.3515,50.85722],[4.35229,50.85706],[4.35258,50.85699],[4.35307,50.85687],[4.35356,50.85675],[4.35393,50.85665],[4.35494,50.85637],[4.35612,50.85604],[4.35842,50.85541],[4.35937,50.85515],[4.35962,50.85509],[4.35978,50.85505],[4.35991,50.85502],[4.36011,50.85498],[4.36023,50.85496],[4.36044,50.85493],[4.36067,50.85489],[4.36102,50.85486],[4.36117,50.85484],[4.36161,50.85482],[4.36219,50.85478],[4.36241,50.85476],[4.36269,50.85473],[4.36277,50.85472],[4.36297,50.85469],[4.36317,50.85465],[4.36337,50.8546],[4.36362,50.85454],[4.36404,50.85442],[4.36556,50.85399],[4.36621,50.85381],[4.36647,50.85373],[4.36654,50.85371],[4.3666,50.8537],[4.36694,50.85361],[4.36701,50.85359],[4.3672,50.85354],[4.36732,50.8535],[4.36744,50.85346],[4.36749,50.85344],[4.36755,50.85341],[4.36765,50.85337],[4.36771,50.85333],[4.36774,50.85331],[4.36782,50.85327],[4.36791,50.85321],[4.36797,50.85317],[4.36805,50.8531],[4.36807,50.85308],[4.36808,50.85307],[4.3681,50.85306],[4.36811,50.85305],[4.36818,50.85298],[4.36824,50.8529],[4.36828,50.85285],[4.36831,50.8528],[4.36834,50.85275],[4.36837,50.85269],[4.3684,50.85263],[4.36843,50.85256],[4.36845,50.85248],[4.36848,50.85237],[4.36898,50.85047],[4.36917,50.84973],[4.36946,50.84863],[4.36951,50.84844],[4.36953,50.84831],[4.36955,50.8482],[4.36957,50.84808],[4.36958,50.84793],[4.36958,50.84781],[4.36958,50.84766],[4.36957,50.84753],[4.36956,50.8474],[4.36954,50.8473],[4.36952,50.84716],[4.36949,50.84706],[4.36946,50.84696],[4.36942,50.84681],[4.36937,50.84669],[4.36933,50.84658],[4.36927,50.84644],[4.3692,50.84631],[4.369,50.84592],[4.36874,50.84544],[4.3684,50.84478],[4.36812,50.84427],[4.36788,50.84381],[4.36776,50.84358],[4.36634,50.84079],[4.36634,50.84079],[4.3663,50.8407],[4.36624,50.8406],[4.3662,50.84055],[4.36615,50.84049],[4.36608,50.84041],[4.36604,50.84038],[4.36599,50.84034],[4.36593,50.8403],[4.36588,50.84026],[4.36576,50.8402],[4.36559,50.84011],[4.36338,50.83897],[4.36304,50.83881],[4.36269,50.83864],[4.36234,50.83849],[4.36124,50.83802],[4.36068,50.83779],[4.35893,50.83704],[4.35857,50.83688],[4.35822,50.83672],[4.35753,50.83639],[4.3572,50.83624],[4.35687,50.83609],[4.35653,50.83596],[4.35616,50.83582],[4.3556,50.83562],[4.3553,50.8355],[4.35424,50.83506],[4.3537,50.83484],[4.35305,50.83457],[4.35145,50.8339],[4.35135,50.83385],[4.35109,50.83376],[4.35098,50.83372],[4.35081,50.83366],[4.35062,50.83361],[4.35041,50.83355],[4.35029,50.83353],[4.34992,50.83346],[4.34857,50.83323],[4.34833,50.83319],[4.348,50.83314],[4.34788,50.83312],[4.3477,50.8331],[4.34751,50.83308],[4.34742,50.83308],[4.34723,50.83307],[4.34694,50.83308],[4.34687,50.83308],[4.34624,50.8331],[4.34619,50.8331],[4.34605,50.83311],[4.34589,50.83312],[4.34572,50.83314],[4.34524,50.8332],[4.34522,50.83321],[4.34495,50.83325],[4.34478,50.83328],[4.34473,50.83329],[4.3446,50.83332],[4.34449,50.83335],[4.34431,50.83342],[4.34398,50.83355],[4.34371,50.83366],[4.34348,50.83376],[4.34308,50.83394],[4.34236,50.83426],[4.34229,50.83429],[4.34213,50.83435],[4.34194,50.83442],[4.34185,50.83446],[4.34164,50.83456],[4.33976,50.83551],[4.33957,50.83561],[4.33919,50.83575],[4.3391,50.83579],[4.33901,50.83584],[4.33817,50.83627],[4.33702,50.83686],[4.33683,50.83696],[4.33659,50.83711],[4.33598,50.83749],[4.33559,50.83773],[4.33535,50.83787],[4.33493,50.8381],[4.33478,50.83818],[4.33467,50.83825],[4.33454,50.83835],[4.33422,50.83859],[4.33413,50.83864],[4.33238,50.83982],[4.33211,50.83999],[4.33194,50.84011],[4.33173,50.84026],[4.33166,50.84032],[4.33161,50.84037],[4.33157,50.84041],[4.33149,50.84049],[4.3312,50.84082],[4.33061,50.8415],[4.33051,50.84161],[4.33037,50.84175],[4.33026,50.84185],[4.33015,50.84193],[4.33005,50.842],[4.32983,50.84214],[4.32966,50.84224],[4.32955,50.8423],[4.32864,50.8428],[4.32817,50.84305],[4.32705,50.84363],[4.32655,50.8439],[4.32632,50.84401],[4.32629,50.84403],[4.32626,50.84404],[4.32617,50.84409],[4.32599,50.84417],[4.32563,50.84434],[4.32549,50.84441],[4.32533,50.8445],[4.32517,50.84459],[4.32502,50.84468],[4.32491,50.84476],[4.32486,50.84479],[4.32432,50.84516],[4.32368,50.8456],[4.32354,50.8457],[4.32333,50.84585],[4.32303,50.84607],[4.32292,50.84615],[4.32269,50.84632],[4.32167,50.84702],[4.3216,50.84707],[4.32153,50.84713],[4.32147,50.84717],[4.32142,50.84722],[4.32138,50.84725],[4.32134,50.8473],[4.32128,50.84737],[4.32123,50.84744],[4.32119,50.8475],[4.32115,50.84758],[4.32111,50.84766],[4.32109,50.84774],[4.32108,50.8478],[4.32107,50.84786],[4.32107,50.84792],[4.32107,50.84799],[4.32108,50.84806],[4.3211,50.84815],[4.32112,50.84823],[4.32114,50.8483],[4.3212,50.84848],[4.32123,50.84855],[4.32126,50.84859],[4.32149,50.84901],[4.32154,50.84911],[4.32164,50.84929],[4.32171,50.84941],[4.32173,50.84946],[4.32176,50.84953],[4.32179,50.8496],[4.32181,50.84967],[4.32182,50.84974],[4.32182,50.84979],[4.32182,50.84986],[4.32181,50.84994],[4.32179,50.85003],[4.32177,50.85008],[4.32168,50.85039],[4.32165,50.85052],[4.32162,50.85064],[4.32161,50.85074],[4.3216,50.85082],[4.3216,50.85097],[4.32161,50.85108],[4.32163,50.85119],[4.32165,50.85128],[4.32167,50.85132],[4.3217,50.85141],[4.32175,50.85154],[4.32183,50.85169],[4.32194,50.85189],[4.322,50.852],[4.32246,50.85285],[4.32277,50.85343],[4.32293,50.85371],[4.32316,50.85414],[4.32325,50.8543],[4.32331,50.85441],[4.32337,50.85451],[4.32344,50.85462],[4.32354,50.85476],[4.3236,50.85484],[4.3237,50.85497],[4.32384,50.85514],[4.32422,50.85557],[4.32428,50.85564],[4.32441,50.85579],[4.32446,50.85585],[4.32451,50.85592],[4.32456,50.85599],[4.32463,50.85608],[4.32469,50.85618],[4.32476,50.8563],[4.32486,50.85648],[4.32522,50.85712],[4.32535,50.85735],[4.32542,50.85748],[4.32545,50.85753],[4.32546,50.85754],[4.32556,50.85769],[4.32564,50.8578],[4.32566,50.85782],[4.32571,50.8579],[4.32574,50.85793],[4.32578,50.85799],[4.3258,50.85801],[4.32583,50.85807],[4.32585,50.85809],[4.32588,50.85814],[4.32591,50.85818],[4.32597,50.85827],[4.32608,50.85845],[4.32642,50.85907],[4.32651,50.85922],[4.32658,50.85933],[4.3267,50.85951],[4.32672,50.85954],[4.3268,50.85964],[4.32695,50.85983],[4.32697,50.85986],[4.32738,50.86036],[4.32772,50.86078],[4.32783,50.86091],[4.3279,50.86099],[4.32797,50.86106],[4.32805,50.86115],[4.32815,50.86125],[4.32827,50.86135],[4.32829,50.86137],[4.3283,50.86138],[4.3284,50.86146],[4.32918,50.86215],[4.32924,50.8622],[4.32925,50.86222],[4.32932,50.86227],[4.32935,50.86231],[4.32945,50.86241],[4.32954,50.86252],[4.32965,50.86263],[4.32973,50.86271],[4.32984,50.86281],[4.33,50.86294],[4.33085,50.86364]]}},{"type":"Feature","properties":{"ref":2,"line":"5","color":"F6A90B","mode":"metro","direction":0,"terminus":"HERRMANN-DEBROUX"},"geometry":{"type":"LineString","coordinates":[[4.26733,50.81522],[4.26799,50.81527],[4.26842,50.8153],[4.26861,50.81532],[4.26896,50.81536],[4.26928,50.81539],[4.26982,50.81545],[4.27019,50.81548],[4.27063,50.81552],[4.27086,50.81554],[4.27239,50.81565],[4.27273,50.81568],[4.27302,50.81571],[4.27332,50.81574],[4.27369,50.81579],[4.27401,50.81583],[4.27434,50.81589],[4.27454,50.81592],[4.27487,50.81597],[4.27508,50.81601],[4.27537,50.81607],[4.27573,50.81615],[4.27606,50.81623],[4.27629,50.81628],[4.27658,50.81635],[4.27672,50.81639],[4.27677,50.81641],[4.27778,50.81668],[4.27801,50.81674],[4.27814,50.81677],[4.27826,50.81679],[4.27841,50.81682],[4.27858,50.81684],[4.27874,50.81686],[4.27891,50.81687],[4.27907,50.81687],[4.27926,50.81687],[4.27945,50.81686],[4.27961,50.81685],[4.27977,50.81683],[4.27993,50.81681],[4.28012,50.81678],[4.28042,50.81672],[4.28148,50.81652],[4.28155,50.8165],[4.28174,50.81647],[4.28196,50.81643],[4.28225,50.8164],[4.28346,50.81626],[4.28439,50.81617],[4.28476,50.81613],[4.28501,50.8161],[4.28524,50.81607],[4.2854,50.81604],[4.28562,50.816],[4.28584,50.81596],[4.28615,50.81589],[4.28644,50.81582],[4.28656,50.81579],[4.2867,50.81576],[4.28685,50.81574],[4.28699,50.81572],[4.28711,50.81572],[4.28722,50.81571],[4.28739,50.81571],[4.28752,50.81571],[4.28766,50.81572],[4.2878,50.81573],[4.28795,50.81575],[4.28811,50.81578],[4.28823,50.81581],[4.28836,50.81584],[4.28853,50.81589],[4.28876,50.81597],[4.29004,50.81639],[4.2902,50.81645],[4.29024,50.81646],[4.29035,50.8165],[4.29048,50.81656],[4.29056,50.8166],[4.29065,50.81664],[4.29078,50.81671],[4.29086,50.81676],[4.29095,50.81682],[4.29104,50.81688],[4.29113,50.81695],[4.29121,50.81703],[4.29129,50.8171],[4.29135,50.81717],[4.29143,50.81727],[4.29151,50.81738],[4.29161,50.81753],[4.29251,50.81894],[4.29263,50.81911],[4.29277,50.81931],[4.29291,50.81951],[4.293,50.81964],[4.29301,50.81965],[4.29306,50.81973],[4.29404,50.82126],[4.29418,50.82148],[4.2943,50.82168],[4.29439,50.82184],[4.29449,50.822],[4.29462,50.82221],[4.29573,50.82389],[4.29579,50.82399],[4.29588,50.82411],[4.29593,50.82417],[4.29602,50.82428],[4.29608,50.82434],[4.29614,50.82439],[4.29622,50.82444],[4.29631,50.82451],[4.2964,50.82457],[4.29654,50.82464],[4.2966,50.82467],[4.29663,50.82469],[4.29763,50.82516],[4.29764,50.82517],[4.29766,50.82518],[4.29775,50.82522],[4.29782,50.82527],[4.2979,50.82532],[4.29797,50.82537],[4.29803,50.82543],[4.29809,50.82549],[4.29816,50.82556],[4.2982,50.82562],[4.29824,50.82568],[4.29828,50.82575],[4.2983,50.82582],[4.29833,50.82589],[4.29835,50.826],[4.29836,50.8261],[4.29837,50.82622],[4.29837,50.8263],[4.29836,50.82638],[4.29835,50.82651],[4.29834,50.82656],[4.29834,50.8266],[4.29836,50.82685],[4.29837,50.82695],[4.29838,50.82703],[4.29841,50.82713],[4.29843,50.82719],[4.29847,50.82727],[4.29852,50.82736],[4.29857,50.82743],[4.29858,50.82744],[4.29861,50.82749],[4.29866,50.82755],[4.29872,50.8276],[4.29878,50.82766],[4.29885,50.82772],[4.29893,50.82778],[4.29899,50.82782],[4.29926,50.82801],[4.29932,50.82805],[4.29937,50.82808],[4.29952,50.82816],[4.29958,50.82819],[4.29967,50.82825],[4.29968,50.82826],[4.29982,50.82835],[4.2999,50.82841],[4.29997,50.82847],[4.30001,50.8285],[4.30007,50.82855],[4.30012,50.8286],[4.30019,50.82867],[4.30027,50.82876],[4.30031,50.82881],[4.30035,50.82887],[4.3004,50.82896],[4.30044,50.82903],[4.30051,50.82916],[4.30073,50.82961],[4.30157,50.83131],[4.30179,50.83175],[4.30186,50.83188],[4.30191,50.83197],[4.30196,50.83207],[4.30203,50.83217],[4.30208,50.83225],[4.3021,50.83227],[4.30217,50.83236],[4.30226,50.83246],[4.30233,50.83254],[4.3024,50.83261],[4.30248,50.83268],[4.30257,50.83276],[4.30265,50.83282],[4.30273,50.83288],[4.30288,50.83299],[4.303,50.83307],[4.30322,50.8332],[4.30386,50.83361],[4.30388,50.83362],[4.30425,50.83385],[4.30439,50.83394],[4.30447,50.834],[4.30458,50.83408],[4.30469,50.83418],[4.30477,50.83425],[4.30483,50.83431],[4.30492,50.83441],[4.30504,50.83457],[4.30531,50.83493],[4.30567,50.8354],[4.30577,50.83552],[4.30586,50.83563],[4.30597,50.83575],[4.30605,50.83583],[4.30613,50.8359],[4.3062,50.83597],[4.30629,50.83604],[4.30637,50.8361],[4.30639,50.83611],[4.30649,50.83619],[4.3066,50.83626],[4.30674,50.83634],[4.30687,50.83642],[4.30869,50.83747],[4.31252,50.83967],[4.31288,50.83989],[4.31299,50.83995],[4.31324,50.84009],[4.31337,50.84016],[4.31345,50.8402],[4.31351,50.84024],[4.31354,50.84026],[4.31359,50.84028],[4.31366,50.84032],[4.31375,50.84037],[4.31382,50.84041],[4.31412,50.84057],[4.31419,50.84061],[4.31425,50.84064],[4.31429,50.84067],[4.3144,50.84073],[4.31445,50.84075],[4.31455,50.84081],[4.31468,50.84088],[4.31684,50.84213],[4.31694,50.84219],[4.317,50.84222],[4.31706,50.84228],[4.31733,50.84248],[4.31739,50.84252],[4.31746,50.84258],[4.31749,50.84261],[4.31752,50.84265],[4.31757,50.8427],[4.31761,50.84275],[4.31763,50.84279],[4.31764,50.8428],[4.31768,50.84287],[4.31771,50.84295],[4.31792,50.84342],[4.31817,50.84398],[4.31822,50.84411],[4.31832,50.84433],[4.31841,50.84451],[4.31849,50.84465],[4.31856,50.84476],[4.31864,50.84488],[4.31874,50.84503],[4.31881,50.84513],[4.31883,50.84515],[4.31886,50.8452],[4.31888,50.84522],[4.31895,50.84532],[4.31902,50.8454],[4.31908,50.84547],[4.31909,50.84547],[4.31922,50.84565],[4.31935,50.84583],[4.31949,50.84604],[4.31959,50.84624],[4.32002,50.84702],[4.32033,50.84758],[4.32065,50.84816],[4.3211,50.84898],[4.32126,50.84928],[4.32126,50.84929],[4.3213,50.84942],[4.32135,50.84955],[4.32139,50.84969],[4.32145,50.84989],[4.32148,50.85001],[4.32154,50.85025],[4.3216,50.85045],[4.32169,50.85079],[4.32174,50.85096],[4.3218,50.85113],[4.32184,50.85126],[4.32188,50.85135],[4.32192,50.85144],[4.32195,50.8515],[4.32204,50.85167],[4.32218,50.85192],[4.32264,50.85277],[4.32297,50.85339],[4.32361,50.85456],[4.32373,50.85477],[4.32382,50.85492],[4.32388,50.85503],[4.32395,50.85514],[4.32401,50.85523],[4.32403,50.85525],[4.3241,50.85533],[4.32422,50.85547],[4.3243,50.85556],[4.3244,50.85566],[4.32452,50.85579],[4.32476,50.85602],[4.32485,50.8561],[4.32491,50.85615],[4.32499,50.85622],[4.32501,50.85623],[4.32507,50.85628],[4.32513,50.85632],[4.32524,50.85639],[4.32536,50.85645],[4.32544,50.85648],[4.32553,50.85652],[4.32562,50.85656],[4.32572,50.85659],[4.32588,50.85663],[4.32599,50.85666],[4.32611,50.85668],[4.32622,50.8567],[4.32634,50.85671],[4.3265,50.85673],[4.32685,50.85675],[4.327,50.85676],[4.32711,50.85677],[4.32723,50.85677],[4.32745,50.85677],[4.32844,50.85677],[4.32866,50.85677],[4.32885,50.85678],[4.32904,50.85679],[4.32922,50.8568],[4.32939,50.85682],[4.32957,50.85684],[4.32988,50.85688],[4.3305,50.85696],[4.33069,50.85698],[4.33082,50.85699],[4.33092,50.857],[4.33105,50.85701],[4.33121,50.85703],[4.33132,50.85703],[4.33309,50.85712],[4.33314,50.85713],[4.33326,50.85713],[4.33343,50.85714],[4.33355,50.85714],[4.33367,50.85714],[4.33389,50.85714],[4.33405,50.85713],[4.33421,50.85713],[4.33434,50.85712],[4.3345,50.8571],[4.33467,50.85708],[4.33479,50.85707],[4.33487,50.85706],[4.33502,50.85703],[4.33516,50.85701],[4.33525,50.85699],[4.33535,50.85697],[4.33546,50.85694],[4.33557,50.85692],[4.33573,50.85687],[4.33582,50.85685],[4.33586,50.85684],[4.33598,50.8568],[4.33603,50.85678],[4.33616,50.85674],[4.33631,50.85668],[4.33633,50.85667],[4.33635,50.85667],[4.33645,50.85663],[4.33652,50.8566],[4.3366,50.85656],[4.33669,50.85652],[4.33678,50.85648],[4.33695,50.8564],[4.33824,50.85579],[4.34054,50.85471],[4.34086,50.85455],[4.34097,50.8545],[4.34103,50.85448],[4.34119,50.85441],[4.34133,50.85435],[4.34143,50.85432],[4.34155,50.85428],[4.34164,50.85425],[4.34184,50.85419],[4.34188,50.85418],[4.3419,50.85418],[4.34194,50.85417],[4.34199,50.85416],[4.34212,50.85413],[4.34228,50.8541],[4.34234,50.85409],[4.34244,50.85408],[4.34263,50.85405],[4.34279,50.85404],[4.34303,50.85401],[4.34579,50.85376],[4.34595,50.85375],[4.34607,50.85373],[4.34617,50.85371],[4.34624,50.8537],[4.34632,50.85368],[4.34641,50.85366],[4.34652,50.85362],[4.3466,50.85359],[4.34668,50.85354],[4.34673,50.85352],[4.34678,50.85349],[4.34683,50.85346],[4.3469,50.85341],[4.34696,50.85336],[4.34697,50.85334],[4.34702,50.8533],[4.34706,50.85325],[4.34709,50.85321],[4.34713,50.85316],[4.34721,50.85306],[4.34801,50.8519],[4.34819,50.85164],[4.34821,50.85162],[4.34827,50.85154],[4.34831,50.85149],[4.34835,50.85145],[4.34842,50.8514],[4.34847,50.85135],[4.34856,50.8513],[4.34863,50.85126],[4.3487,50.85122],[4.34877,50.85119],[4.34882,50.85117],[4.34886,50.85115],[4.34893,50.85113],[4.34903,50.8511],[4.34912,50.85108],[4.34919,50.85107],[4.34926,50.85106],[4.3494,50.85104],[4.34951,50.85103],[4.3498,50.851],[4.34997,50.85099],[4.35011,50.85097],[4.3502,50.85095],[4.3503,50.85093],[4.3504,50.85091],[4.35046,50.8509],[4.35053,50.85088],[4.35055,50.85088],[4.35065,50.85084],[4.35076,50.85081],[4.35079,50.85079],[4.35082,50.85079],[4.35083,50.85078],[4.35089,50.85076],[4.35097,50.85073],[4.35103,50.8507],[4.35112,50.85066],[4.35126,50.8506],[4.35138,50.85054],[4.35147,50.85049],[4.35149,50.85048],[4.35153,50.85046],[4.35157,50.85044],[4.35165,50.85039],[4.35171,50.85036],[4.3518,50.8503],[4.35186,50.85026],[4.35193,50.85021],[4.35203,50.85015],[4.35221,50.85002],[4.35229,50.84996],[4.35232,50.84994],[4.3524,50.84988],[4.35244,50.84985],[4.35249,50.84982],[4.35251,50.8498],[4.35262,50.84972],[4.35266,50.8497],[4.35278,50.84963],[4.35288,50.84957],[4.35292,50.84954],[4.35303,50.84949],[4.35306,50.84947],[4.35318,50.84942],[4.35322,50.8494],[4.35328,50.84937],[4.35335,50.84934],[4.35349,50.84928],[4.35388,50.84913],[4.35405,50.84906],[4.35419,50.84901],[4.35429,50.84897],[4.35442,50.84893],[4.35463,50.84887],[4.35465,50.84887],[4.35477,50.84884],[4.35487,50.84882],[4.35489,50.84881],[4.35494,50.8488],[4.35537,50.84871],[4.35549,50.84868],[4.35563,50.84865],[4.3557,50.84862],[4.35578,50.8486],[4.35586,50.84856],[4.35597,50.84851],[4.35609,50.84844],[4.35619,50.84838],[4.3571,50.84778],[4.35715,50.84775],[4.35715,50.84774],[4.35723,50.84769],[4.35729,50.84765],[4.35735,50.84761],[4.3575,50.84751],[4.35782,50.8473],[4.35792,50.84723],[4.35801,50.84716],[4.35809,50.8471],[4.35818,50.84703],[4.35823,50.84698],[4.35829,50.84691],[4.35835,50.84685],[4.35838,50.84682],[4.35851,50.84667],[4.35858,50.84658],[4.35878,50.84635],[4.35888,50.84622],[4.35897,50.84612],[4.35903,50.84606],[4.35908,50.84601],[4.35912,50.84598],[4.35916,50.84595],[4.3592,50.84591],[4.35923,50.84589],[4.3593,50.84584],[4.35935,50.84581],[4.35939,50.84579],[4.35948,50.84574],[4.3595,50.84573],[4.35957,50.84569],[4.35963,50.84566],[4.3597,50.84563],[4.35975,50.84561],[4.35982,50.84559],[4.35989,50.84556],[4.35994,50.84555],[4.3601,50.8455],[4.36015,50.84549],[4.36027,50.84546],[4.36035,50.84545],[4.36047,50.84543],[4.36057,50.84542],[4.36067,50.84541],[4.36076,50.84541],[4.36085,50.8454],[4.36102,50.8454],[4.36114,50.84541],[4.36125,50.84542],[4.36135,50.84543],[4.36148,50.84545],[4.36163,50.84547],[4.36298,50.84569],[4.36369,50.8458],[4.36492,50.846],[4.36496,50.846],[4.3651,50.84602],[4.36526,50.84604],[4.36538,50.84605],[4.36547,50.84606],[4.36557,50.84606],[4.36569,50.84607],[4.36583,50.84607],[4.36597,50.84606],[4.36611,50.84605],[4.36623,50.84604],[4.36635,50.84602],[4.36648,50.846],[4.3666,50.84597],[4.36671,50.84595],[4.36686,50.84592],[4.3675,50.84578],[4.36777,50.84573],[4.36962,50.84533],[4.37198,50.84484],[4.37759,50.84365],[4.37983,50.84318],[4.38021,50.8431],[4.38058,50.84302],[4.38183,50.84276],[4.38251,50.84261],[4.38266,50.84258],[4.38317,50.84246],[4.38332,50.84242],[4.38496,50.84208],[4.38543,50.84198],[4.38631,50.84178],[4.38659,50.84172],[4.38699,50.84163],[4.38743,50.84153],[4.38772,50.84147],[4.39032,50.84095],[4.3915,50.84073],[4.39449,50.84013],[4.39471,50.84008],[4.39515,50.83998],[4.39543,50.83992],[4.39574,50.83987],[4.39618,50.83979],[4.39657,50.83972],[4.39817,50.83939],[4.39828,50.83936],[4.39846,50.83933],[4.3986,50.8393],[4.39894,50.83919],[4.3992,50.83906],[4.39945,50.83888],[4.39963,50.8387],[4.39968,50.83866],[4.3998,50.83851],[4.39997,50.83815],[4.40065,50.83636],[4.401,50.83543],[4.40112,50.83512],[4.40156,50.83392],[4.40186,50.83313],[4.40262,50.83111],[4.4032,50.82959],[4.40356,50.82861],[4.40369,50.82825],[4.40399,50.82746],[4.4044,50.82638],[4.40508,50.82451],[4.40538,50.82371],[4.40546,50.82344],[4.40551,50.82323],[4.40562,50.82269],[4.40566,50.82242],[4.40568,50.82221],[4.40566,50.82196],[4.40563,50.82183],[4.40538,50.82089],[4.40529,50.82056],[4.40525,50.82041],[4.40521,50.82026],[4.40513,50.82006],[4.40495,50.81972],[4.4047,50.81925],[4.40406,50.8182],[4.40397,50.81806],[4.40363,50.8175],[4.4036,50.81744],[4.40355,50.81735],[4.40353,50.81729],[4.40351,50.81724],[4.40348,50.81714],[4.40346,50.81703],[4.40346,50.81692],[4.40346,50.81681],[4.40348,50.8167],[4.40351,50.8166],[4.40355,50.81649],[4.4036,50.81639],[4.40366,50.81629],[4.40373,50.81619],[4.40381,50.81609],[4.40391,50.816],[4.40401,50.81591],[4.40412,50.81583],[4.40424,50.81576],[4.40436,50.81568],[4.4045,50.81562],[4.40464,50.81555],[4.40479,50.8155],[4.40494,50.81545],[4.4051,50.81541],[4.40526,50.81537],[4.40542,50.81534],[4.40554,50.81533],[4.40574,50.81531],[4.40599,50.81529],[4.40742,50.81523],[4.4079,50.8152],[4.40824,50.81519],[4.40876,50.81515],[4.40998,50.81505],[4.41071,50.81499],[4.41103,50.81497],[4.4114,50.81495],[4.41171,50.81493],[4.41203,50.81492],[4.41234,50.81491],[4.41252,50.8149],[4.41606,50.81482],[4.41633,50.81481],[4.41653,50.8148],[4.41669,50.81479],[4.41685,50.81478],[4.41702,50.81476],[4.41724,50.81473],[4.41745,50.8147],[4.41764,50.81466],[4.41775,50.81464],[4.41792,50.81461],[4.41807,50.81457],[4.41819,50.81454],[4.41831,50.81451],[4.41851,50.81445],[4.41869,50.81439],[4.41884,50.81433],[4.419,50.81428],[4.41919,50.8142],[4.41963,50.81402],[4.41965,50.81401],[4.41985,50.81393],[4.42,50.81387],[4.4201,50.81384],[4.42029,50.81377],[4.42049,50.81369],[4.42181,50.81323],[4.42192,50.81319],[4.42193,50.81319],[4.42211,50.81313],[4.4224,50.81304],[4.42262,50.81297],[4.42278,50.81292],[4.42402,50.81258],[4.42425,50.81251],[4.42434,50.81249],[4.42458,50.81243],[4.42473,50.8124],[4.42489,50.81236],[4.4251,50.81232],[4.42529,50.81229],[4.42543,50.81227],[4.42561,50.81224],[4.42581,50.81222],[4.42603,50.81219],[4.42638,50.81216],[4.42689,50.81211],[4.42709,50.81209],[4.42725,50.81209],[4.42736,50.81208],[4.42753,50.81208],[4.42768,50.81209],[4.42784,50.8121],[4.42802,50.81212],[4.42924,50.81224]]}},{"type":"Feature","properties":{"ref":2,"line":"5","color":"F6A90B","mode":"metro","direction":1,"terminus":"ERASME"},"geometry":{"type":"LineString","coordinates":[[4.4285,50.8122],[4.42812,50.81216],[4.4279,50.81213],[4.42773,50.81212],[4.42757,50.81211],[4.42742,50.81211],[4.42729,50.81211],[4.42711,50.81212],[4.42694,50.81214],[4.42668,50.81216],[4.42627,50.8122],[4.42603,50.81222],[4.42584,50.81224],[4.4256,50.81227],[4.42539,50.8123],[4.42522,50.81233],[4.42497,50.81237],[4.42479,50.81241],[4.42465,50.81244],[4.42451,50.81248],[4.4243,50.81253],[4.42396,50.81262],[4.42347,50.81276],[4.42276,50.81296],[4.42269,50.81298],[4.42265,50.81299],[4.42245,50.81305],[4.42224,50.81312],[4.42198,50.8132],[4.42176,50.81328],[4.42101,50.81354],[4.42042,50.81375],[4.42018,50.81384],[4.42011,50.81387],[4.41988,50.81395],[4.41971,50.81402],[4.41928,50.81419],[4.41926,50.8142],[4.41905,50.81429],[4.4189,50.81434],[4.41872,50.81441],[4.4186,50.81445],[4.41849,50.81448],[4.41834,50.81453],[4.41819,50.81457],[4.41799,50.81462],[4.41787,50.81465],[4.4177,50.81468],[4.41752,50.81471],[4.41733,50.81475],[4.4172,50.81477],[4.41697,50.81479],[4.41678,50.81481],[4.41661,50.81482],[4.41644,50.81484],[4.41627,50.81484],[4.41605,50.81485],[4.41239,50.81493],[4.41203,50.81495],[4.41167,50.81496],[4.41136,50.81498],[4.41096,50.815],[4.41065,50.81502],[4.40935,50.81513],[4.40873,50.81518],[4.40841,50.8152],[4.40797,50.81523],[4.40742,50.81526],[4.40595,50.81532],[4.40575,50.81534],[4.40566,50.81534],[4.40548,50.81536],[4.40531,50.81539],[4.40515,50.81542],[4.405,50.81546],[4.40484,50.81551],[4.4047,50.81556],[4.40455,50.81562],[4.40442,50.81568],[4.40429,50.81575],[4.40417,50.81583],[4.40406,50.81591],[4.40396,50.816],[4.40391,50.81605],[4.40382,50.81614],[4.40374,50.81623],[4.40367,50.81633],[4.40362,50.81644],[4.40357,50.81654],[4.40354,50.81665],[4.40351,50.81675],[4.4035,50.81686],[4.4035,50.81697],[4.40351,50.81708],[4.40354,50.81719],[4.40357,50.81728],[4.40362,50.81739],[4.40371,50.81756],[4.40377,50.81766],[4.40403,50.81808],[4.40441,50.81869],[4.40463,50.81905],[4.40472,50.8192],[4.40485,50.81943],[4.40501,50.81973],[4.40508,50.81985],[4.40514,50.81999],[4.40519,50.82008],[4.40526,50.82028],[4.40531,50.82043],[4.40562,50.82159],[4.40562,50.82161],[4.40567,50.8218],[4.4057,50.82195],[4.40572,50.82209],[4.40572,50.82221],[4.40571,50.82236],[4.4057,50.82244],[4.40568,50.82259],[4.40563,50.82286],[4.40558,50.82316],[4.40552,50.8234],[4.40548,50.82353],[4.40544,50.82366],[4.40535,50.82392],[4.40386,50.82793],[4.40377,50.82816],[4.4037,50.82837],[4.40366,50.82848],[4.40359,50.82868],[4.40346,50.82908],[4.40339,50.82927],[4.40315,50.82992],[4.40245,50.8318],[4.40244,50.83183],[4.40237,50.83199],[4.40232,50.83212],[4.40226,50.83225],[4.40213,50.83253],[4.40209,50.83263],[4.40202,50.8328],[4.40195,50.83295],[4.4019,50.83309],[4.40168,50.83369],[4.40008,50.838],[4.39994,50.83838],[4.39991,50.83844],[4.39985,50.83856],[4.39984,50.83859],[4.39978,50.83866],[4.39969,50.83877],[4.39965,50.83881],[4.3996,50.83885],[4.39948,50.83895],[4.39939,50.83901],[4.39925,50.8391],[4.39913,50.83916],[4.39901,50.83922],[4.39888,50.83926],[4.39874,50.83931],[4.39855,50.83936],[4.3977,50.83953],[4.3969,50.8397],[4.39642,50.83979],[4.3959,50.83988],[4.39519,50.84001],[4.39466,50.84012],[4.39414,50.84023],[4.39126,50.8408],[4.39025,50.84099],[4.38771,50.8415],[4.38705,50.84164],[4.38662,50.84174],[4.38586,50.84191],[4.38566,50.84196],[4.38541,50.84202],[4.38507,50.84211],[4.38499,50.84213],[4.38484,50.84217],[4.38463,50.84222],[4.38425,50.8423],[4.38316,50.84253],[4.38265,50.84262],[4.38246,50.84266],[4.38234,50.84268],[4.38097,50.84297],[4.38062,50.84305],[4.38007,50.84316],[4.37981,50.84322],[4.37708,50.84379],[4.37141,50.84499],[4.36912,50.84547],[4.36804,50.8457],[4.36764,50.84578],[4.3668,50.84596],[4.36658,50.84601],[4.36653,50.84602],[4.36642,50.84604],[4.36634,50.84605],[4.36619,50.84607],[4.36611,50.84608],[4.36599,50.84609],[4.36587,50.84609],[4.36574,50.8461],[4.36561,50.84609],[4.3655,50.84609],[4.36537,50.84608],[4.36526,50.84607],[4.3651,50.84605],[4.36498,50.84603],[4.36405,50.84589],[4.36243,50.84563],[4.36168,50.84551],[4.36153,50.84548],[4.36134,50.84546],[4.3612,50.84545],[4.36108,50.84544],[4.36096,50.84544],[4.36082,50.84544],[4.36068,50.84544],[4.36057,50.84545],[4.36041,50.84547],[4.3603,50.84549],[4.36017,50.84552],[4.36008,50.84554],[4.35996,50.84557],[4.35988,50.8456],[4.35976,50.84564],[4.35966,50.84569],[4.35957,50.84573],[4.35947,50.84578],[4.3594,50.84582],[4.35931,50.84588],[4.35923,50.84594],[4.35915,50.846],[4.35913,50.84602],[4.35911,50.84603],[4.3591,50.84604],[4.35909,50.84605],[4.35908,50.84607],[4.35903,50.84612],[4.35896,50.84619],[4.35883,50.84634],[4.35855,50.84668],[4.35837,50.8469],[4.35831,50.84697],[4.35825,50.84703],[4.35818,50.84709],[4.35813,50.84713],[4.3581,50.84716],[4.35803,50.84721],[4.358,50.84722],[4.35755,50.84752],[4.35741,50.84761],[4.35722,50.84774],[4.35714,50.84779],[4.35671,50.84808],[4.35621,50.84841],[4.35608,50.84849],[4.35599,50.84854],[4.35591,50.84858],[4.35583,50.84862],[4.35579,50.84863],[4.3557,50.84866],[4.35561,50.84869],[4.3555,50.84871],[4.35542,50.84873],[4.35504,50.84881],[4.35488,50.84885],[4.35475,50.84888],[4.35464,50.84891],[4.35461,50.84891],[4.35459,50.84892],[4.3545,50.84894],[4.35445,50.84896],[4.35439,50.84897],[4.35427,50.84902],[4.35416,50.84905],[4.35404,50.8491],[4.35396,50.84913],[4.35376,50.84921],[4.35358,50.84928],[4.35347,50.84933],[4.35334,50.84938],[4.35331,50.84939],[4.35321,50.84944],[4.35306,50.84951],[4.35295,50.84957],[4.35288,50.84961],[4.3528,50.84965],[4.35267,50.84974],[4.35259,50.84979],[4.35246,50.84988],[4.3524,50.84993],[4.35236,50.84995],[4.35227,50.85002],[4.35225,50.85003],[4.35217,50.8501],[4.35211,50.85013],[4.35206,50.85017],[4.352,50.85021],[4.35193,50.85026],[4.35188,50.85029],[4.35178,50.85036],[4.35174,50.85038],[4.35161,50.85046],[4.35158,50.85048],[4.35149,50.85052],[4.35145,50.85054],[4.3514,50.85057],[4.35122,50.85066],[4.35117,50.85068],[4.35108,50.85072],[4.35098,50.85076],[4.35086,50.85081],[4.35078,50.85084],[4.35069,50.85086],[4.35061,50.85089],[4.35052,50.85092],[4.35044,50.85093],[4.35043,50.85094],[4.3503,50.85096],[4.35018,50.85099],[4.35004,50.85101],[4.34991,50.85102],[4.34974,50.85104],[4.34949,50.85106],[4.34935,50.85108],[4.34923,50.85109],[4.34915,50.85111],[4.34909,50.85112],[4.34902,50.85114],[4.34894,50.85116],[4.34887,50.85119],[4.3488,50.85122],[4.3487,50.85126],[4.34865,50.85129],[4.34858,50.85133],[4.34851,50.85137],[4.34845,50.85142],[4.3484,50.85147],[4.34834,50.85152],[4.3483,50.85158],[4.34826,50.85162],[4.3482,50.8517],[4.34816,50.85176],[4.34815,50.85177],[4.34775,50.85235],[4.34717,50.85318],[4.34715,50.85321],[4.3471,50.85327],[4.34706,50.85332],[4.34702,50.85336],[4.34695,50.85342],[4.34689,50.85347],[4.34687,50.85348],[4.34682,50.85351],[4.34676,50.85355],[4.3467,50.85358],[4.34662,50.85361],[4.34658,50.85363],[4.34651,50.85366],[4.34642,50.85368],[4.34633,50.85371],[4.34626,50.85373],[4.34615,50.85375],[4.34608,50.85376],[4.34599,50.85377],[4.34586,50.85378],[4.34297,50.85405],[4.34276,50.85407],[4.3426,50.85408],[4.34246,50.8541],[4.34238,50.85412],[4.34229,50.85413],[4.34214,50.85416],[4.34202,50.85418],[4.34192,50.85421],[4.34191,50.85421],[4.34183,50.85423],[4.34181,50.85423],[4.34171,50.85426],[4.34166,50.85428],[4.34156,50.85431],[4.34144,50.85435],[4.34133,50.85439],[4.34122,50.85443],[4.34115,50.85446],[4.34104,50.85451],[4.34094,50.85455],[4.34082,50.85461],[4.34006,50.85497],[4.33777,50.85605],[4.33692,50.85645],[4.33682,50.8565],[4.3367,50.85655],[4.33661,50.85659],[4.33657,50.85661],[4.33649,50.85664],[4.3364,50.85668],[4.33634,50.8567],[4.33631,50.85672],[4.33624,50.85674],[4.33619,50.85676],[4.33612,50.85678],[4.33607,50.8568],[4.33601,50.85682],[4.3359,50.85686],[4.33574,50.8569],[4.33564,50.85693],[4.33562,50.85693],[4.33558,50.85695],[4.33556,50.85695],[4.33554,50.85696],[4.33551,50.85696],[4.33545,50.85698],[4.33543,50.85698],[4.33526,50.85702],[4.33513,50.85704],[4.33498,50.85707],[4.33483,50.85709],[4.33466,50.85712],[4.33453,50.85713],[4.33441,50.85714],[4.33429,50.85715],[4.33415,50.85716],[4.33403,50.85717],[4.33392,50.85717],[4.33383,50.85717],[4.33357,50.85717],[4.33336,50.85716],[4.33314,50.85715],[4.33202,50.8571],[4.33124,50.85706],[4.33101,50.85704],[4.33083,50.85703],[4.33065,50.85701],[4.33043,50.85698],[4.32974,50.85689],[4.32952,50.85687],[4.32935,50.85685],[4.32921,50.85684],[4.32906,50.85683],[4.32892,50.85682],[4.32879,50.85681],[4.32865,50.85681],[4.3285,50.85681],[4.32834,50.85681],[4.32723,50.8568],[4.32707,50.8568],[4.32688,50.85679],[4.32664,50.85677],[4.32643,50.85675],[4.32629,50.85674],[4.32617,50.85672],[4.32604,50.8567],[4.32592,50.85668],[4.32584,50.85666],[4.32577,50.85664],[4.32567,50.85661],[4.32557,50.85658],[4.32548,50.85654],[4.3254,50.85651],[4.32539,50.8565],[4.32537,50.8565],[4.32527,50.85645],[4.32519,50.85641],[4.3251,50.85635],[4.32504,50.85631],[4.32498,50.85626],[4.32496,50.85625],[4.32488,50.85619],[4.3248,50.85612],[4.32469,50.85602],[4.32468,50.856],[4.32444,50.85577],[4.32443,50.85576],[4.32436,50.85569],[4.32428,50.85562],[4.32416,50.85548],[4.32404,50.85534],[4.32397,50.85525],[4.3239,50.85516],[4.32386,50.85509],[4.32377,50.85496],[4.32368,50.8548],[4.32355,50.85456],[4.32276,50.85311],[4.32267,50.85295],[4.32264,50.85289],[4.32235,50.85234],[4.32212,50.85193],[4.32205,50.8518],[4.32196,50.85164],[4.32192,50.85154],[4.32185,50.85139],[4.3218,50.85127],[4.32174,50.85111],[4.32168,50.8509],[4.32164,50.85077],[4.32155,50.85045],[4.32149,50.85025],[4.32147,50.85019],[4.32143,50.85008],[4.32137,50.84994],[4.32132,50.84982],[4.32126,50.84969],[4.32116,50.84947],[4.32105,50.84926],[4.32067,50.84858],[4.32062,50.8485],[4.32029,50.84789],[4.3202,50.84772],[4.32013,50.84759],[4.32006,50.84743],[4.31997,50.84723],[4.3199,50.84707],[4.31982,50.8469],[4.31972,50.8467],[4.31965,50.84658],[4.31938,50.84609],[4.31926,50.84587],[4.31915,50.84569],[4.31911,50.84564],[4.31904,50.84552],[4.31891,50.84533],[4.31882,50.84521],[4.3188,50.84518],[4.31878,50.84515],[4.31874,50.8451],[4.31872,50.84508],[4.31863,50.84493],[4.31855,50.84481],[4.31846,50.84467],[4.31834,50.84447],[4.31828,50.84434],[4.3182,50.84417],[4.31803,50.84378],[4.31794,50.84356],[4.31778,50.84322],[4.31772,50.84308],[4.31767,50.84299],[4.31762,50.8429],[4.31759,50.84287],[4.31757,50.84284],[4.31752,50.84277],[4.31746,50.8427],[4.31741,50.84265],[4.31736,50.84261],[4.3173,50.84255],[4.31723,50.84248],[4.31716,50.84243],[4.3171,50.84239],[4.31702,50.84233],[4.31692,50.84227],[4.31687,50.84224],[4.31679,50.84219],[4.31533,50.84135],[4.31506,50.84119],[4.31501,50.84117],[4.31496,50.84114],[4.3148,50.84105],[4.31463,50.84094],[4.31454,50.84089],[4.3145,50.84087],[4.31442,50.84082],[4.31434,50.84078],[4.31425,50.84072],[4.31415,50.84066],[4.31409,50.84063],[4.31395,50.84054],[4.31388,50.8405],[4.31375,50.84043],[4.31359,50.84033],[4.31346,50.84025],[4.31208,50.83946],[4.30821,50.83723],[4.30681,50.83643],[4.3067,50.83636],[4.30657,50.83628],[4.30646,50.83621],[4.30639,50.83616],[4.30629,50.83608],[4.30626,50.83606],[4.30617,50.83599],[4.30611,50.83594],[4.3061,50.83593],[4.30607,50.8359],[4.306,50.83583],[4.30591,50.83574],[4.30584,50.83567],[4.30578,50.83559],[4.3057,50.83549],[4.30561,50.83537],[4.30505,50.83465],[4.30502,50.8346],[4.3049,50.83445],[4.3048,50.83434],[4.30472,50.83426],[4.30464,50.83418],[4.30455,50.8341],[4.3045,50.83407],[4.30448,50.83405],[4.3044,50.83399],[4.30428,50.83392],[4.30413,50.83382],[4.30308,50.83316],[4.3029,50.83305],[4.30281,50.83299],[4.30269,50.8329],[4.30262,50.83284],[4.30259,50.83282],[4.30248,50.83273],[4.30239,50.83265],[4.30234,50.83261],[4.30225,50.83251],[4.30218,50.83244],[4.30214,50.83239],[4.30207,50.8323],[4.30201,50.83221],[4.30196,50.83214],[4.3019,50.83205],[4.30184,50.83194],[4.30176,50.83179],[4.30135,50.83095],[4.30094,50.83012],[4.30058,50.82939],[4.30049,50.82921],[4.30043,50.82911],[4.30039,50.82903],[4.30034,50.82895],[4.30031,50.82892],[4.30025,50.82885],[4.30019,50.82878],[4.30015,50.82873],[4.30008,50.82867],[4.30001,50.82861],[4.29997,50.82858],[4.2999,50.82852],[4.29988,50.82851],[4.29983,50.82847],[4.2998,50.82845],[4.29967,50.82836],[4.29947,50.82821],[4.29941,50.82817],[4.29933,50.82811],[4.29915,50.82795],[4.29907,50.82788],[4.29899,50.82782],[4.29893,50.82778],[4.29885,50.82772],[4.29878,50.82766],[4.29872,50.8276],[4.29866,50.82755],[4.29861,50.82749],[4.29858,50.82744],[4.29857,50.82743],[4.29852,50.82736],[4.29847,50.82727],[4.29843,50.82719],[4.29841,50.82713],[4.29838,50.82703],[4.29837,50.82695],[4.29836,50.82685],[4.29835,50.82676],[4.29833,50.82668],[4.29828,50.82648],[4.29826,50.82638],[4.29826,50.82635],[4.29824,50.826],[4.29823,50.82588],[4.29821,50.8258],[4.29819,50.82575],[4.29817,50.82569],[4.29813,50.82562],[4.2981,50.82557],[4.29805,50.82551],[4.29801,50.82547],[4.29794,50.8254],[4.2979,50.82536],[4.29782,50.82531],[4.29773,50.82525],[4.29764,50.8252],[4.2975,50.82513],[4.29708,50.82493],[4.29654,50.82468],[4.29641,50.82461],[4.29633,50.82456],[4.29625,50.82451],[4.29617,50.82446],[4.29612,50.82442],[4.29605,50.82436],[4.296,50.82431],[4.29593,50.82424],[4.29586,50.82415],[4.29577,50.82403],[4.2956,50.82377],[4.29545,50.82354],[4.29453,50.82215],[4.29441,50.82197],[4.29425,50.82176],[4.29419,50.82168],[4.29418,50.82166],[4.29407,50.82151],[4.29404,50.82146],[4.29398,50.82137],[4.29369,50.82092],[4.29289,50.81967],[4.2928,50.81952],[4.2927,50.81934],[4.29262,50.8192],[4.29256,50.8191],[4.2925,50.819],[4.2924,50.81884],[4.29161,50.81761],[4.2915,50.81745],[4.29142,50.81735],[4.29136,50.81728],[4.29129,50.81721],[4.29123,50.81714],[4.29117,50.81709],[4.29111,50.81704],[4.29108,50.81702],[4.29106,50.81701],[4.29098,50.81694],[4.2909,50.81689],[4.2908,50.81683],[4.29071,50.81678],[4.29064,50.81674],[4.29056,50.8167],[4.29045,50.81665],[4.29033,50.81659],[4.29015,50.81653],[4.28998,50.81647],[4.28905,50.81616],[4.28831,50.81592],[4.28815,50.81587],[4.28802,50.81583],[4.28793,50.81581],[4.28782,50.81579],[4.28771,50.81578],[4.28761,50.81576],[4.28749,50.81575],[4.28738,50.81575],[4.28727,50.81575],[4.28712,50.81575],[4.28698,50.81576],[4.28684,50.81577],[4.28671,50.81579],[4.28654,50.81582],[4.28636,50.81587],[4.28601,50.81595],[4.28582,50.81599],[4.2856,50.81603],[4.28536,50.81608],[4.28518,50.8161],[4.28508,50.81612],[4.28484,50.81615],[4.28379,50.81626],[4.28356,50.81628],[4.28333,50.81631],[4.28278,50.81638],[4.28257,50.81641],[4.28231,50.81645],[4.28209,50.81649],[4.28186,50.81653],[4.28152,50.81659],[4.28061,50.81677],[4.28028,50.81683],[4.28002,50.81688],[4.27984,50.8169],[4.27969,50.81692],[4.27953,50.81693],[4.27939,50.81694],[4.27922,50.81694],[4.27908,50.81694],[4.27895,50.81694],[4.27881,50.81692],[4.27871,50.81691],[4.27862,50.8169],[4.27847,50.81688],[4.2783,50.81685],[4.27813,50.81681],[4.27792,50.81675],[4.27667,50.81641],[4.27651,50.81637],[4.27615,50.81628],[4.27597,50.81623],[4.27575,50.81618],[4.27546,50.81612],[4.27511,50.81605],[4.27477,50.81598],[4.27452,50.81594],[4.27422,50.81589],[4.27388,50.81585],[4.27345,50.81579],[4.27313,50.81575],[4.27284,50.81572],[4.27264,50.8157],[4.2724,50.81568],[4.27009,50.81551],[4.26999,50.8155],[4.26988,50.81549],[4.26967,50.81546],[4.26948,50.81542],[4.26936,50.8154],[4.26928,50.81539],[4.26896,50.81536],[4.26861,50.81532],[4.26842,50.8153],[4.26799,50.81527],[4.26733,50.81522]]}},{"type":"Feature","properties":{"ref":3,"line":"6","color":"0066A3","mode":"metro","direction":0,"terminus":"ELISABETH"},"geometry":{"type":"LineString","coordinates":[[4.32796,50.89646],[4.32898,50.89666],[4.32929,50.89673],[4.32951,50.89677],[4.32971,50.89682],[4.33047,50.89701],[4.33083,50.89709],[4.3324,50.89747],[4.33258,50.89751],[4.33279,50.89756],[4.33294,50.89759],[4.33306,50.8976],[4.33315,50.89761],[4.33327,50.89762],[4.3334,50.89763],[4.33353,50.89764],[4.33369,50.89764],[4.33383,50.89763],[4.33394,50.89762],[4.33406,50.89761],[4.33419,50.89759],[4.33432,50.89757],[4.33444,50.89754],[4.3345,50.89753],[4.33462,50.89749],[4.33468,50.89748],[4.33472,50.89747],[4.33485,50.89743],[4.33505,50.89736],[4.33552,50.8972],[4.3369,50.89672],[4.3371,50.89665],[4.33723,50.89659],[4.33736,50.89655],[4.33747,50.8965],[4.33761,50.89644],[4.3378,50.89635],[4.33785,50.89633],[4.33806,50.89623],[4.33806,50.89623],[4.33834,50.8961],[4.33852,50.89601],[4.33863,50.89596],[4.33872,50.8959],[4.33882,50.89584],[4.33891,50.89578],[4.33899,50.89571],[4.33908,50.89564],[4.33912,50.8956],[4.33918,50.89554],[4.33925,50.89547],[4.3393,50.8954],[4.33933,50.89535],[4.33936,50.89531],[4.33939,50.89525],[4.33943,50.89518],[4.33946,50.89511],[4.33949,50.89503],[4.33951,50.89496],[4.33953,50.89487],[4.33954,50.89479],[4.33955,50.89472],[4.33955,50.89462],[4.33954,50.89455],[4.33953,50.89447],[4.3395,50.89438],[4.33948,50.89432],[4.33945,50.89425],[4.33942,50.89419],[4.33938,50.89411],[4.33933,50.89404],[4.33928,50.89397],[4.33923,50.8939],[4.33917,50.89384],[4.33912,50.89378],[4.33903,50.8937],[4.33902,50.89369],[4.33901,50.89368],[4.33806,50.89287],[4.33795,50.89277],[4.33782,50.89266],[4.33771,50.89256],[4.3377,50.89255],[4.33763,50.89248],[4.33761,50.89247],[4.33751,50.89238],[4.3375,50.89236],[4.33743,50.8923],[4.33742,50.89229],[4.33735,50.89221],[4.33719,50.89206],[4.33711,50.89197],[4.33703,50.89188],[4.33699,50.89182],[4.33691,50.89172],[4.33687,50.89164],[4.33683,50.89157],[4.3368,50.89148],[4.33677,50.89141],[4.33675,50.89134],[4.33673,50.89128],[4.33672,50.89118],[4.33671,50.89109],[4.33671,50.89097],[4.33672,50.89088],[4.33674,50.8908],[4.33676,50.89072],[4.33678,50.89066],[4.3368,50.89061],[4.33682,50.89055],[4.33687,50.89046],[4.33691,50.89039],[4.33698,50.89028],[4.33705,50.8902],[4.33712,50.89011],[4.3372,50.89004],[4.33728,50.88996],[4.33739,50.88987],[4.33746,50.88982],[4.33747,50.88981],[4.33774,50.8896],[4.33845,50.88903],[4.33857,50.88893],[4.33866,50.88884],[4.33875,50.88875],[4.33885,50.88865],[4.3389,50.8886],[4.33899,50.88852],[4.33903,50.88849],[4.33953,50.88809],[4.33991,50.88779],[4.34005,50.88767],[4.34023,50.88753],[4.34036,50.88743],[4.34037,50.88742],[4.34051,50.88732],[4.34063,50.88722],[4.34065,50.88721],[4.34067,50.88719],[4.34077,50.88711],[4.34094,50.88697],[4.34105,50.88689],[4.34107,50.88688],[4.34117,50.8868],[4.34126,50.88674],[4.34127,50.88672],[4.3414,50.88663],[4.3415,50.88656],[4.34162,50.88648],[4.34167,50.88645],[4.34175,50.88639],[4.34192,50.88627],[4.34205,50.88618],[4.34219,50.88607],[4.34233,50.88597],[4.34274,50.88564],[4.34331,50.88519],[4.34342,50.8851],[4.34348,50.88504],[4.34349,50.88503],[4.34356,50.88497],[4.34358,50.88495],[4.34366,50.88487],[4.34367,50.88486],[4.34376,50.88477],[4.34382,50.88472],[4.34383,50.88471],[4.34389,50.88465],[4.34394,50.8846],[4.34395,50.88459],[4.34396,50.88458],[4.34416,50.88442],[4.3443,50.8843],[4.34504,50.88372],[4.34504,50.88372],[4.34673,50.88237],[4.34677,50.88234],[4.34692,50.88222],[4.34701,50.88213],[4.3471,50.88205],[4.34717,50.88198],[4.34722,50.88192],[4.34728,50.88185],[4.34734,50.88178],[4.34744,50.88164],[4.3475,50.88154],[4.34755,50.88144],[4.34759,50.88134],[4.34762,50.88128],[4.34766,50.88117],[4.34768,50.88107],[4.34771,50.88094],[4.34774,50.88076],[4.34785,50.88007],[4.34799,50.87915],[4.34809,50.8785],[4.34811,50.87839],[4.34811,50.87832],[4.34811,50.87822],[4.3481,50.87814],[4.34808,50.87805],[4.34806,50.87798],[4.34805,50.87796],[4.34803,50.8779],[4.34799,50.87782],[4.34794,50.87773],[4.34791,50.8777],[4.34785,50.87762],[4.34778,50.87755],[4.34773,50.8775],[4.34772,50.87749],[4.34759,50.87738],[4.34747,50.87729],[4.34746,50.87728],[4.3468,50.87679],[4.34671,50.87672],[4.34669,50.87671],[4.34659,50.87663],[4.34658,50.87662],[4.34645,50.87652],[4.34642,50.87649],[4.34623,50.87634],[4.34603,50.87617],[4.34589,50.87604],[4.34577,50.87593],[4.34567,50.87585],[4.34566,50.87584],[4.34555,50.87573],[4.34528,50.87547],[4.34514,50.87534],[4.34505,50.87526],[4.34452,50.87478],[4.34438,50.87465],[4.34436,50.87464],[4.34435,50.87463],[4.34406,50.87438],[4.34314,50.87361],[4.34237,50.87298],[4.34194,50.87262],[4.3419,50.87259],[4.34025,50.87121],[4.33696,50.86847],[4.33608,50.86774],[4.33555,50.86729],[4.33522,50.86702],[4.33509,50.86692],[4.33492,50.86679],[4.33472,50.86663],[4.3347,50.86661],[4.33469,50.8666],[4.33119,50.86371],[4.33048,50.86312],[4.3297,50.86247],[4.32941,50.86223],[4.32932,50.86215],[4.32822,50.86119],[4.3281,50.86109],[4.32803,50.86102],[4.32794,50.86094],[4.32793,50.86093],[4.32785,50.86085],[4.32775,50.86074],[4.32765,50.86063],[4.32759,50.86055],[4.32713,50.86],[4.32696,50.85979],[4.32684,50.85963],[4.32677,50.85954],[4.32667,50.85939],[4.32657,50.85924],[4.32648,50.85907],[4.32524,50.85685],[4.32517,50.85672],[4.32513,50.85664],[4.32503,50.85647],[4.32487,50.85623],[4.32482,50.85615],[4.32465,50.85591],[4.32461,50.85585],[4.32459,50.85582],[4.32455,50.85576],[4.32453,50.85574],[4.32445,50.85563],[4.32443,50.85561],[4.32436,50.8555],[4.32434,50.85547],[4.32425,50.85535],[4.32416,50.85521],[4.32404,50.85503],[4.32396,50.85488],[4.32385,50.8547],[4.32378,50.85458],[4.32327,50.85364],[4.32312,50.85335],[4.3228,50.85277],[4.32205,50.85138],[4.32196,50.85122],[4.32191,50.85111],[4.32187,50.851],[4.32183,50.85088],[4.3218,50.85078],[4.32179,50.8507],[4.32177,50.8506],[4.32176,50.8505],[4.32176,50.85041],[4.32176,50.8503],[4.32177,50.85016],[4.3218,50.84993],[4.32181,50.84986],[4.32181,50.84975],[4.3218,50.84966],[4.32178,50.84959],[4.32176,50.84953],[4.32173,50.84945],[4.32168,50.84935],[4.3216,50.8492],[4.32144,50.84892],[4.32128,50.84864],[4.32125,50.84858],[4.32123,50.84852],[4.32121,50.84848],[4.32119,50.8484],[4.32114,50.84826],[4.32112,50.84817],[4.32111,50.84809],[4.32111,50.84802],[4.32111,50.84795],[4.32112,50.84788],[4.32113,50.84782],[4.32115,50.84776],[4.32117,50.84769],[4.32121,50.84762],[4.32125,50.84755],[4.32131,50.84747],[4.32138,50.84739],[4.32144,50.84732],[4.32152,50.84726],[4.32162,50.84718],[4.32168,50.84714],[4.32246,50.84659],[4.32271,50.84641],[4.32316,50.84608],[4.32326,50.84602],[4.32345,50.84588],[4.32434,50.84526],[4.32468,50.84502],[4.32474,50.84498],[4.32497,50.84483],[4.32515,50.84471],[4.32531,50.84461],[4.32544,50.84454],[4.3256,50.84445],[4.3258,50.84435],[4.32608,50.84422],[4.32639,50.84407],[4.32655,50.84399],[4.32668,50.84393],[4.32712,50.84369],[4.32941,50.84242],[4.33008,50.84204],[4.33016,50.84199],[4.3303,50.8419],[4.3304,50.84184],[4.33047,50.84178],[4.33055,50.84171],[4.33063,50.84164],[4.33076,50.84149],[4.33146,50.84069],[4.33175,50.84036],[4.33181,50.8403],[4.33187,50.84024],[4.33192,50.84019],[4.332,50.84013],[4.33213,50.84003],[4.33261,50.83971],[4.33368,50.83899],[4.33381,50.83889],[4.33403,50.83873],[4.33432,50.83849],[4.3345,50.83837],[4.33463,50.83827],[4.33479,50.83817],[4.33488,50.83812],[4.33508,50.83801],[4.33559,50.83774],[4.3368,50.83712],[4.33716,50.83692],[4.3374,50.8368],[4.33767,50.83666],[4.33847,50.83626],[4.33884,50.83607],[4.339,50.83599],[4.33907,50.83595],[4.33926,50.83583],[4.33964,50.83557],[4.33973,50.83551],[4.33989,50.83541],[4.34005,50.83532],[4.34025,50.83522],[4.34057,50.83506],[4.34088,50.8349],[4.34126,50.83471],[4.34148,50.83459],[4.34166,50.8345],[4.34174,50.83446],[4.34185,50.83442],[4.34203,50.83435],[4.34223,50.83428],[4.34234,50.83423],[4.34248,50.83417],[4.34254,50.83415],[4.34346,50.83374],[4.34351,50.83371],[4.34376,50.8336],[4.3443,50.83335],[4.34438,50.83332],[4.34448,50.83328],[4.34461,50.83324],[4.34469,50.83322],[4.34485,50.83319],[4.345,50.83317],[4.34527,50.83313],[4.34555,50.83309],[4.34594,50.83305],[4.34627,50.83303],[4.34646,50.83303],[4.34677,50.83303],[4.34715,50.83304],[4.34729,50.83304],[4.34755,50.83306],[4.34772,50.83307],[4.34789,50.83309],[4.34806,50.83311],[4.34835,50.83316],[4.34922,50.83331],[4.34973,50.8334],[4.35006,50.83345],[4.35022,50.83348],[4.35042,50.83353],[4.35049,50.83354],[4.35069,50.8336],[4.35089,50.83366],[4.35112,50.83373],[4.3513,50.8338],[4.35163,50.83393],[4.35294,50.83448],[4.35344,50.83469],[4.35355,50.83473],[4.35394,50.83489],[4.35462,50.83518],[4.35518,50.83541],[4.35539,50.83549],[4.35574,50.83562],[4.35625,50.83581],[4.3566,50.83594],[4.35694,50.83609],[4.35728,50.83624],[4.3576,50.83638],[4.35799,50.83658],[4.35827,50.83671],[4.35864,50.83688],[4.35896,50.83702],[4.36042,50.83764],[4.3617,50.83819],[4.36236,50.83846],[4.36257,50.83855],[4.36292,50.83871],[4.36335,50.83892],[4.36576,50.84015],[4.36587,50.84021],[4.36597,50.84027],[4.36603,50.84032],[4.36611,50.84038],[4.36618,50.84045],[4.36625,50.84054],[4.36627,50.84057],[4.36631,50.84064],[4.36636,50.84072],[4.3665,50.841],[4.36788,50.84371],[4.36799,50.84394],[4.36817,50.84428],[4.36837,50.84464],[4.36852,50.84493],[4.36855,50.84498],[4.36886,50.84557],[4.36906,50.84595],[4.36927,50.84636],[4.36933,50.84647],[4.36938,50.8466],[4.36944,50.84676],[4.36947,50.84684],[4.36952,50.847],[4.36956,50.84713],[4.36959,50.84728],[4.3696,50.8474],[4.36962,50.84757],[4.36963,50.84774],[4.36963,50.84787],[4.36962,50.84805],[4.3696,50.84818],[4.36958,50.84832],[4.36954,50.84847],[4.36949,50.84869],[4.36917,50.84992],[4.36904,50.85042],[4.36899,50.85058],[4.3685,50.8525],[4.36847,50.85257],[4.36844,50.85266],[4.36841,50.85272],[4.36836,50.8528],[4.36831,50.85289],[4.36823,50.85298],[4.36817,50.85305],[4.36807,50.85313],[4.36798,50.8532],[4.36787,50.85328],[4.36775,50.85335],[4.36764,50.85341],[4.36751,50.85346],[4.36735,50.85352],[4.36728,50.85354],[4.36706,50.85361],[4.36644,50.85377],[4.36612,50.85386],[4.36529,50.8541],[4.36402,50.85446],[4.36384,50.85451],[4.36357,50.85459],[4.36343,50.85462],[4.3633,50.85465],[4.36318,50.85468],[4.36303,50.85471],[4.36282,50.85474],[4.36257,50.85477],[4.36234,50.8548],[4.362,50.85482],[4.36131,50.85486],[4.3611,50.85488],[4.36096,50.85489],[4.36088,50.8549],[4.36068,50.85493],[4.36049,50.85497],[4.36018,50.85504],[4.36003,50.85508],[4.35936,50.85527],[4.35841,50.85554],[4.35832,50.85556],[4.35651,50.85596],[4.35634,50.85601],[4.35611,50.85607],[4.35439,50.85655],[4.35391,50.85669],[4.35349,50.8568],[4.353,50.85692],[4.35252,50.85704],[4.3522,50.85711],[4.3512,50.85732],[4.34863,50.85787],[4.34836,50.85793],[4.34814,50.85798],[4.34781,50.85807],[4.34758,50.85813],[4.34736,50.85819],[4.34706,50.85829],[4.34495,50.85895],[4.34463,50.85904],[4.34429,50.85914],[4.34155,50.8599],[4.3413,50.85998],[4.34083,50.86012],[4.33949,50.86051],[4.33877,50.86072],[4.33818,50.86089],[4.33726,50.86114],[4.33631,50.86141],[4.3338,50.86214],[4.33267,50.86246],[4.33238,50.86255],[4.33212,50.86264],[4.33186,50.86273],[4.33074,50.86314]]}},{"type":"Feature","properties":{"ref":3,"line":"6","color":"0066A3","mode":"metro","direction":1,"terminus":"ROI BAUDOUIN"},"geometry":{"type":"LineString","coordinates":[[4.33142,50.86286],[4.33205,50.86263],[4.33224,50.86256],[4.33238,50.86252],[4.33276,50.86241],[4.33434,50.86195],[4.33629,50.86138],[4.33666,50.86128],[4.33747,50.86105],[4.33817,50.86086],[4.33875,50.8607],[4.33975,50.86041],[4.34077,50.86011],[4.34128,50.85995],[4.34151,50.85988],[4.34168,50.85984],[4.34443,50.85907],[4.34455,50.85903],[4.34467,50.859],[4.34471,50.85899],[4.34488,50.85894],[4.34704,50.85826],[4.34725,50.8582],[4.34733,50.85817],[4.34746,50.85813],[4.34779,50.85804],[4.34802,50.85798],[4.34822,50.85793],[4.34851,50.85787],[4.34866,50.85783],[4.3515,50.85722],[4.35229,50.85706],[4.35258,50.85699],[4.35307,50.85687],[4.35356,50.85675],[4.35393,50.85665],[4.35494,50.85637],[4.35612,50.85604],[4.35842,50.85541],[4.35937,50.85515],[4.35962,50.85509],[4.35978,50.85505],[4.35991,50.85502],[4.36011,50.85498],[4.36023,50.85496],[4.36044,50.85493],[4.36067,50.85489],[4.36102,50.85486],[4.36117,50.85484],[4.36161,50.85482],[4.36219,50.85478],[4.36241,50.85476],[4.36269,50.85473],[4.36277,50.85472],[4.36297,50.85469],[4.36317,50.85465],[4.36337,50.8546],[4.36362,50.85454],[4.36404,50.85442],[4.36556,50.85399],[4.36621,50.85381],[4.36647,50.85373],[4.36654,50.85371],[4.3666,50.8537],[4.36694,50.85361],[4.36701,50.85359],[4.3672,50.85354],[4.36732,50.8535],[4.36744,50.85346],[4.36749,50.85344],[4.36755,50.85341],[4.36765,50.85337],[4.36771,50.85333],[4.36774,50.85331],[4.36782,50.85327],[4.36791,50.85321],[4.36797,50.85317],[4.36805,50.8531],[4.36807,50.85308],[4.36808,50.85307],[4.3681,50.85306],[4.36811,50.85305],[4.36818,50.85298],[4.36824,50.8529],[4.36828,50.85285],[4.36831,50.8528],[4.36834,50.85275],[4.36837,50.85269],[4.3684,50.85263],[4.36843,50.85256],[4.36845,50.85248],[4.36848,50.85237],[4.36898,50.85047],[4.36917,50.84973],[4.36946,50.84863],[4.36951,50.84844],[4.36953,50.84831],[4.36955,50.8482],[4.36957,50.84808],[4.36958,50.84793],[4.36958,50.84781],[4.36958,50.84766],[4.36957,50.84753],[4.36956,50.8474],[4.36954,50.8473],[4.36952,50.84716],[4.36949,50.84706],[4.36946,50.84696],[4.36942,50.84681],[4.36937,50.84669],[4.36933,50.84658],[4.36927,50.84644],[4.3692,50.84631],[4.369,50.84592],[4.36874,50.84544],[4.3684,50.84478],[4.36812,50.84427],[4.36788,50.84381],[4.36776,50.84358],[4.36634,50.84079],[4.36634,50.84079],[4.3663,50.8407],[4.36624,50.8406],[4.3662,50.84055],[4.36615,50.84049],[4.36608,50.84041],[4.36604,50.84038],[4.36599,50.84034],[4.36593,50.8403],[4.36588,50.84026],[4.36576,50.8402],[4.36559,50.84011],[4.36338,50.83897],[4.36304,50.83881],[4.36269,50.83864],[4.36234,50.83849],[4.36124,50.83802],[4.36068,50.83779],[4.35893,50.83704],[4.35857,50.83688],[4.35822,50.83672],[4.35753,50.83639],[4.3572,50.83624],[4.35687,50.83609],[4.35653,50.83596],[4.35616,50.83582],[4.3556,50.83562],[4.3553,50.8355],[4.35424,50.83506],[4.3537,50.83484],[4.35305,50.83457],[4.35145,50.8339],[4.35135,50.83385],[4.35109,50.83376],[4.35098,50.83372],[4.35081,50.83366],[4.35062,50.83361],[4.35041,50.83355],[4.35029,50.83353],[4.34992,50.83346],[4.34857,50.83323],[4.34833,50.83319],[4.348,50.83314],[4.34788,50.83312],[4.3477,50.8331],[4.34751,50.83308],[4.34742,50.83308],[4.34723,50.83307],[4.34694,50.83308],[4.34687,50.83308],[4.34624,50.8331],[4.34619,50.8331],[4.34605,50.83311],[4.34589,50.83312],[4.34572,50.83314],[4.34524,50.8332],[4.34522,50.83321],[4.34495,50.83325],[4.34478,50.83328],[4.34473,50.83329],[4.3446,50.83332],[4.34449,50.83335],[4.34431,50.83342],[4.34398,50.83355],[4.34371,50.83366],[4.34348,50.83376],[4.34308,50.83394],[4.34236,50.83426],[4.34229,50.83429],[4.34213,50.83435],[4.34194,50.83442],[4.34185,50.83446],[4.34164,50.83456],[4.33976,50.83551],[4.33957,50.83561],[4.33919,50.83575],[4.3391,50.83579],[4.33901,50.83584],[4.33817,50.83627],[4.33702,50.83686],[4.33683,50.83696],[4.33659,50.83711],[4.33598,50.83749],[4.33559,50.83773],[4.33535,50.83787],[4.33493,50.8381],[4.33478,50.83818],[4.33467,50.83825],[4.33454,50.83835],[4.33422,50.83859],[4.33413,50.83864],[4.33238,50.83982],[4.33211,50.83999],[4.33194,50.84011],[4.33173,50.84026],[4.33166,50.84032],[4.33161,50.84037],[4.33157,50.84041],[4.33149,50.84049],[4.3312,50.84082],[4.33061,50.8415],[4.33051,50.84161],[4.33037,50.84175],[4.33026,50.84185],[4.33015,50.84193],[4.33005,50.842],[4.32983,50.84214],[4.32966,50.84224],[4.32955,50.8423],[4.32864,50.8428],[4.32817,50.84305],[4.32705,50.84363],[4.32655,50.8439],[4.32632,50.84401],[4.32629,50.84403],[4.32626,50.84404],[4.32617,50.84409],[4.32599,50.84417],[4.32563,50.84434],[4.32549,50.84441],[4.32533,50.8445],[4.32517,50.84459],[4.32502,50.84468],[4.32491,50.84476],[4.32486,50.84479],[4.32432,50.84516],[4.32368,50.8456],[4.32354,50.8457],[4.32333,50.84585],[4.32303,50.84607],[4.32292,50.84615],[4.32269,50.84632],[4.32167,50.84702],[4.3216,50.84707],[4.32153,50.84713],[4.32147,50.84717],[4.32142,50.84722],[4.32138,50.84725],[4.32134,50.8473],[4.32128,50.84737],[4.32123,50.84744],[4.32119,50.8475],[4.32115,50.84758],[4.32111,50.84766],[4.32109,50.84774],[4.32108,50.8478],[4.32107,50.84786],[4.32107,50.84792],[4.32107,50.84799],[4.32108,50.84806],[4.3211,50.84815],[4.32112,50.84823],[4.32114,50.8483],[4.3212,50.84848],[4.32123,50.84855],[4.32126,50.84859],[4.32149,50.84901],[4.32154,50.84911],[4.32164,50.84929],[4.32171,50.84941],[4.32173,50.84946],[4.32176,50.84953],[4.32179,50.8496],[4.32181,50.84967],[4.32182,50.84974],[4.32182,50.84979],[4.32182,50.84986],[4.32181,50.84994],[4.32179,50.85003],[4.32177,50.85008],[4.32168,50.85039],[4.32165,50.85052],[4.32162,50.85064],[4.32161,50.85074],[4.3216,50.85082],[4.3216,50.85097],[4.32161,50.85108],[4.32163,50.85119],[4.32165,50.85128],[4.32167,50.85132],[4.3217,50.85141],[4.32175,50.85154],[4.32183,50.85169],[4.32194,50.85189],[4.322,50.852],[4.32246,50.85285],[4.32277,50.85343],[4.32293,50.85371],[4.32316,50.85414],[4.32325,50.8543],[4.32331,50.85441],[4.32337,50.85451],[4.32344,50.85462],[4.32354,50.85476],[4.3236,50.85484],[4.3237,50.85497],[4.32384,50.85514],[4.32422,50.85557],[4.32428,50.85564],[4.32441,50.85579],[4.32446,50.85585],[4.32451,50.85592],[4.32456,50.85599],[4.32463,50.85608],[4.32469,50.85618],[4.32476,50.8563],[4.32486,50.85648],[4.32522,50.85712],[4.32535,50.85735],[4.32542,50.85748],[4.32545,50.85753],[4.32546,50.85754],[4.32556,50.85769],[4.32564,50.8578],[4.32566,50.85782],[4.32571,50.8579],[4.32574,50.85793],[4.32578,50.85799],[4.3258,50.85801],[4.32583,50.85807],[4.32585,50.85809],[4.32588,50.85814],[4.32591,50.85818],[4.32597,50.85827],[4.32608,50.85845],[4.32642,50.85907],[4.32651,50.85922],[4.32658,50.85933],[4.3267,50.85951],[4.32672,50.85954],[4.3268,50.85964],[4.32695,50.85983],[4.32697,50.85986],[4.32738,50.86036],[4.32772,50.86078],[4.32783,50.86091],[4.3279,50.86099],[4.32797,50.86106],[4.32805,50.86115],[4.32815,50.86125],[4.32827,50.86135],[4.32829,50.86137],[4.3283,50.86138],[4.3284,50.86146],[4.32918,50.86215],[4.32924,50.8622],[4.32925,50.86222],[4.32932,50.86227],[4.32935,50.86231],[4.32945,50.86241],[4.32954,50.86252],[4.32965,50.86263],[4.32973,50.86271],[4.32984,50.86281],[4.33,50.86294],[4.33085,50.86364],[4.33109,50.86384],[4.33115,50.86389],[4.33116,50.8639],[4.33126,50.86398],[4.33141,50.8641],[4.33142,50.86411],[4.3315,50.86417],[4.33151,50.86418],[4.33171,50.86433],[4.33196,50.86451],[4.33213,50.86463],[4.33214,50.86464],[4.33216,50.86465],[4.3323,50.86476],[4.3324,50.86484],[4.33256,50.86497],[4.3326,50.865],[4.33495,50.86695],[4.33561,50.86749],[4.33575,50.86761],[4.33685,50.86852],[4.33732,50.86892],[4.33746,50.86903],[4.33748,50.86905],[4.33761,50.86915],[4.33774,50.86925],[4.33776,50.86926],[4.33853,50.86985],[4.33865,50.86994],[4.33881,50.87007],[4.33899,50.87021],[4.3391,50.8703],[4.33941,50.87056],[4.34058,50.87154],[4.34111,50.87198],[4.34129,50.87213],[4.34141,50.87224],[4.34148,50.87231],[4.34149,50.87232],[4.34154,50.87236],[4.34155,50.87237],[4.34167,50.87249],[4.34168,50.8725],[4.34172,50.87253],[4.34173,50.87255],[4.34188,50.87269],[4.34199,50.87279],[4.34218,50.87296],[4.34223,50.873],[4.34241,50.87315],[4.34303,50.87367],[4.34341,50.87398],[4.34355,50.87409],[4.34356,50.8741],[4.34365,50.87417],[4.34381,50.87429],[4.34382,50.8743],[4.34389,50.87436],[4.34391,50.87437],[4.34396,50.87441],[4.34397,50.87442],[4.34405,50.87447],[4.34406,50.87449],[4.34408,50.8745],[4.34417,50.87456],[4.34418,50.87457],[4.34429,50.87466],[4.34445,50.87479],[4.34447,50.87481],[4.34449,50.87482],[4.3448,50.87508],[4.34488,50.87515],[4.34489,50.87516],[4.34499,50.87525],[4.34512,50.87537],[4.34513,50.87539],[4.3453,50.87554],[4.34553,50.87576],[4.34554,50.87577],[4.34558,50.87581],[4.34559,50.87582],[4.34566,50.87588],[4.34567,50.87589],[4.34576,50.87597],[4.34577,50.87599],[4.34589,50.87609],[4.34592,50.87612],[4.34608,50.87626],[4.34626,50.87641],[4.34634,50.87648],[4.34636,50.87649],[4.34648,50.87659],[4.34661,50.87669],[4.34673,50.87678],[4.34674,50.87679],[4.34732,50.87722],[4.34744,50.87732],[4.34753,50.87738],[4.34761,50.87746],[4.34768,50.87753],[4.34774,50.8776],[4.34778,50.87765],[4.34781,50.8777],[4.34785,50.87776],[4.34789,50.87784],[4.34792,50.8779],[4.34794,50.87798],[4.34796,50.87806],[4.34797,50.87813],[4.34797,50.8782],[4.34797,50.87828],[4.34796,50.87841],[4.34785,50.87915],[4.34774,50.87984],[4.34758,50.88082],[4.34756,50.88095],[4.34754,50.88108],[4.34751,50.88118],[4.34749,50.88126],[4.34746,50.88137],[4.34742,50.88147],[4.34737,50.88156],[4.34731,50.88167],[4.34727,50.88174],[4.3472,50.88184],[4.34711,50.88195],[4.34702,50.88205],[4.34695,50.88213],[4.3469,50.88217],[4.34681,50.88225],[4.34661,50.88242],[4.3466,50.88243],[4.34489,50.88379],[4.34263,50.88559],[4.34105,50.88684],[4.3409,50.88696],[4.34072,50.8871],[4.3406,50.8872],[4.34058,50.88721],[4.34056,50.88723],[4.34041,50.88735],[4.34024,50.88748],[4.34011,50.88758],[4.34009,50.88759],[4.33997,50.8877],[4.33992,50.88773],[4.33911,50.88838],[4.33763,50.88955],[4.33736,50.88976],[4.33722,50.88988],[4.33717,50.88992],[4.33713,50.88996],[4.33705,50.89003],[4.33699,50.89009],[4.33692,50.89017],[4.33685,50.89027],[4.33679,50.89035],[4.33675,50.89043],[4.33671,50.89051],[4.33667,50.89061],[4.33664,50.89071],[4.33662,50.8908],[4.33661,50.89089],[4.33661,50.89097],[4.33661,50.89107],[4.33662,50.89115],[4.33664,50.89125],[4.33666,50.89132],[4.33667,50.89137],[4.33671,50.89147],[4.33675,50.89156],[4.33679,50.89164],[4.33685,50.89173],[4.33692,50.89182],[4.337,50.89191],[4.33706,50.89198],[4.33715,50.89207],[4.3374,50.89232],[4.33749,50.8924],[4.3375,50.89241],[4.33757,50.89248],[4.33767,50.89258],[4.33775,50.89265],[4.33785,50.89274],[4.33805,50.89291],[4.33891,50.89364],[4.33901,50.89373],[4.33903,50.89375],[4.33904,50.89376],[4.33912,50.89384],[4.33918,50.8939],[4.33924,50.89398],[4.33932,50.89409],[4.33936,50.89417],[4.33941,50.89426],[4.33944,50.89434],[4.33947,50.89444],[4.33949,50.89453],[4.3395,50.89462],[4.3395,50.89469],[4.3395,50.89476],[4.33949,50.89484],[4.33947,50.89493],[4.33946,50.89498],[4.33944,50.89505],[4.33941,50.89511],[4.33937,50.89521],[4.33932,50.89529],[4.33926,50.89539],[4.33919,50.89547],[4.33913,50.89554],[4.33908,50.89559],[4.33902,50.89565],[4.33895,50.8957],[4.33888,50.89576],[4.33884,50.89578],[4.33876,50.89584],[4.33868,50.89589],[4.33857,50.89595],[4.33846,50.89601],[4.33834,50.89606],[4.33831,50.89607],[4.33829,50.89608],[4.33817,50.89613],[4.33802,50.89618],[4.33792,50.89621],[4.33744,50.89636],[4.33731,50.89641],[4.33707,50.89649],[4.33677,50.89659],[4.33541,50.89708],[4.33489,50.89726],[4.33471,50.89732],[4.33456,50.89737],[4.33443,50.89741],[4.3343,50.89744],[4.33417,50.89747],[4.33405,50.89749],[4.33391,50.89751],[4.33378,50.89752],[4.33368,50.89753],[4.33355,50.89753],[4.33341,50.89754],[4.3333,50.89753],[4.33316,50.89753],[4.33304,50.89752],[4.33289,50.8975],[4.33285,50.89749],[4.33272,50.89747],[4.33258,50.89744],[4.33246,50.89741],[4.33233,50.89738],[4.33152,50.89719],[4.33141,50.89716],[4.33129,50.89714],[4.3307,50.89705],[4.33057,50.89703],[4.33047,50.89701],[4.32971,50.89682],[4.32951,50.89677],[4.32929,50.89673],[4.32898,50.89666],[4.32796,50.89646]]}},{"type":"Feature","properties":{"ref":4,"line":"4","color":"EA4F80","mode":"tram","direction":0,"terminus":"WIELS"},"geometry":{"type":"LineString","coordinates":[[4.36278,50.86502],[4.36278,50.86502],[4.36275,50.86496],[4.36271,50.8649],[4.36263,50.86479],[4.3626,50.86472],[4.36258,50.86469],[4.3624,50.8643],[4.36237,50.86423],[4.36233,50.86407],[4.36229,50.86396],[4.36225,50.86386],[4.36215,50.86364],[4.36205,50.86345],[4.36201,50.86336],[4.36198,50.86329],[4.3619,50.86314],[4.36181,50.86293],[4.36166,50.86259],[4.3616,50.86247],[4.36155,50.86239],[4.36151,50.86231],[4.36145,50.86224],[4.36142,50.86219],[4.36135,50.86212],[4.36133,50.86209],[4.36127,50.86204],[4.3612,50.86198],[4.36113,50.86193],[4.36105,50.86188],[4.36098,50.86185],[4.36097,50.86184],[4.36081,50.86175],[4.3608,50.86174],[4.3607,50.86169],[4.36059,50.86162],[4.36053,50.86158],[4.36051,50.86156],[4.36044,50.8615],[4.3604,50.86146],[4.36035,50.86142],[4.36031,50.86136],[4.36027,50.86131],[4.36025,50.86129],[4.36022,50.86124],[4.36019,50.86117],[4.36011,50.86103],[4.36005,50.86089],[4.35973,50.86019],[4.35967,50.86005],[4.35961,50.85992],[4.35959,50.85987],[4.35956,50.8598],[4.35954,50.85973],[4.35953,50.85965],[4.35952,50.85957],[4.35952,50.85945],[4.35954,50.85923],[4.35958,50.8587],[4.35959,50.85855],[4.35959,50.85844],[4.35958,50.85829],[4.35955,50.85815],[4.35952,50.85802],[4.35948,50.85789],[4.35945,50.8578],[4.35932,50.8575],[4.35927,50.8574],[4.3592,50.85725],[4.35895,50.85674],[4.35888,50.85661],[4.35885,50.85657],[4.35877,50.85647],[4.35861,50.85628],[4.35804,50.85563],[4.35803,50.85562],[4.35792,50.8555],[4.35788,50.85545],[4.35779,50.85536],[4.3577,50.85528],[4.3576,50.85519],[4.3575,50.85511],[4.35709,50.85479],[4.35691,50.85464],[4.35458,50.85276],[4.35445,50.85266],[4.35431,50.85255],[4.35398,50.85232],[4.35389,50.85225],[4.35369,50.85211],[4.35356,50.85202],[4.35286,50.85148],[4.35286,50.85147],[4.3526,50.85127],[4.35251,50.8512],[4.35238,50.85108],[4.35229,50.85098],[4.35219,50.85087],[4.35202,50.85068],[4.35191,50.85057],[4.35022,50.84895],[4.35004,50.84878],[4.34967,50.84844],[4.34949,50.84827],[4.34924,50.84803],[4.34895,50.84775],[4.34895,50.84775],[4.34877,50.84757],[4.34862,50.84743],[4.34841,50.8472],[4.34823,50.84702],[4.34804,50.84684],[4.34693,50.84576],[4.34656,50.8454],[4.34623,50.8451],[4.346,50.84489],[4.34581,50.84472],[4.34535,50.84428],[4.34522,50.84415],[4.34521,50.84415],[4.34459,50.84354],[4.34442,50.84338],[4.34424,50.8432],[4.3442,50.84315],[4.34388,50.84284],[4.34289,50.84188],[4.34252,50.84153],[4.34238,50.84139],[4.3421,50.84111],[4.34109,50.84013],[4.34102,50.84007],[4.34101,50.84005],[4.34099,50.84003],[4.34095,50.84],[4.34091,50.83996],[4.3409,50.83995],[4.3408,50.83986],[4.34079,50.83985],[4.34076,50.83981],[4.3407,50.83975],[4.34068,50.83974],[4.34063,50.83969],[4.34047,50.83953],[4.34013,50.8392],[4.33992,50.839],[4.33977,50.83886],[4.33971,50.83881],[4.33963,50.83873],[4.33955,50.83868],[4.33946,50.83862],[4.33914,50.8384],[4.33883,50.83821],[4.3387,50.83812],[4.33865,50.83809],[4.33861,50.83806],[4.33857,50.83804],[4.33855,50.83802],[4.33854,50.838],[4.33853,50.83799],[4.33851,50.83796],[4.3385,50.83793],[4.33849,50.83788],[4.33848,50.83781],[4.33846,50.83776],[4.33845,50.83774],[4.33843,50.83771],[4.3384,50.83769],[4.33837,50.83767],[4.3383,50.83763],[4.33767,50.83736],[4.33757,50.83732],[4.33748,50.83729],[4.3373,50.83723],[4.33725,50.83721],[4.33721,50.83718],[4.33718,50.83716],[4.33716,50.83713],[4.33714,50.83711],[4.33713,50.83708],[4.33713,50.83705],[4.33713,50.83701],[4.33714,50.83698],[4.33716,50.83695],[4.33718,50.83691],[4.33722,50.83689],[4.33727,50.83686],[4.33796,50.8365],[4.33796,50.8365],[4.33802,50.83647],[4.33808,50.83643],[4.33812,50.8364],[4.33817,50.83635],[4.3382,50.83632],[4.33823,50.83627],[4.33825,50.83622],[4.33826,50.83618],[4.33826,50.83613],[4.33826,50.83608],[4.33826,50.83606],[4.33824,50.83602],[4.33823,50.83598],[4.33819,50.83593],[4.33815,50.83589],[4.33809,50.83583],[4.33805,50.8358],[4.33804,50.83579],[4.33652,50.8346],[4.33641,50.83452],[4.3364,50.83451],[4.33625,50.83439],[4.33624,50.83438],[4.33611,50.83428],[4.33604,50.83423],[4.33592,50.83413],[4.33582,50.83405],[4.33575,50.834],[4.33556,50.83384],[4.33553,50.83382],[4.33496,50.83338],[4.33438,50.83292],[4.33375,50.83243],[4.33345,50.83219],[4.33326,50.83205],[4.33308,50.83191],[4.33278,50.83169],[4.33275,50.83166],[4.33232,50.83134],[4.33227,50.83129],[4.33211,50.83116],[4.33203,50.83111],[4.33171,50.83085],[4.32998,50.8295],[4.32934,50.829],[4.32926,50.82893],[4.32925,50.82893],[4.32913,50.82883],[4.32895,50.82867],[4.32884,50.82858],[4.32854,50.82835],[4.32834,50.82819],[4.32824,50.8281],[4.32815,50.82802],[4.32798,50.82786],[4.32776,50.82764],[4.32768,50.82755],[4.3275,50.82735],[4.32737,50.82719],[4.32724,50.82703],[4.32715,50.8269],[4.32709,50.82683],[4.32696,50.82662],[4.32685,50.82646],[4.32678,50.82633],[4.32667,50.82612],[4.32658,50.82592],[4.32657,50.82591],[4.32649,50.82573],[4.32643,50.82556],[4.32636,50.82534],[4.32631,50.82516],[4.32628,50.82502],[4.32626,50.82489],[4.32621,50.82458],[4.3262,50.82447],[4.3262,50.82443],[4.3262,50.82437],[4.32621,50.82433],[4.32623,50.82429],[4.32626,50.82426],[4.3263,50.82424],[4.32634,50.82421],[4.32639,50.82419],[4.32644,50.82418],[4.32649,50.82418],[4.32652,50.82418],[4.32668,50.82418],[4.32714,50.82418],[4.3274,50.82418]]}},{"type":"Feature","properties":{"ref":4,"line":"4","color":"EA4F80","mode":"tram","direction":1,"terminus":"PORTE DE HAL"},"geometry":{"type":"LineString","coordinates":[[4.3267,50.8242],[4.32665,50.8242],[4.32656,50.82421],[4.32646,50.82422],[4.32643,50.82423],[4.32638,50.82425],[4.32634,50.82427],[4.32631,50.8243],[4.3263,50.82431],[4.32628,50.82433],[4.32627,50.82436],[4.32626,50.8244],[4.32626,50.82451],[4.32626,50.82453],[4.32631,50.82488],[4.32632,50.82496],[4.32635,50.82512],[4.32638,50.82524],[4.32641,50.82537],[4.32644,50.82546],[4.3265,50.82563],[4.32657,50.82581],[4.32665,50.82598],[4.32673,50.82615],[4.32684,50.82636],[4.32695,50.82653],[4.32705,50.8267],[4.32716,50.82686],[4.32725,50.82698],[4.32737,50.82714],[4.32747,50.82726],[4.32748,50.82728],[4.32759,50.8274],[4.32775,50.82758],[4.32782,50.82764],[4.32785,50.82768],[4.32798,50.8278],[4.32809,50.82791],[4.32818,50.828],[4.32832,50.82812],[4.3285,50.82827],[4.32854,50.82831],[4.32865,50.82839],[4.32891,50.8286],[4.32905,50.82872],[4.32927,50.8289],[4.32935,50.82896],[4.32943,50.82903],[4.33001,50.82948],[4.3307,50.83002],[4.33206,50.83108],[4.33214,50.83115],[4.33275,50.83162],[4.33284,50.83169],[4.33293,50.83175],[4.33312,50.83189],[4.3333,50.83203],[4.33352,50.8322],[4.33409,50.83266],[4.33578,50.83397],[4.3358,50.83399],[4.33581,50.834],[4.33595,50.83411],[4.33596,50.83412],[4.3361,50.83423],[4.33612,50.83424],[4.33617,50.83428],[4.33803,50.83574],[4.33813,50.83582],[4.33819,50.83587],[4.33821,50.83588],[4.33824,50.83592],[4.33828,50.83597],[4.3383,50.83601],[4.33831,50.83604],[4.33832,50.83609],[4.33833,50.83611],[4.33833,50.83613],[4.33832,50.83614],[4.33832,50.83619],[4.33831,50.83623],[4.33829,50.83627],[4.33825,50.83633],[4.33822,50.83636],[4.33819,50.8364],[4.33814,50.83643],[4.33807,50.83647],[4.338,50.83651],[4.33789,50.83657],[4.33741,50.83682],[4.33735,50.83684],[4.3373,50.83688],[4.33726,50.8369],[4.33723,50.83693],[4.3372,50.83695],[4.33719,50.83698],[4.33718,50.83701],[4.33717,50.83703],[4.33718,50.83706],[4.33718,50.83709],[4.3372,50.83712],[4.33723,50.83715],[4.33725,50.83716],[4.33729,50.83719],[4.33735,50.83722],[4.33746,50.83725],[4.33758,50.8373],[4.33771,50.83735],[4.33838,50.83764],[4.33842,50.83766],[4.33846,50.83768],[4.33849,50.83772],[4.3385,50.83774],[4.33852,50.83779],[4.33853,50.83789],[4.33855,50.83793],[4.33856,50.83796],[4.33858,50.83798],[4.33861,50.83801],[4.33864,50.83804],[4.33871,50.83809],[4.33884,50.83817],[4.33894,50.83823],[4.33907,50.83832],[4.33934,50.83849],[4.33948,50.83858],[4.33953,50.83862],[4.33961,50.83867],[4.33968,50.83873],[4.33974,50.83878],[4.33977,50.83881],[4.33979,50.83882],[4.34013,50.83915],[4.34042,50.83944],[4.34053,50.83952],[4.34056,50.83954],[4.34061,50.83958],[4.34065,50.83961],[4.34073,50.83969],[4.34074,50.8397],[4.34081,50.83977],[4.341,50.83999],[4.34108,50.84008],[4.34121,50.8402],[4.34138,50.84036],[4.34169,50.84066],[4.34199,50.84096],[4.34224,50.84119],[4.34236,50.8413],[4.34332,50.84222],[4.34394,50.84281],[4.3441,50.84296],[4.34451,50.84333],[4.3447,50.84351],[4.34569,50.84446],[4.3457,50.84447],[4.34591,50.84467],[4.34609,50.84484],[4.34643,50.8452],[4.34664,50.84541],[4.3467,50.84546],[4.34809,50.84681],[4.34828,50.84699],[4.34869,50.84735],[4.34888,50.84753],[4.34929,50.84793],[4.34943,50.84806],[4.34944,50.84807],[4.3496,50.84822],[4.34977,50.8484],[4.35011,50.84875],[4.35029,50.84892],[4.35217,50.85073],[4.35243,50.85096],[4.35257,50.85108],[4.35271,50.85119],[4.35307,50.85147],[4.35332,50.85166],[4.35341,50.85173],[4.35342,50.85174],[4.35371,50.85197],[4.35391,50.85214],[4.35405,50.85226],[4.35433,50.8525],[4.35461,50.85274],[4.35712,50.85477],[4.35728,50.85489],[4.35731,50.85491],[4.35751,50.85505],[4.35764,50.85514],[4.35774,50.85522],[4.35788,50.85532],[4.35799,50.85542],[4.35801,50.85543],[4.35813,50.85554],[4.35824,50.85566],[4.35849,50.85594],[4.35849,50.85594],[4.3587,50.85619],[4.35875,50.85625],[4.35879,50.8563],[4.35883,50.85637],[4.35887,50.85645],[4.35913,50.857],[4.35917,50.85709],[4.35921,50.85717],[4.35926,50.85728],[4.35945,50.85769],[4.35965,50.85813],[4.3597,50.85824],[4.3598,50.85845],[4.35984,50.85858],[4.35987,50.85867],[4.35989,50.8588],[4.35992,50.85909],[4.35994,50.85931],[4.35996,50.85943],[4.35998,50.85952],[4.36,50.85959],[4.36003,50.85968],[4.36003,50.85968],[4.36005,50.85972],[4.36046,50.86062],[4.36051,50.86073],[4.36063,50.86101],[4.36069,50.86113],[4.36074,50.86122],[4.36078,50.86129],[4.36083,50.86137],[4.36106,50.86166],[4.36117,50.86179],[4.36126,50.86191],[4.36138,50.86208],[4.36147,50.8622],[4.36155,50.86231],[4.3616,50.8624],[4.36166,50.8625],[4.36171,50.86261],[4.362,50.86324],[4.36206,50.86338],[4.36209,50.86344],[4.36221,50.86368],[4.36233,50.86393],[4.36235,50.86398],[4.36241,50.86418],[4.36244,50.86426],[4.3625,50.8644],[4.36278,50.86502],[4.36292,50.86533],[4.36296,50.8654]]}},{"type":"Feature","properties":{"ref":5,"line":"7","color":"EFE048","mode":"tram","direction":0,"terminus":"HEYSEL"},"geometry":{"type":"LineString","coordinates":[[4.34857,50.81321],[4.34878,50.81314],[4.34916,50.81301],[4.34961,50.81287],[4.34971,50.81285],[4.34995,50.81278],[4.35039,50.81265],[4.35078,50.81255],[4.35124,50.81244],[4.35171,50.81232],[4.35231,50.81219],[4.35286,50.81208],[4.3532,50.81202],[4.35352,50.81196],[4.35389,50.81189],[4.35436,50.81182],[4.35468,50.81177],[4.35498,50.81173],[4.35534,50.81168],[4.35535,50.81168],[4.35574,50.81163],[4.35596,50.8116],[4.35639,50.81156],[4.35666,50.81153],[4.35709,50.81149],[4.3574,50.81147],[4.35773,50.81144],[4.35823,50.81141],[4.35846,50.8114],[4.35866,50.81139],[4.35909,50.81138],[4.35958,50.81136],[4.36015,50.81135],[4.36072,50.81135],[4.36095,50.81136],[4.36137,50.81136],[4.36186,50.81138],[4.36236,50.8114],[4.36285,50.81143],[4.36327,50.81145],[4.36328,50.81145],[4.36385,50.8115],[4.36433,50.81154],[4.36483,50.81159],[4.36532,50.81165],[4.36593,50.81173],[4.36692,50.81186],[4.36717,50.81189],[4.36785,50.81197],[4.36804,50.812],[4.36811,50.81201],[4.36817,50.81203],[4.36823,50.81205],[4.36826,50.81207],[4.36831,50.81211],[4.36833,50.81212],[4.36836,50.81217],[4.36837,50.81219],[4.36837,50.81222],[4.36837,50.81226],[4.36835,50.81232],[4.36761,50.81422],[4.3675,50.81451],[4.36744,50.81467],[4.36742,50.81471],[4.36742,50.81475],[4.36742,50.81479],[4.36743,50.81481],[4.36744,50.81483],[4.36745,50.81485],[4.36747,50.81487],[4.3675,50.81488],[4.36753,50.8149],[4.36756,50.81491],[4.36761,50.81493],[4.36765,50.81493],[4.36793,50.81497],[4.36807,50.81499],[4.36855,50.81506],[4.36899,50.81513],[4.36941,50.8152],[4.3708,50.81542],[4.37173,50.81556],[4.3727,50.81572],[4.37326,50.81581],[4.37427,50.81597],[4.37466,50.81603],[4.37501,50.8161],[4.37539,50.81617],[4.37569,50.81622],[4.37606,50.81628],[4.37665,50.81638],[4.37747,50.81651],[4.37777,50.81656],[4.37783,50.81657],[4.37788,50.81659],[4.37793,50.8166],[4.37798,50.81663],[4.37802,50.81665],[4.37806,50.81668],[4.37809,50.81671],[4.37813,50.81675],[4.37871,50.81744],[4.37884,50.81759],[4.37907,50.81786],[4.37911,50.81792],[4.3793,50.81813],[4.37931,50.81815],[4.37936,50.8182],[4.3794,50.81826],[4.37953,50.81839],[4.37961,50.81847],[4.37974,50.81859],[4.37977,50.81862],[4.37988,50.81872],[4.38003,50.81884],[4.38018,50.81894],[4.38031,50.81903],[4.38033,50.81904],[4.38046,50.81912],[4.38056,50.81918],[4.38061,50.8192],[4.38077,50.81929],[4.38091,50.81936],[4.38109,50.81944],[4.38123,50.81949],[4.38134,50.81953],[4.38147,50.81957],[4.38156,50.8196],[4.38173,50.81965],[4.38194,50.8197],[4.38256,50.81985],[4.38294,50.81994],[4.38323,50.82002],[4.38336,50.82005],[4.38385,50.82019],[4.38428,50.82032],[4.38466,50.82044],[4.38504,50.82056],[4.38537,50.82067],[4.38573,50.8208],[4.3861,50.82094],[4.38646,50.82108],[4.3867,50.82117],[4.38694,50.82127],[4.38729,50.82143],[4.38758,50.82156],[4.38792,50.82172],[4.38804,50.82178],[4.38833,50.82191],[4.38861,50.82203],[4.38884,50.82214],[4.38936,50.8224],[4.38948,50.82246],[4.38952,50.82248],[4.39007,50.82276],[4.39056,50.82302],[4.39213,50.8238],[4.39257,50.82402],[4.39398,50.82473],[4.39402,50.82475],[4.39551,50.8255],[4.39568,50.82559],[4.39584,50.82567],[4.3961,50.82583],[4.39626,50.82591],[4.39673,50.82615],[4.39696,50.82626],[4.39719,50.82637],[4.39769,50.82662],[4.39794,50.82675],[4.39818,50.82686],[4.39844,50.82697],[4.3986,50.82705],[4.39874,50.82711],[4.39988,50.82769],[4.40015,50.82782],[4.4004,50.82795],[4.40061,50.82806],[4.40081,50.82816],[4.40106,50.82831],[4.40125,50.82842],[4.40143,50.82853],[4.40167,50.82869],[4.40184,50.82881],[4.40205,50.82897],[4.4023,50.82916],[4.40254,50.82935],[4.40278,50.82956],[4.4028,50.82957],[4.40299,50.82973],[4.40316,50.8299],[4.40332,50.83007],[4.40363,50.83041],[4.40382,50.83064],[4.40395,50.8308],[4.40414,50.83104],[4.40426,50.83121],[4.40441,50.83144],[4.40445,50.83151],[4.4046,50.83175],[4.40475,50.832],[4.40483,50.83215],[4.40505,50.83257],[4.40518,50.83284],[4.40551,50.83356],[4.40555,50.83365],[4.40556,50.83366],[4.40565,50.83387],[4.40576,50.83412],[4.40588,50.83438],[4.4064,50.83541],[4.40652,50.83565],[4.40682,50.83628],[4.40741,50.83752],[4.40742,50.83755],[4.4077,50.83814],[4.40775,50.83828],[4.40779,50.8384],[4.40782,50.83851],[4.40784,50.83862],[4.40785,50.83873],[4.40786,50.83884],[4.40785,50.83895],[4.40784,50.83907],[4.40782,50.83922],[4.40777,50.83937],[4.40772,50.83953],[4.40766,50.83968],[4.4076,50.83982],[4.40756,50.83989],[4.4075,50.83999],[4.40728,50.84038],[4.40712,50.84067],[4.40652,50.84179],[4.40566,50.84342],[4.40543,50.84385],[4.40541,50.8439],[4.40514,50.8444],[4.40497,50.84471],[4.4048,50.84501],[4.40432,50.84583],[4.40393,50.84648],[4.4039,50.84653],[4.4028,50.84839],[4.4022,50.84939],[4.4001,50.85295],[4.40006,50.85302],[4.4,50.85309],[4.39994,50.85315],[4.39987,50.85321],[4.39975,50.85332],[4.39968,50.85339],[4.39961,50.85345],[4.39956,50.85352],[4.39951,50.8536],[4.39908,50.85433],[4.39901,50.85444],[4.39896,50.85452],[4.39879,50.85478],[4.39871,50.85491],[4.39851,50.85523],[4.39847,50.8553],[4.39842,50.85541],[4.3983,50.85568],[4.39828,50.85573],[4.39823,50.85583],[4.39817,50.85593],[4.39811,50.85604],[4.39803,50.85617],[4.39795,50.8563],[4.39787,50.85642],[4.39778,50.85657],[4.39771,50.85665],[4.39766,50.85674],[4.39764,50.85676],[4.39761,50.8568],[4.39759,50.85683],[4.39754,50.85689],[4.39752,50.85692],[4.39743,50.85704],[4.39742,50.85706],[4.3973,50.85721],[4.39719,50.85736],[4.39706,50.8575],[4.39696,50.85763],[4.39681,50.85779],[4.39666,50.85795],[4.39645,50.85817],[4.39635,50.85827],[4.39626,50.85836],[4.39619,50.85843],[4.39618,50.85844],[4.39612,50.8585],[4.39611,50.85851],[4.39597,50.85864],[4.39587,50.85873],[4.39585,50.85874],[4.39584,50.85875],[4.39571,50.85887],[4.39564,50.85894],[4.39548,50.85907],[4.39543,50.85911],[4.39541,50.85912],[4.39533,50.85919],[4.3953,50.85921],[4.39529,50.85922],[4.39521,50.85928],[4.39519,50.85929],[4.39513,50.85933],[4.39512,50.85934],[4.39504,50.85941],[4.39485,50.85953],[4.39477,50.85959],[4.39458,50.85971],[4.3944,50.85983],[4.39432,50.85987],[4.39423,50.85992],[4.39409,50.86],[4.394,50.86006],[4.3939,50.8601],[4.39389,50.86011],[4.39376,50.86018],[4.39363,50.86024],[4.39354,50.86029],[4.39328,50.86041],[4.39321,50.86045],[4.39319,50.86045],[4.39305,50.86052],[4.39294,50.86056],[4.39292,50.86057],[4.39279,50.86062],[4.39262,50.86069],[4.3924,50.86077],[4.39227,50.86082],[4.3922,50.86084],[4.39202,50.8609],[4.39188,50.86095],[4.39169,50.86101],[4.39148,50.86107],[4.39136,50.86111],[4.39133,50.86112],[4.39131,50.86112],[4.3912,50.86115],[4.39116,50.86116],[4.39094,50.86123],[4.3909,50.86124],[4.38877,50.86184],[4.3886,50.86188],[4.3884,50.86195],[4.38826,50.86199],[4.38809,50.86205],[4.38791,50.86211],[4.38778,50.86217],[4.38765,50.86222],[4.38752,50.86228],[4.3875,50.86229],[4.38733,50.86237],[4.38723,50.86242],[4.38722,50.86243],[4.38709,50.8625],[4.38697,50.86257],[4.38683,50.86265],[4.38666,50.86276],[4.38657,50.86283],[4.38647,50.8629],[4.3864,50.86295],[4.38631,50.86301],[4.38629,50.86303],[4.38619,50.86311],[4.38613,50.86316],[4.38612,50.86317],[4.38608,50.8632],[4.38601,50.86327],[4.386,50.86328],[4.38592,50.86335],[4.38585,50.86344],[4.38579,50.8635],[4.38577,50.86353],[4.38569,50.86365],[4.38566,50.86368],[4.38563,50.86373],[4.38553,50.86389],[4.38546,50.86401],[4.3854,50.86412],[4.38534,50.86425],[4.3853,50.86436],[4.38528,50.86442],[4.38524,50.86453],[4.38521,50.86465],[4.38518,50.86479],[4.38515,50.86494],[4.38514,50.86504],[4.38514,50.86513],[4.38513,50.86523],[4.38513,50.86535],[4.38514,50.86549],[4.38516,50.8656],[4.38518,50.86576],[4.38523,50.866],[4.38526,50.86623],[4.38526,50.86623],[4.38528,50.86637],[4.38531,50.86652],[4.38533,50.86664],[4.38536,50.86675],[4.38536,50.86675],[4.38538,50.86684],[4.38545,50.86709],[4.38547,50.8672],[4.38549,50.86733],[4.3855,50.86742],[4.3855,50.86751],[4.3855,50.86762],[4.38549,50.86773],[4.38548,50.8678],[4.38546,50.86789],[4.38543,50.86797],[4.3854,50.86805],[4.38535,50.86815],[4.38531,50.86823],[4.38526,50.86831],[4.38521,50.86837],[4.38516,50.86844],[4.38506,50.86854],[4.38496,50.86864],[4.38486,50.86874],[4.38485,50.86875],[4.38467,50.86892],[4.38436,50.8692],[4.38423,50.86932],[4.38408,50.86946],[4.38389,50.86961],[4.38383,50.86966],[4.38382,50.86967],[4.38369,50.86977],[4.38366,50.8698],[4.38364,50.86981],[4.38353,50.8699],[4.38351,50.86991],[4.38342,50.86998],[4.38341,50.86999],[4.38324,50.87012],[4.38314,50.8702],[4.38303,50.87028],[4.38302,50.87029],[4.38295,50.87034],[4.38293,50.87035],[4.38274,50.87049],[4.38262,50.87057],[4.38239,50.87072],[4.38228,50.8708],[4.38215,50.87089],[4.38188,50.87106],[4.38168,50.87119],[4.38147,50.87132],[4.38126,50.87145],[4.38118,50.8715],[4.3811,50.87155],[4.38102,50.87159],[4.38076,50.87174],[4.38064,50.87181],[4.38055,50.87186],[4.38046,50.87191],[4.38044,50.87192],[4.38035,50.87197],[4.38024,50.87203],[4.38022,50.87204],[4.38008,50.87211],[4.37982,50.87224],[4.37959,50.87236],[4.37954,50.87239],[4.3793,50.8725],[4.37883,50.87272],[4.37851,50.87288],[4.37834,50.87295],[4.37832,50.87296],[4.37826,50.87299],[4.37825,50.87299],[4.37812,50.87305],[4.3781,50.87306],[4.37795,50.87312],[4.37792,50.87314],[4.3779,50.87314],[4.37771,50.87322],[4.37762,50.87326],[4.3776,50.87327],[4.37716,50.87344],[4.37675,50.8736],[4.3764,50.87374],[4.37626,50.8738],[4.37614,50.87385],[4.37598,50.87393],[4.37587,50.87399],[4.37573,50.87407],[4.37559,50.87416],[4.37546,50.87425],[4.37534,50.87434],[4.37522,50.87443],[4.37509,50.87454],[4.37481,50.87478],[4.37468,50.87489],[4.3746,50.87497],[4.37453,50.87504],[4.37446,50.87512],[4.37442,50.87519],[4.37436,50.87528],[4.37433,50.87535],[4.37431,50.87541],[4.37429,50.87548],[4.37427,50.87557],[4.37424,50.87577],[4.37422,50.87587],[4.37421,50.87599],[4.37421,50.87618],[4.37422,50.87628],[4.37424,50.87639],[4.37426,50.87649],[4.37429,50.87661],[4.37435,50.87686],[4.37437,50.87693],[4.3744,50.87699],[4.37444,50.87705],[4.37451,50.87718],[4.37454,50.87725],[4.37456,50.8773],[4.37458,50.87736],[4.3748,50.87819],[4.37485,50.8784],[4.37487,50.8785],[4.37489,50.87862],[4.3749,50.8787],[4.3749,50.87879],[4.3749,50.87886],[4.37489,50.87905],[4.37487,50.87922],[4.37484,50.87939],[4.37481,50.87951],[4.3748,50.87957],[4.3748,50.87958],[4.37477,50.87967],[4.37474,50.87975],[4.37472,50.87981],[4.37471,50.87983],[4.37468,50.8799],[4.37463,50.88],[4.37459,50.88008],[4.37453,50.88016],[4.37447,50.88026],[4.37435,50.88043],[4.37421,50.88063],[4.37415,50.8807],[4.37406,50.88082],[4.37397,50.88091],[4.3739,50.88098],[4.37383,50.88105],[4.3735,50.88137],[4.37346,50.8814],[4.37343,50.88144],[4.3734,50.88149],[4.37338,50.88153],[4.37337,50.88157],[4.37336,50.88161],[4.37336,50.88166],[4.37338,50.88171],[4.37339,50.88175],[4.37341,50.88179],[4.37344,50.88184],[4.37347,50.88186],[4.37351,50.8819],[4.37355,50.88194],[4.3747,50.88281],[4.37475,50.88284],[4.37479,50.88287],[4.37484,50.88289],[4.37487,50.8829],[4.37491,50.88291],[4.37498,50.88292],[4.37505,50.88293],[4.37508,50.88294],[4.37511,50.88294],[4.37517,50.88297],[4.37522,50.883],[4.37532,50.88306],[4.3756,50.88327],[4.37574,50.88337],[4.37587,50.88347],[4.37603,50.88362],[4.37633,50.88389],[4.37638,50.88393],[4.37652,50.88407],[4.3766,50.88415],[4.37663,50.88419],[4.37671,50.88429],[4.37678,50.88439],[4.37686,50.88452],[4.37692,50.88462],[4.37696,50.88472],[4.37701,50.88482],[4.37706,50.88497],[4.37709,50.88507],[4.37711,50.88517],[4.37713,50.88526],[4.37715,50.88542],[4.37716,50.88557],[4.37716,50.88572],[4.37714,50.88588],[4.37712,50.88599],[4.3771,50.88619],[4.37709,50.88632],[4.37708,50.88638],[4.37706,50.88646],[4.37705,50.88651],[4.37702,50.88658],[4.37699,50.88665],[4.37695,50.88672],[4.37691,50.88678],[4.37689,50.88682],[4.37683,50.88689],[4.37675,50.88699],[4.37665,50.8871],[4.37641,50.88737],[4.37624,50.88757],[4.37618,50.88764],[4.37569,50.8882],[4.37561,50.88829],[4.37556,50.88834],[4.37549,50.8884],[4.37542,50.88846],[4.37535,50.88852],[4.37531,50.88856],[4.37527,50.88858],[4.37516,50.88866],[4.37505,50.88875],[4.37495,50.88882],[4.37484,50.8889],[4.37477,50.88895],[4.37462,50.88905],[4.37452,50.88911],[4.37434,50.88921],[4.37409,50.88934],[4.37373,50.88952],[4.3734,50.88967],[4.37316,50.88978],[4.37288,50.88991],[4.37258,50.89003],[4.37223,50.89018],[4.37193,50.8903],[4.37151,50.89046],[4.37126,50.89055],[4.37108,50.89061],[4.37091,50.89067],[4.37058,50.89079],[4.36844,50.89149],[4.36833,50.89153],[4.36819,50.89158],[4.36809,50.8916],[4.36796,50.89164],[4.36782,50.89166],[4.36723,50.89176],[4.36707,50.89179],[4.3669,50.89183],[4.36677,50.89187],[4.36665,50.89191],[4.36653,50.89195],[4.36614,50.89212],[4.3657,50.8923],[4.36533,50.89247],[4.36511,50.89255],[4.36483,50.89265],[4.3646,50.89272],[4.36417,50.89286],[4.36391,50.89295],[4.36372,50.89302],[4.36354,50.89309],[4.36337,50.89317],[4.36314,50.89328],[4.36299,50.89337],[4.36276,50.89354],[4.36263,50.89363],[4.36254,50.89369],[4.36241,50.89381],[4.36223,50.89394],[4.36204,50.89407],[4.3619,50.89416],[4.36172,50.89427],[4.36154,50.89436],[4.36141,50.89442],[4.36126,50.89449],[4.36114,50.89453],[4.36096,50.8946],[4.36077,50.89465],[4.36058,50.8947],[4.36045,50.89473],[4.36031,50.89476],[4.36018,50.89478],[4.36004,50.8948],[4.3599,50.89481],[4.35984,50.89481],[4.35963,50.89482],[4.35949,50.89482],[4.35935,50.89481],[4.35914,50.89478],[4.35886,50.89474],[4.35872,50.89472],[4.35859,50.89471],[4.3585,50.89471],[4.35839,50.89471],[4.35833,50.89472],[4.35827,50.89473],[4.3582,50.89474],[4.35814,50.89476],[4.35808,50.89477],[4.35803,50.89479],[4.35797,50.89482],[4.35792,50.89484],[4.35787,50.89487],[4.35778,50.89493],[4.35738,50.8952],[4.35731,50.89525],[4.35724,50.89528],[4.35717,50.89531],[4.35711,50.89533],[4.35704,50.89535],[4.35699,50.89537],[4.35693,50.89538],[4.35684,50.89539],[4.35678,50.8954],[4.35676,50.8954],[4.35667,50.8954],[4.35659,50.8954],[4.35649,50.8954],[4.35639,50.89539],[4.35627,50.89537],[4.35576,50.89529],[4.35521,50.8952],[4.3551,50.89519],[4.35501,50.89518],[4.35493,50.89518],[4.35491,50.89518],[4.35486,50.89518],[4.35478,50.89518],[4.35473,50.89519],[4.35468,50.8952],[4.35464,50.89521],[4.35456,50.89523],[4.35448,50.89526],[4.35439,50.89529],[4.35431,50.89531],[4.35406,50.89537],[4.35397,50.8954],[4.35384,50.89544],[4.35369,50.89549],[4.35357,50.89553],[4.35346,50.89557],[4.35327,50.89565],[4.35312,50.89572],[4.35301,50.89577],[4.35293,50.89581],[4.35288,50.89582],[4.35282,50.89584],[4.35276,50.89585],[4.35269,50.89585],[4.35263,50.89585],[4.35257,50.89584],[4.35252,50.89583],[4.35246,50.89582],[4.35241,50.89581],[4.35236,50.89578],[4.35232,50.89576],[4.35227,50.89573],[4.35224,50.89571],[4.35153,50.89507],[4.35014,50.89384],[4.3481,50.89204],[4.34806,50.892],[4.34804,50.89199],[4.34792,50.89188],[4.34788,50.89185],[4.34787,50.89184],[4.34779,50.89178],[4.3477,50.89173],[4.34761,50.89168],[4.34752,50.89163],[4.34743,50.89158],[4.34612,50.89093],[4.34559,50.89067],[4.34553,50.89064],[4.34551,50.89063],[4.34546,50.89061],[4.34541,50.89059],[4.34536,50.89058],[4.3453,50.89058],[4.34523,50.89058],[4.34516,50.89059],[4.34511,50.8906],[4.34506,50.89062],[4.34492,50.89068],[4.3448,50.89074],[4.34476,50.89076],[4.3447,50.89078],[4.34464,50.8908],[4.34446,50.89085],[4.34402,50.89096],[4.34355,50.89108],[4.34351,50.8911],[4.34348,50.89111],[4.34344,50.89114],[4.34342,50.89115],[4.34341,50.89117],[4.34339,50.89119],[4.34337,50.89124],[4.34321,50.89164],[4.34317,50.89174],[4.34314,50.8918],[4.34311,50.89186],[4.34307,50.89192],[4.34302,50.892],[4.34296,50.89207],[4.34294,50.8921],[4.34288,50.89216],[4.34281,50.89224],[4.34274,50.8923],[4.3427,50.89234],[4.34265,50.89238],[4.34195,50.893],[4.34189,50.89306],[4.34142,50.89348],[4.34136,50.89353],[4.34125,50.89363],[4.34049,50.8943],[4.33986,50.89485],[4.33985,50.89487],[4.33979,50.89493],[4.33975,50.89496],[4.33969,50.89502],[4.33963,50.89509],[4.33957,50.89518],[4.33953,50.89524],[4.33947,50.89532],[4.33943,50.89539],[4.33938,50.89545],[4.33932,50.89552],[4.33927,50.89558],[4.3392,50.89565],[4.33913,50.89572],[4.33906,50.89578],[4.33905,50.89579],[4.33897,50.89586],[4.33896,50.89587],[4.33891,50.89592],[4.3389,50.89593],[4.3388,50.89602],[4.33875,50.89607],[4.33874,50.89608],[4.3387,50.89611],[4.33869,50.89612],[4.33859,50.89623],[4.33845,50.89636],[4.33841,50.8964],[4.33836,50.89643],[4.3383,50.89647],[4.33824,50.89649],[4.33814,50.89653],[4.33733,50.89679]]}},{"type":"Feature","properties":{"ref":5,"line":"7","color":"EFE048","mode":"tram","direction":1,"terminus":"VANDERKINDERE"},"geometry":{"type":"LineString","coordinates":[[4.33817,50.89642],[4.3382,50.89641],[4.33828,50.89638],[4.33837,50.89634],[4.33843,50.8963],[4.33847,50.89628],[4.33852,50.89623],[4.33855,50.89621],[4.33869,50.89607],[4.3388,50.89597],[4.33916,50.89564],[4.33923,50.89557],[4.33929,50.8955],[4.33934,50.89544],[4.33943,50.89532],[4.3395,50.89522],[4.33954,50.89515],[4.33956,50.89513],[4.3396,50.89507],[4.33967,50.89499],[4.33973,50.89493],[4.33981,50.89485],[4.33983,50.89484],[4.33984,50.89483],[4.34068,50.89408],[4.34122,50.89361],[4.34127,50.89357],[4.34186,50.89304],[4.34242,50.89254],[4.34264,50.89235],[4.34267,50.89232],[4.34268,50.89231],[4.34275,50.89225],[4.34276,50.89224],[4.34281,50.89219],[4.34287,50.89212],[4.34291,50.89207],[4.34297,50.89199],[4.34302,50.89192],[4.34307,50.89182],[4.34312,50.89174],[4.34315,50.89166],[4.34333,50.8912],[4.34336,50.89116],[4.34339,50.89113],[4.34341,50.89111],[4.34344,50.89109],[4.34349,50.89107],[4.34353,50.89106],[4.34452,50.8908],[4.34464,50.89077],[4.34471,50.89074],[4.34477,50.89072],[4.34488,50.89066],[4.34503,50.89059],[4.34507,50.89057],[4.34513,50.89056],[4.34518,50.89055],[4.34523,50.89055],[4.3453,50.89055],[4.34538,50.89055],[4.34545,50.89057],[4.34551,50.89059],[4.34557,50.89062],[4.34559,50.89063],[4.34606,50.89086],[4.34753,50.8916],[4.34764,50.89166],[4.34774,50.89171],[4.34782,50.89177],[4.3479,50.89182],[4.34796,50.89187],[4.34808,50.89197],[4.34888,50.89269],[4.3497,50.89341],[4.35222,50.89564],[4.35229,50.8957],[4.35235,50.89574],[4.3524,50.89577],[4.35245,50.89579],[4.3525,50.8958],[4.35257,50.89581],[4.35265,50.89582],[4.35271,50.89582],[4.35275,50.89581],[4.35283,50.8958],[4.35289,50.89579],[4.35294,50.89577],[4.35302,50.89573],[4.35313,50.89568],[4.35328,50.89561],[4.3534,50.89556],[4.35355,50.8955],[4.3537,50.89545],[4.35373,50.89544],[4.35392,50.89538],[4.35409,50.89534],[4.35429,50.89529],[4.35436,50.89527],[4.35445,50.89524],[4.35457,50.8952],[4.35461,50.89518],[4.35466,50.89517],[4.35471,50.89516],[4.35478,50.89515],[4.35485,50.89515],[4.35494,50.89515],[4.35501,50.89515],[4.3551,50.89516],[4.35516,50.89517],[4.35542,50.89521],[4.35612,50.89532],[4.35626,50.89534],[4.3564,50.89536],[4.35652,50.89537],[4.35662,50.89538],[4.35671,50.89538],[4.35679,50.89537],[4.3569,50.89536],[4.357,50.89533],[4.35707,50.89531],[4.35716,50.89528],[4.35721,50.89526],[4.35728,50.89522],[4.35736,50.89517],[4.35746,50.8951],[4.35774,50.8949],[4.35784,50.89484],[4.35789,50.89482],[4.358,50.89477],[4.35806,50.89475],[4.35813,50.89473],[4.35819,50.89471],[4.35825,50.8947],[4.35832,50.89469],[4.35839,50.89468],[4.35845,50.89468],[4.35853,50.89467],[4.3586,50.89468],[4.35867,50.89468],[4.35873,50.89469],[4.35891,50.89471],[4.35915,50.89475],[4.35929,50.89477],[4.35943,50.89478],[4.35955,50.89478],[4.35969,50.89478],[4.35983,50.89478],[4.3599,50.89478],[4.36003,50.89476],[4.36017,50.89475],[4.36037,50.89471],[4.3605,50.89469],[4.36069,50.89464],[4.36075,50.89462],[4.36088,50.89459],[4.36092,50.89457],[4.361,50.89455],[4.36118,50.89448],[4.36129,50.89444],[4.36145,50.89436],[4.36161,50.89428],[4.36177,50.8942],[4.36186,50.89414],[4.36198,50.89406],[4.36215,50.89395],[4.36233,50.89382],[4.36246,50.89372],[4.36259,50.89361],[4.3628,50.89345],[4.36294,50.89334],[4.3631,50.89324],[4.36327,50.89316],[4.36344,50.89308],[4.3635,50.89306],[4.36361,50.89302],[4.36389,50.89292],[4.36397,50.89289],[4.36459,50.89269],[4.36482,50.89262],[4.36508,50.89253],[4.36531,50.89244],[4.36567,50.89227],[4.36585,50.8922],[4.36657,50.8919],[4.36669,50.89186],[4.36681,50.89181],[4.36688,50.89179],[4.36701,50.89176],[4.36748,50.89165],[4.36808,50.8915],[4.3688,50.89132],[4.36887,50.8913],[4.36898,50.89127],[4.36917,50.89121],[4.36942,50.89113],[4.37009,50.89091],[4.37081,50.89068],[4.37106,50.89059],[4.37136,50.89048],[4.37166,50.89037],[4.37208,50.8902],[4.37256,50.89001],[4.37302,50.88981],[4.37325,50.8897],[4.3736,50.88954],[4.37392,50.88938],[4.3743,50.88919],[4.37452,50.88907],[4.37462,50.88901],[4.37469,50.88896],[4.37481,50.88888],[4.37494,50.88878],[4.37502,50.88872],[4.37511,50.88865],[4.37517,50.88859],[4.37523,50.88851],[4.3754,50.88832],[4.37622,50.88739],[4.37631,50.88729],[4.37658,50.88699],[4.3767,50.88686],[4.37691,50.88657],[4.37695,50.88649],[4.37699,50.88638],[4.37703,50.88628],[4.37705,50.88619],[4.37705,50.88619],[4.37707,50.8861],[4.37708,50.88591],[4.37709,50.88582],[4.3771,50.88567],[4.3771,50.88552],[4.37709,50.88537],[4.37708,50.88527],[4.37705,50.88512],[4.37702,50.88502],[4.37697,50.88488],[4.37693,50.88478],[4.37689,50.88468],[4.37684,50.88459],[4.37679,50.88449],[4.3767,50.88435],[4.37663,50.88426],[4.37652,50.88413],[4.37643,50.88404],[4.3763,50.88391],[4.37592,50.88356],[4.37582,50.88347],[4.37575,50.88342],[4.37557,50.88328],[4.37534,50.88311],[4.37527,50.88307],[4.37521,50.88304],[4.37518,50.88302],[4.37515,50.88301],[4.37509,50.883],[4.37501,50.883],[4.37494,50.88298],[4.37491,50.88297],[4.37488,50.88296],[4.37483,50.88294],[4.37477,50.8829],[4.37351,50.88195],[4.37347,50.88191],[4.37344,50.88189],[4.3734,50.88185],[4.37336,50.88179],[4.37334,50.88174],[4.37332,50.88169],[4.37332,50.88166],[4.37332,50.88159],[4.37333,50.88154],[4.37335,50.88149],[4.37338,50.88144],[4.37341,50.88141],[4.37345,50.88136],[4.37377,50.88106],[4.37383,50.881],[4.37384,50.88099],[4.37392,50.88091],[4.37395,50.88088],[4.37403,50.88079],[4.3741,50.88071],[4.37417,50.88062],[4.37421,50.88056],[4.37423,50.88054],[4.37434,50.88038],[4.37435,50.88036],[4.37437,50.88034],[4.37443,50.88025],[4.37446,50.88021],[4.37452,50.88011],[4.37459,50.88],[4.37464,50.87989],[4.37468,50.8798],[4.37471,50.87973],[4.37474,50.87962],[4.37477,50.87951],[4.3748,50.87939],[4.37482,50.87922],[4.37483,50.87917],[4.37484,50.8791],[4.37485,50.87899],[4.37486,50.87886],[4.37486,50.87876],[4.37486,50.87866],[4.37484,50.87856],[4.37482,50.87847],[4.3748,50.87838],[4.37471,50.87801],[4.37453,50.87734],[4.37451,50.87727],[4.37448,50.87721],[4.37443,50.87712],[4.37438,50.87703],[4.37435,50.87698],[4.37433,50.87692],[4.3743,50.87684],[4.37423,50.87658],[4.37421,50.87646],[4.37419,50.87636],[4.37418,50.87626],[4.37417,50.87617],[4.37417,50.87606],[4.37417,50.87597],[4.37418,50.87584],[4.37422,50.87561],[4.37424,50.87551],[4.37425,50.87544],[4.37427,50.87539],[4.37429,50.87533],[4.37432,50.87526],[4.37435,50.87522],[4.37439,50.87516],[4.37445,50.87507],[4.37453,50.87499],[4.37456,50.87495],[4.37493,50.87462],[4.37506,50.87451],[4.37517,50.87442],[4.37526,50.87435],[4.37543,50.87423],[4.37561,50.87411],[4.37572,50.87405],[4.3759,50.87394],[4.37599,50.87389],[4.37617,50.87381],[4.37636,50.87373],[4.37643,50.8737],[4.37669,50.8736],[4.37721,50.8734],[4.37752,50.87327],[4.3777,50.8732],[4.37785,50.87313],[4.37808,50.87303],[4.37813,50.87301],[4.37818,50.87299],[4.37829,50.87295],[4.37845,50.87287],[4.37864,50.87278],[4.37894,50.87264],[4.37935,50.87244],[4.37948,50.87238],[4.37965,50.87229],[4.38015,50.87204],[4.38019,50.87202],[4.3802,50.87201],[4.3803,50.87196],[4.38031,50.87195],[4.38042,50.8719],[4.38043,50.87189],[4.3805,50.87185],[4.38051,50.87185],[4.38056,50.87182],[4.38066,50.87177],[4.38069,50.87175],[4.38098,50.87158],[4.38107,50.87153],[4.3812,50.87145],[4.38128,50.8714],[4.38135,50.87136],[4.38151,50.87126],[4.38183,50.87106],[4.38195,50.87098],[4.38212,50.87087],[4.38225,50.87079],[4.38231,50.87074],[4.38244,50.87065],[4.38267,50.87049],[4.38283,50.87038],[4.38291,50.87032],[4.38298,50.87027],[4.38299,50.87026],[4.38307,50.87021],[4.38308,50.8702],[4.38316,50.87013],[4.38318,50.87013],[4.38327,50.87006],[4.38328,50.87005],[4.38336,50.86999],[4.38337,50.86998],[4.38358,50.86982],[4.38373,50.86969],[4.3839,50.86955],[4.38413,50.86937],[4.38424,50.86926],[4.38428,50.86923],[4.38429,50.86922],[4.38438,50.86914],[4.38439,50.86913],[4.38485,50.8687],[4.38487,50.86868],[4.38488,50.86867],[4.385,50.86855],[4.38509,50.86846],[4.38515,50.86839],[4.38518,50.86835],[4.38523,50.86828],[4.38528,50.86819],[4.38533,50.86811],[4.38537,50.86803],[4.38537,50.86802],[4.3854,50.86793],[4.38543,50.86784],[4.38544,50.86774],[4.38545,50.86766],[4.38546,50.86758],[4.38546,50.86744],[4.38545,50.86734],[4.38543,50.86724],[4.38542,50.86716],[4.3854,50.86709],[4.38533,50.86684],[4.38529,50.86665],[4.38525,50.86648],[4.38523,50.86632],[4.3852,50.86608],[4.38517,50.86593],[4.38513,50.86569],[4.38511,50.86555],[4.3851,50.86545],[4.38509,50.86543],[4.38509,50.86532],[4.38509,50.86515],[4.3851,50.86504],[4.38511,50.86491],[4.38513,50.86479],[4.38516,50.86468],[4.38518,50.86457],[4.38523,50.86442],[4.38528,50.8643],[4.38531,50.86422],[4.38536,50.86411],[4.38542,50.864],[4.38549,50.86388],[4.38555,50.86378],[4.38562,50.86368],[4.38568,50.86359],[4.3857,50.86357],[4.38574,50.86351],[4.38582,50.86341],[4.38586,50.86337],[4.38595,50.86328],[4.386,50.86323],[4.38601,50.86322],[4.38611,50.86313],[4.38621,50.86305],[4.38625,50.86301],[4.38627,50.863],[4.38632,50.86296],[4.38633,50.86295],[4.38639,50.86291],[4.38652,50.86282],[4.38667,50.86271],[4.38684,50.86261],[4.38695,50.86254],[4.38697,50.86253],[4.38711,50.86245],[4.3872,50.8624],[4.38732,50.86234],[4.38733,50.86234],[4.38735,50.86233],[4.38753,50.86224],[4.38762,50.8622],[4.38764,50.86219],[4.38774,50.86215],[4.38789,50.86209],[4.38801,50.86205],[4.38821,50.86198],[4.3883,50.86195],[4.38845,50.8619],[4.38858,50.86186],[4.38876,50.86181],[4.39041,50.86135],[4.3909,50.86121],[4.39106,50.86116],[4.3911,50.86115],[4.39133,50.86109],[4.39139,50.86107],[4.39143,50.86106],[4.39165,50.86099],[4.39194,50.8609],[4.39218,50.86082],[4.39241,50.86074],[4.39259,50.86067],[4.39271,50.86062],[4.3929,50.86054],[4.39303,50.86049],[4.39304,50.86048],[4.3931,50.86046],[4.39318,50.86042],[4.39322,50.86041],[4.39345,50.8603],[4.39358,50.86024],[4.39366,50.86019],[4.39384,50.8601],[4.3939,50.86007],[4.39392,50.86006],[4.39398,50.86003],[4.394,50.86002],[4.39415,50.85993],[4.39432,50.85984],[4.39445,50.85975],[4.39466,50.85962],[4.39482,50.85952],[4.39492,50.85945],[4.39507,50.85934],[4.3951,50.85932],[4.39511,50.8593],[4.39524,50.85921],[4.3953,50.85917],[4.39532,50.85915],[4.39539,50.8591],[4.39544,50.85905],[4.39559,50.85893],[4.39573,50.85881],[4.39576,50.85878],[4.39578,50.85876],[4.39588,50.85867],[4.39597,50.85859],[4.39598,50.85858],[4.39613,50.85843],[4.39627,50.85829],[4.39642,50.85815],[4.39663,50.85792],[4.39674,50.85781],[4.39689,50.85764],[4.39698,50.85753],[4.39707,50.85742],[4.3972,50.85727],[4.39733,50.8571],[4.39741,50.85699],[4.3975,50.85688],[4.39757,50.85678],[4.39759,50.85676],[4.39759,50.85675],[4.39778,50.85649],[4.39788,50.85632],[4.39797,50.85618],[4.39811,50.85596],[4.39816,50.85587],[4.39821,50.85576],[4.39825,50.85569],[4.39834,50.85548],[4.39839,50.85537],[4.39844,50.85529],[4.39849,50.8552],[4.39877,50.85474],[4.39895,50.85448],[4.39898,50.85443],[4.399,50.8544],[4.39905,50.85432],[4.39947,50.85359],[4.39952,50.85352],[4.39958,50.85344],[4.39965,50.85337],[4.39972,50.8533],[4.3999,50.85315],[4.39996,50.85309],[4.4,50.85303],[4.40004,50.85297],[4.40173,50.85012],[4.40243,50.84893],[4.40243,50.84893],[4.40275,50.84837],[4.40399,50.8463],[4.40428,50.84582],[4.40476,50.845],[4.40493,50.8447],[4.4051,50.84439],[4.40526,50.84408],[4.4056,50.84345],[4.4056,50.84345],[4.4066,50.84159],[4.40742,50.84005],[4.40749,50.83992],[4.40757,50.83976],[4.40764,50.83961],[4.4077,50.83948],[4.40774,50.83935],[4.40777,50.83922],[4.4078,50.83908],[4.40781,50.83899],[4.40781,50.83896],[4.40781,50.83883],[4.4078,50.8387],[4.40779,50.83863],[4.40777,50.8385],[4.40775,50.83842],[4.40773,50.83834],[4.40768,50.83822],[4.40762,50.83806],[4.40737,50.83754],[4.40718,50.83713],[4.40718,50.83712],[4.40679,50.83631],[4.40648,50.83566],[4.40636,50.83542],[4.40597,50.83464],[4.40527,50.83313],[4.40519,50.83297],[4.40519,50.83295],[4.40514,50.83285],[4.40498,50.83254],[4.40487,50.83231],[4.40471,50.83201],[4.40456,50.83176],[4.40437,50.83145],[4.40425,50.83127],[4.40409,50.83105],[4.40396,50.83087],[4.40393,50.83083],[4.40378,50.83065],[4.40366,50.83051],[4.40353,50.83037],[4.40339,50.83021],[4.40323,50.83006],[4.40305,50.82989],[4.40296,50.8298],[4.40273,50.8296],[4.40248,50.82939],[4.40235,50.82928],[4.40224,50.82919],[4.40199,50.829],[4.40173,50.82881],[4.40149,50.82865],[4.40119,50.82845],[4.40107,50.82838],[4.40084,50.82825],[4.40056,50.82809],[4.40024,50.82793],[4.39979,50.8277],[4.39843,50.82702],[4.39793,50.82677],[4.39792,50.82677],[4.39719,50.8264],[4.39717,50.82639],[4.39677,50.82619],[4.3963,50.82596],[4.39613,50.82587],[4.39597,50.82578],[4.39576,50.82566],[4.3956,50.82558],[4.39533,50.82544],[4.39351,50.82453],[4.39227,50.8239],[4.3916,50.82357],[4.39149,50.82351],[4.39133,50.82343],[4.39086,50.8232],[4.39026,50.8229],[4.38949,50.8225],[4.38887,50.82219],[4.38884,50.82217],[4.38859,50.82205],[4.38842,50.82197],[4.38801,50.8218],[4.38778,50.82169],[4.38744,50.82153],[4.38715,50.8214],[4.38686,50.82127],[4.38656,50.82115],[4.3862,50.82101],[4.38583,50.82087],[4.3854,50.82071],[4.38515,50.82062],[4.38489,50.82054],[4.38471,50.82048],[4.38439,50.82038],[4.38407,50.82028],[4.38374,50.82019],[4.38338,50.82008],[4.38288,50.81995],[4.38254,50.81987],[4.38209,50.81976],[4.38193,50.81973],[4.38172,50.81967],[4.38167,50.81966],[4.38158,50.81963],[4.38145,50.81959],[4.38126,50.81953],[4.38114,50.81948],[4.38101,50.81943],[4.38086,50.81937],[4.38074,50.81931],[4.38059,50.81923],[4.38048,50.81917],[4.38038,50.81912],[4.38031,50.81907],[4.38016,50.81897],[4.37997,50.81883],[4.37988,50.81875],[4.37976,50.81865],[4.37961,50.81851],[4.37954,50.81845],[4.37947,50.81838],[4.37939,50.8183],[4.37931,50.81821],[4.37923,50.81811],[4.3791,50.81796],[4.37884,50.81765],[4.37864,50.81741],[4.37851,50.81726],[4.37808,50.81675],[4.37804,50.81671],[4.378,50.81668],[4.37795,50.81665],[4.37791,50.81663],[4.37788,50.81662],[4.37784,50.81661],[4.37778,50.81659],[4.3777,50.81658],[4.37663,50.81641],[4.37631,50.81635],[4.37588,50.81628],[4.37548,50.81621],[4.37533,50.81619],[4.37481,50.81609],[4.3745,50.81604],[4.37421,50.81599],[4.37296,50.81579],[4.37269,50.81574],[4.37167,50.81558],[4.37108,50.81549],[4.37079,50.81544],[4.36926,50.8152],[4.36805,50.81501],[4.36788,50.81499],[4.36781,50.81498],[4.36778,50.81498],[4.3676,50.81495],[4.36757,50.81495],[4.36753,50.81494],[4.3675,50.81493],[4.36746,50.81491],[4.36744,50.81489],[4.3674,50.81486],[4.36739,50.81484],[4.36738,50.81483],[4.36737,50.81481],[4.36737,50.81476],[4.36737,50.81474],[4.36772,50.81383],[4.36829,50.81239],[4.3683,50.81234],[4.36831,50.8123],[4.36832,50.81226],[4.36831,50.81222],[4.3683,50.81218],[4.36829,50.81216],[4.36827,50.81214],[4.36824,50.81211],[4.36819,50.81208],[4.36814,50.81206],[4.36809,50.81204],[4.36803,50.81202],[4.36796,50.81202],[4.36736,50.81194],[4.36723,50.81192],[4.36691,50.81188],[4.36666,50.81185],[4.36602,50.81177],[4.36482,50.81162],[4.36433,50.81157],[4.36398,50.81154],[4.36356,50.8115],[4.36306,50.81147],[4.36264,50.81144],[4.36208,50.81141],[4.36193,50.81141],[4.36165,50.8114],[4.36158,50.8114],[4.36144,50.81139],[4.36094,50.81138],[4.36058,50.81138],[4.36008,50.81138],[4.35966,50.81139],[4.35923,50.8114],[4.35873,50.81142],[4.35845,50.81143],[4.35809,50.81145],[4.35766,50.81148],[4.3574,50.8115],[4.35717,50.81151],[4.35694,50.81153],[4.35673,50.81155],[4.35647,50.81158],[4.35583,50.81164],[4.35548,50.81169],[4.35507,50.81174],[4.35472,50.81179],[4.35464,50.8118],[4.35428,50.81186],[4.3539,50.81192],[4.35346,50.812],[4.35325,50.81203],[4.35274,50.81213],[4.35268,50.81214],[4.3522,50.81224],[4.35173,50.81235],[4.35133,50.81244],[4.35093,50.81254],[4.3506,50.81263],[4.35041,50.81268],[4.34976,50.81286],[4.34937,50.81298],[4.34928,50.813],[4.34893,50.81312],[4.34848,50.81326],[4.34809,50.8134],[4.34802,50.81342],[4.34795,50.81345],[4.34792,50.81347],[4.34789,50.81349],[4.34785,50.81352],[4.34782,50.81356],[4.34778,50.81361],[4.34776,50.81364],[4.34774,50.8137],[4.34754,50.81423],[4.34749,50.81435]]}},{"type":"Feature","properties":{"ref":6,"line":"8","color":"169FDB","mode":"tram","direction":0,"terminus":"ROODEBEEK"},"geometry":{"type":"LineString","coordinates":[[4.35319,50.83721],[4.35327,50.83716],[4.35349,50.83703],[4.3536,50.83696],[4.35373,50.83687],[4.35389,50.83675],[4.35428,50.83647],[4.35433,50.83644],[4.35447,50.83633],[4.35461,50.83622],[4.35477,50.83606],[4.35499,50.83586],[4.35518,50.83568],[4.35556,50.83531],[4.3558,50.83508],[4.35596,50.83493],[4.35701,50.83392],[4.35722,50.83371],[4.35729,50.83365],[4.35734,50.83358],[4.35737,50.83353],[4.3574,50.8335],[4.35741,50.83347],[4.35744,50.83341],[4.35745,50.83338],[4.35746,50.83337],[4.35746,50.83336],[4.3575,50.83328],[4.35754,50.83323],[4.35758,50.83318],[4.35763,50.83312],[4.35776,50.83299],[4.35849,50.83229],[4.35865,50.83213],[4.35866,50.83212],[4.35875,50.83204],[4.35876,50.83203],[4.35886,50.83193],[4.35895,50.83184],[4.35951,50.83128],[4.35966,50.83113],[4.36053,50.83028],[4.3606,50.83022],[4.36062,50.8302],[4.36072,50.8301],[4.36078,50.83005],[4.36079,50.83004],[4.3609,50.82993],[4.36091,50.82992],[4.36095,50.82989],[4.36096,50.82988],[4.36101,50.82983],[4.36102,50.82982],[4.36207,50.8288],[4.36227,50.82861],[4.3636,50.82731],[4.36363,50.82729],[4.36372,50.8272],[4.36373,50.82719],[4.36375,50.82717],[4.36381,50.82711],[4.36382,50.8271],[4.36409,50.82684],[4.36516,50.8258],[4.36526,50.8257],[4.36533,50.82563],[4.36555,50.82541],[4.36564,50.82533],[4.36566,50.82531],[4.36639,50.8246],[4.36645,50.82454],[4.36646,50.82453],[4.3667,50.8243],[4.36676,50.82425],[4.36677,50.82424],[4.36681,50.8242],[4.36682,50.82419],[4.36806,50.82299],[4.3692,50.82188],[4.36924,50.82184],[4.36925,50.82183],[4.36938,50.8217],[4.36947,50.82161],[4.36955,50.82152],[4.36978,50.82126],[4.36987,50.82117],[4.36992,50.82109],[4.36996,50.82103],[4.37002,50.82095],[4.37006,50.82086],[4.37008,50.8208],[4.37011,50.82073],[4.37015,50.8206],[4.37018,50.82051],[4.37022,50.82039],[4.37075,50.81893],[4.37098,50.8183],[4.37103,50.81817],[4.37107,50.81808],[4.3711,50.81802],[4.37122,50.81778],[4.37127,50.81769],[4.37131,50.81759],[4.37139,50.81738],[4.37159,50.81682],[4.37166,50.81664],[4.37191,50.81596],[4.37192,50.81592],[4.37195,50.81585],[4.37199,50.8158],[4.37201,50.81577],[4.37205,50.81573],[4.37209,50.81571],[4.37212,50.8157],[4.37217,50.81568],[4.37222,50.81567],[4.37228,50.81567],[4.37235,50.81567],[4.37242,50.81567],[4.3727,50.81572],[4.37326,50.81581],[4.37427,50.81597],[4.37466,50.81603],[4.37501,50.8161],[4.37539,50.81617],[4.37569,50.81622],[4.37606,50.81628],[4.37665,50.81638],[4.37747,50.81651],[4.37777,50.81656],[4.37783,50.81657],[4.37788,50.81659],[4.37793,50.8166],[4.37798,50.81663],[4.37802,50.81665],[4.37806,50.81668],[4.37809,50.81671],[4.37813,50.81675],[4.37871,50.81744],[4.37884,50.81759],[4.37907,50.81786],[4.37911,50.81792],[4.37917,50.81797],[4.37922,50.81802],[4.37925,50.81804],[4.37928,50.81806],[4.3793,50.81807],[4.37933,50.81808],[4.37938,50.81809],[4.37944,50.8181],[4.37947,50.8181],[4.37952,50.8181],[4.37955,50.81809],[4.37961,50.81808],[4.37967,50.81806],[4.37976,50.818],[4.37981,50.81798],[4.38003,50.81784],[4.38067,50.81744],[4.38283,50.81608],[4.38292,50.81601],[4.38302,50.81594],[4.38314,50.81583],[4.38322,50.81576],[4.38333,50.81565],[4.38343,50.81553],[4.38356,50.81537],[4.38367,50.81521],[4.38379,50.81503],[4.38388,50.81487],[4.38395,50.81475],[4.38399,50.81466],[4.38403,50.81453],[4.38407,50.81435],[4.38414,50.81406],[4.38416,50.81395],[4.3842,50.81382],[4.38423,50.81373],[4.38429,50.8136],[4.38433,50.81351],[4.38438,50.81343],[4.38445,50.8133],[4.38457,50.81314],[4.38565,50.81162],[4.3857,50.81154],[4.38577,50.81142],[4.38581,50.81136],[4.38582,50.81131],[4.38584,50.81123],[4.38585,50.81118],[4.38585,50.81112],[4.38584,50.81106],[4.38581,50.81092],[4.3858,50.81086],[4.3858,50.81083],[4.3858,50.81074],[4.38581,50.81068],[4.38583,50.81061],[4.38585,50.81052],[4.38586,50.8105],[4.38591,50.8104],[4.38596,50.81031],[4.38607,50.81014],[4.38641,50.80965],[4.38696,50.80885],[4.38705,50.80872],[4.38712,50.80859],[4.3872,50.80846],[4.38726,50.80832],[4.3873,50.80821],[4.38737,50.80801],[4.38741,50.80787],[4.38744,50.80773],[4.38751,50.80729],[4.38766,50.80638],[4.38767,50.8063],[4.38772,50.80599],[4.38776,50.80585],[4.38779,50.80575],[4.38782,50.80566],[4.38786,50.80557],[4.3881,50.80523],[4.39015,50.80302],[4.39018,50.80298],[4.39031,50.80286],[4.39044,50.80274],[4.39057,50.80263],[4.39058,50.80263],[4.39072,50.80251],[4.39076,50.80249],[4.39088,50.80241],[4.39104,50.8023],[4.3912,50.80221],[4.39138,50.80211],[4.39155,50.80202],[4.39182,50.8019],[4.39249,50.80161],[4.39271,50.80151],[4.39328,50.80127],[4.39335,50.80124],[4.39342,50.80121],[4.39346,50.80118],[4.39351,50.80116],[4.39361,50.8011],[4.39369,50.80105],[4.39376,50.80101],[4.39379,50.80098],[4.39381,50.80097],[4.3939,50.8009],[4.39391,50.80088],[4.39396,50.80083],[4.39401,50.80078],[4.39403,50.80076],[4.39413,50.80062],[4.39415,50.8006],[4.39445,50.8002],[4.3945,50.80014],[4.39459,50.80001],[4.39484,50.79968],[4.39488,50.79964],[4.39507,50.79941],[4.39511,50.79936],[4.39518,50.79928],[4.39533,50.79907],[4.39541,50.79897],[4.39545,50.79889],[4.39548,50.79881],[4.39552,50.7987],[4.39557,50.79853],[4.39561,50.79841],[4.39566,50.79826],[4.3957,50.79813],[4.3959,50.79747],[4.39593,50.79742],[4.39595,50.79739],[4.39597,50.79736],[4.39601,50.79731],[4.39605,50.79728],[4.3961,50.79725],[4.39615,50.79722],[4.39622,50.7972],[4.39629,50.79717],[4.39643,50.79713],[4.39656,50.79709],[4.39664,50.79707],[4.39668,50.79706],[4.39681,50.79703],[4.39693,50.797],[4.39703,50.79698],[4.39711,50.79697],[4.39724,50.79694],[4.39733,50.79693],[4.3977,50.79688],[4.39927,50.79665],[4.39997,50.79655],[4.40004,50.79654],[4.40027,50.79651],[4.40037,50.79649],[4.40066,50.79645],[4.40087,50.79642],[4.40163,50.79631],[4.4021,50.79625],[4.40582,50.79572],[4.40655,50.79561],[4.40682,50.79557],[4.40712,50.79554],[4.40742,50.79551],[4.40782,50.79547],[4.40788,50.79547],[4.40807,50.79545],[4.40821,50.79545],[4.40838,50.79544],[4.40854,50.79544],[4.40872,50.79544],[4.4108,50.79547],[4.41137,50.79547],[4.41159,50.79548],[4.41181,50.79549],[4.41204,50.7955],[4.41225,50.79552],[4.41246,50.79555],[4.41264,50.79557],[4.41289,50.79561],[4.41307,50.79564],[4.41323,50.79567],[4.41357,50.79575],[4.41385,50.79581],[4.41402,50.79585],[4.41417,50.7959],[4.41427,50.79593],[4.41446,50.79599],[4.4146,50.79604],[4.41478,50.7961],[4.415,50.79619],[4.4152,50.79628],[4.41539,50.79637],[4.41556,50.79645],[4.41564,50.79649],[4.41578,50.79657],[4.41592,50.79665],[4.41605,50.79672],[4.41622,50.79683],[4.41643,50.79697],[4.41643,50.79698],[4.41644,50.79698],[4.41709,50.79743],[4.41724,50.79753],[4.41736,50.79762],[4.41737,50.79762],[4.41751,50.79773],[4.41753,50.79774],[4.41762,50.79781],[4.41769,50.79785],[4.41779,50.79791],[4.4179,50.79796],[4.41799,50.798],[4.41805,50.79802],[4.41816,50.79806],[4.41828,50.79809],[4.41828,50.79809],[4.41874,50.79821],[4.41884,50.79824],[4.41893,50.79826],[4.41899,50.79827],[4.41907,50.79828],[4.41928,50.79829],[4.41935,50.7983],[4.4194,50.79831],[4.41948,50.79832],[4.41958,50.79834],[4.41967,50.79836],[4.41974,50.79839],[4.41984,50.79843],[4.41994,50.79846],[4.42013,50.79854],[4.42027,50.7986],[4.42043,50.79867],[4.42056,50.79874],[4.42057,50.79874],[4.4207,50.79881],[4.42082,50.79888],[4.42093,50.79894],[4.42105,50.79902],[4.42112,50.79907],[4.42124,50.79915],[4.42132,50.79921],[4.42142,50.79929],[4.42154,50.79939],[4.42162,50.79947],[4.42166,50.7995],[4.42167,50.79951],[4.42175,50.7996],[4.4218,50.79965],[4.42188,50.79973],[4.42195,50.79982],[4.42199,50.79987],[4.42206,50.79997],[4.42213,50.80007],[4.42217,50.80014],[4.42225,50.80027],[4.42239,50.80054],[4.42244,50.80064],[4.42249,50.80072],[4.42257,50.80085],[4.42265,50.80096],[4.42269,50.80102],[4.42275,50.8011],[4.42282,50.80119],[4.42292,50.80131],[4.42305,50.80145],[4.42315,50.80156],[4.42322,50.80162],[4.42327,50.80167],[4.42336,50.80176],[4.4234,50.80179],[4.42346,50.80185],[4.4236,50.80196],[4.4237,50.80204],[4.42382,50.80213],[4.42395,50.80222],[4.42404,50.80229],[4.42411,50.80233],[4.42462,50.80267],[4.42479,50.80278],[4.42494,50.80289],[4.42506,50.80298],[4.4252,50.80309],[4.42538,50.80324],[4.42542,50.80328],[4.42556,50.80341],[4.42563,50.80348],[4.42564,50.80349],[4.42573,50.80358],[4.42587,50.80373],[4.42597,50.80385],[4.42607,50.80396],[4.42614,50.80406],[4.42621,50.80416],[4.42629,50.80428],[4.42635,50.80437],[4.42641,50.80448],[4.42649,50.80462],[4.42655,50.80475],[4.42662,50.80489],[4.42667,50.80501],[4.4267,50.80509],[4.42672,50.80513],[4.42677,50.80529],[4.4268,50.80541],[4.42683,50.80552],[4.42757,50.80913],[4.42777,50.81008],[4.42784,50.81046],[4.42787,50.81058],[4.42789,50.81074],[4.42791,50.81089],[4.42791,50.81104],[4.42791,50.81121],[4.4279,50.81137],[4.42789,50.81148],[4.42787,50.81158],[4.42784,50.81172],[4.42781,50.81184],[4.4278,50.81188],[4.42775,50.81204],[4.42769,50.81221],[4.42764,50.81235],[4.42759,50.81247],[4.42753,50.81259],[4.42747,50.81271],[4.42738,50.81285],[4.42729,50.813],[4.42717,50.81316],[4.42677,50.81369],[4.42668,50.81382],[4.4266,50.81394],[4.42651,50.81408],[4.42646,50.81418],[4.42642,50.81426],[4.42636,50.81438],[4.42631,50.8145],[4.42626,50.81465],[4.42622,50.81477],[4.42619,50.81488],[4.42616,50.81503],[4.42614,50.81516],[4.42612,50.81531],[4.42612,50.8154],[4.42612,50.81551],[4.42612,50.81563],[4.42612,50.81579],[4.42612,50.81591],[4.42614,50.81606],[4.42615,50.81617],[4.42618,50.81628],[4.42618,50.81629],[4.42622,50.81639],[4.42626,50.81651],[4.42631,50.81662],[4.42652,50.81701],[4.42669,50.81737],[4.42676,50.81748],[4.42682,50.81757],[4.42689,50.81768],[4.42699,50.81781],[4.42709,50.81794],[4.42719,50.81805],[4.42731,50.81817],[4.42733,50.8182],[4.42743,50.81829],[4.42753,50.81838],[4.42765,50.81846],[4.42772,50.81851],[4.42779,50.81856],[4.42788,50.81861],[4.42796,50.81865],[4.42806,50.81871],[4.42829,50.81882],[4.42847,50.81892],[4.42867,50.81903],[4.42879,50.8191],[4.42891,50.81917],[4.4291,50.8193],[4.42911,50.8193],[4.4292,50.81937],[4.42922,50.81938],[4.42927,50.81942],[4.42933,50.81946],[4.42947,50.81957],[4.42959,50.81967],[4.42974,50.81979],[4.42985,50.8199],[4.42986,50.81991],[4.42997,50.82001],[4.43005,50.82009],[4.43009,50.82013],[4.43019,50.82024],[4.43031,50.82038],[4.43035,50.82044],[4.43041,50.82052],[4.4305,50.82064],[4.43058,50.82076],[4.43065,50.82088],[4.43072,50.82102],[4.43085,50.82125],[4.43093,50.82142],[4.43096,50.82148],[4.43104,50.82164],[4.43113,50.82184],[4.43118,50.82196],[4.43119,50.822],[4.43127,50.8222],[4.43136,50.82242],[4.43143,50.82263],[4.43149,50.82283],[4.43155,50.82304],[4.43159,50.82321],[4.43164,50.82339],[4.4317,50.82367],[4.43175,50.82391],[4.43179,50.82419],[4.43186,50.82471],[4.43189,50.82497],[4.43189,50.82498],[4.4319,50.82509],[4.43191,50.82518],[4.43191,50.82524],[4.4319,50.82532],[4.43189,50.82538],[4.43187,50.82545],[4.43184,50.82552],[4.43177,50.8257],[4.43172,50.82583],[4.43167,50.82598],[4.43164,50.82612],[4.43161,50.82626],[4.43159,50.82638],[4.43158,50.82649],[4.43158,50.82661],[4.43158,50.82677],[4.43159,50.82688],[4.4316,50.82699],[4.43162,50.82709],[4.43165,50.82723],[4.43169,50.82736],[4.43174,50.8275],[4.43178,50.82762],[4.43186,50.82776],[4.43194,50.82792],[4.43202,50.82803],[4.4321,50.82815],[4.4322,50.82827],[4.4323,50.82839],[4.43237,50.82847],[4.43246,50.82856],[4.43257,50.82865],[4.4333,50.82931],[4.43337,50.82938],[4.43351,50.8295],[4.43365,50.82964],[4.43375,50.82974],[4.43379,50.82978],[4.43382,50.82982],[4.43384,50.82986],[4.43385,50.8299],[4.43386,50.82994],[4.43386,50.82998],[4.43386,50.83002],[4.43385,50.83006],[4.43384,50.8301],[4.43382,50.83015],[4.43378,50.83022],[4.43378,50.83022],[4.43362,50.83046],[4.43328,50.83097],[4.43326,50.831],[4.43323,50.83105],[4.43311,50.83123],[4.43299,50.83142],[4.43297,50.83144],[4.43294,50.8315],[4.43292,50.83155],[4.4326,50.83231],[4.43259,50.83233],[4.43256,50.8324],[4.43253,50.83248],[4.43252,50.83255],[4.43251,50.83263],[4.4325,50.8327],[4.4325,50.83277],[4.43251,50.83287],[4.43253,50.83297],[4.43259,50.83314],[4.43264,50.83322],[4.43271,50.83333],[4.4328,50.83344],[4.4328,50.83344],[4.43288,50.83353],[4.43302,50.83366],[4.43309,50.83373],[4.43316,50.8338],[4.43328,50.83391],[4.43336,50.834],[4.43345,50.83409],[4.43356,50.83421],[4.43376,50.83445],[4.43386,50.83457],[4.43392,50.83464],[4.43411,50.8349],[4.43422,50.83508],[4.43437,50.8353],[4.43448,50.8355],[4.43457,50.83569],[4.43457,50.83569],[4.43466,50.83588],[4.43476,50.83613],[4.43476,50.83613],[4.43485,50.83638],[4.4349,50.83653],[4.43502,50.837],[4.43506,50.83713],[4.4351,50.83727],[4.43523,50.83769],[4.43523,50.83769],[4.4353,50.83791],[4.4353,50.83791],[4.43536,50.8381],[4.43541,50.83825],[4.43555,50.83863],[4.43568,50.83894],[4.43575,50.8391],[4.43586,50.83933],[4.43592,50.83947],[4.43599,50.83958],[4.43603,50.83965],[4.43608,50.83974],[4.43616,50.83986],[4.43621,50.83993],[4.43633,50.84008],[4.43656,50.84038],[4.43663,50.84047],[4.4367,50.84057],[4.4368,50.84071],[4.43705,50.84108],[4.43723,50.84138],[4.43746,50.84178],[4.43746,50.84179],[4.4376,50.84207],[4.4378,50.8425],[4.43781,50.84253],[4.43792,50.84279],[4.43799,50.84302],[4.43807,50.84324],[4.43809,50.84334],[4.43818,50.84367],[4.43825,50.84396],[4.4383,50.84428],[4.43836,50.84451],[4.43838,50.8446],[4.43847,50.84493],[4.43847,50.84494],[4.43847,50.84494],[4.43853,50.84517],[4.43859,50.84539],[4.4386,50.84539],[4.43864,50.84552],[4.43871,50.8457],[4.43884,50.84599],[4.43895,50.84618],[4.43895,50.84618],[4.43906,50.8464],[4.43912,50.84648],[4.43932,50.84679],[4.43951,50.84711],[4.4396,50.84726],[4.43969,50.8474],[4.43971,50.84745],[4.43971,50.84745],[4.43971,50.84749],[4.43972,50.84752],[4.43969,50.84761],[4.43969,50.84761],[4.43964,50.84766],[4.43958,50.84772],[4.4395,50.84775],[4.4394,50.84778],[4.43927,50.84781],[4.43905,50.84785],[4.43895,50.84787],[4.43895,50.84787],[4.43885,50.84788],[4.43873,50.84789],[4.4386,50.84788],[4.43839,50.84786],[4.43786,50.84779],[4.43767,50.84775],[4.43756,50.84772],[4.43739,50.84767],[4.43727,50.84764],[4.43727,50.84764],[4.43633,50.84751]]}},{"type":"Feature","properties":{"ref":6,"line":"8","color":"169FDB","mode":"tram","direction":1,"terminus":"LOUISE"},"geometry":{"type":"LineString","coordinates":[[4.4369,50.84759],[4.43727,50.84764],[4.43788,50.84773],[4.43841,50.84781],[4.43853,50.84783],[4.43864,50.84784],[4.43873,50.84785],[4.43874,50.84785],[4.43882,50.84785],[4.43891,50.84784],[4.43902,50.84783],[4.43902,50.84782],[4.43932,50.84775],[4.43941,50.84773],[4.43948,50.8477],[4.43948,50.8477],[4.43954,50.84766],[4.4396,50.84762],[4.43963,50.84757],[4.43965,50.84752],[4.43966,50.84752],[4.43964,50.84743],[4.43963,50.8474],[4.43959,50.84732],[4.43959,50.84732],[4.43945,50.84709],[4.43939,50.847],[4.43939,50.847],[4.43906,50.84648],[4.43897,50.84632],[4.43897,50.84632],[4.4389,50.8462],[4.43879,50.846],[4.43866,50.8457],[4.43865,50.84569],[4.43857,50.84546],[4.43849,50.84519],[4.43842,50.84494],[4.43828,50.84441],[4.43825,50.84424],[4.43821,50.84401],[4.43819,50.84395],[4.43816,50.84378],[4.43812,50.84362],[4.43806,50.84339],[4.43806,50.84338],[4.43801,50.84324],[4.43794,50.84302],[4.43787,50.84282],[4.4378,50.84263],[4.43775,50.8425],[4.4376,50.84218],[4.43747,50.84192],[4.43741,50.84179],[4.43721,50.84144],[4.43706,50.84117],[4.43689,50.84092],[4.43672,50.84068],[4.43652,50.8404],[4.43635,50.84018],[4.43621,50.84],[4.43612,50.83987],[4.43603,50.83975],[4.43598,50.83965],[4.43598,50.83965],[4.43589,50.8395],[4.43588,50.83948],[4.4358,50.83931],[4.4357,50.8391],[4.43563,50.83893],[4.43555,50.83875],[4.43548,50.83856],[4.43541,50.83841],[4.43535,50.83823],[4.43529,50.83806],[4.43524,50.83788],[4.43517,50.83764],[4.43513,50.83753],[4.43503,50.8372],[4.43495,50.83693],[4.43492,50.83682],[4.43488,50.83664],[4.43482,50.83645],[4.43482,50.83645],[4.43478,50.8363],[4.43471,50.83613],[4.43468,50.83604],[4.43461,50.83589],[4.43454,50.83572],[4.43445,50.83555],[4.43438,50.83541],[4.43432,50.83532],[4.43424,50.83519],[4.43414,50.83503],[4.43402,50.83485],[4.43394,50.83474],[4.43384,50.83461],[4.43371,50.83445],[4.43366,50.83439],[4.43349,50.8342],[4.43334,50.83403],[4.43326,50.83395],[4.43298,50.83368],[4.43274,50.83344],[4.43256,50.83327],[4.43255,50.83326],[4.43249,50.8332],[4.43245,50.83315],[4.43241,50.8331],[4.43237,50.83305],[4.43234,50.83298],[4.4323,50.83291],[4.43228,50.83285],[4.43227,50.83279],[4.43226,50.83271],[4.43226,50.83261],[4.43227,50.83254],[4.43228,50.83248],[4.4323,50.83243],[4.43232,50.83237],[4.43235,50.83231],[4.43238,50.83227],[4.43293,50.83143],[4.43321,50.83101],[4.43328,50.8309],[4.43332,50.83084],[4.43335,50.83078],[4.43339,50.83068],[4.43342,50.83062],[4.43346,50.83055],[4.43367,50.83025],[4.4337,50.8302],[4.43372,50.83014],[4.43373,50.83011],[4.43374,50.83005],[4.43373,50.83001],[4.43372,50.82997],[4.43371,50.82993],[4.43368,50.82988],[4.43367,50.82985],[4.43362,50.8298],[4.4336,50.82979],[4.43359,50.82978],[4.43249,50.8288],[4.43238,50.8287],[4.43231,50.82863],[4.43219,50.82851],[4.43209,50.8284],[4.43201,50.82831],[4.43193,50.8282],[4.43185,50.82809],[4.43179,50.828],[4.43171,50.82788],[4.43165,50.82776],[4.4316,50.82766],[4.43156,50.82757],[4.43155,50.82753],[4.4315,50.82742],[4.43147,50.8273],[4.43145,50.82723],[4.43142,50.82711],[4.4314,50.82701],[4.43139,50.82691],[4.43138,50.82683],[4.43137,50.82673],[4.43137,50.82654],[4.43138,50.82643],[4.43139,50.82632],[4.43141,50.82623],[4.43143,50.82611],[4.43147,50.82598],[4.43149,50.82589],[4.43154,50.82576],[4.43163,50.82554],[4.43166,50.82544],[4.43168,50.82536],[4.43168,50.82527],[4.43168,50.82517],[4.43167,50.82508],[4.43151,50.82399],[4.43151,50.82397],[4.43149,50.82386],[4.43144,50.8236],[4.43139,50.82339],[4.43137,50.8233],[4.43131,50.82309],[4.43126,50.8229],[4.43119,50.82267],[4.4311,50.82241],[4.43101,50.82218],[4.43095,50.82202],[4.43084,50.82178],[4.43076,50.82159],[4.43062,50.82132],[4.43052,50.82112],[4.43042,50.82095],[4.43032,50.82078],[4.43025,50.82067],[4.43018,50.82057],[4.43015,50.82052],[4.43013,50.82051],[4.43007,50.82041],[4.43006,50.82041],[4.42998,50.82031],[4.42989,50.82021],[4.42985,50.82016],[4.42975,50.82006],[4.42965,50.81997],[4.42956,50.81988],[4.42943,50.81977],[4.42938,50.81973],[4.42931,50.81967],[4.4292,50.81958],[4.42905,50.81948],[4.42891,50.81938],[4.42886,50.81935],[4.42877,50.81929],[4.42865,50.81922],[4.42864,50.81921],[4.4285,50.81914],[4.42834,50.81905],[4.42818,50.81897],[4.42813,50.81894],[4.42793,50.81885],[4.42785,50.81881],[4.42776,50.81876],[4.42766,50.8187],[4.42754,50.81863],[4.42743,50.81855],[4.42735,50.81849],[4.42725,50.81841],[4.42718,50.81835],[4.42712,50.81829],[4.42703,50.8182],[4.42693,50.81809],[4.42681,50.81795],[4.42672,50.81783],[4.42664,50.81773],[4.42654,50.81757],[4.42648,50.81748],[4.42643,50.81739],[4.42634,50.8172],[4.42627,50.81706],[4.4262,50.8169],[4.42613,50.81672],[4.42603,50.81643],[4.42598,50.81628],[4.42595,50.81616],[4.42592,50.81603],[4.42591,50.81598],[4.4259,50.81591],[4.42589,50.81576],[4.42588,50.81563],[4.42587,50.8155],[4.42588,50.81537],[4.42589,50.81525],[4.4259,50.8151],[4.42592,50.81498],[4.42594,50.8149],[4.42598,50.81476],[4.42601,50.81466],[4.42605,50.81453],[4.42609,50.81443],[4.42615,50.81429],[4.42621,50.81415],[4.42629,50.81401],[4.42637,50.81388],[4.42645,50.81376],[4.42647,50.81374],[4.42653,50.81365],[4.42657,50.81359],[4.42669,50.81344],[4.42679,50.81333],[4.4269,50.81321],[4.42694,50.81316],[4.42703,50.81305],[4.4271,50.81295],[4.42719,50.81281],[4.42727,50.81268],[4.42732,50.81258],[4.42736,50.81251],[4.4274,50.81242],[4.42746,50.81229],[4.4275,50.81215],[4.42755,50.81201],[4.4276,50.81183],[4.42764,50.8117],[4.42765,50.81165],[4.42765,50.81162],[4.42767,50.81153],[4.42769,50.8114],[4.4277,50.81129],[4.42771,50.81115],[4.42771,50.81097],[4.4277,50.81083],[4.42768,50.81072],[4.42767,50.81061],[4.42762,50.81038],[4.42757,50.8101],[4.4272,50.80832],[4.42664,50.8056],[4.42661,50.80549],[4.42659,50.80539],[4.42656,50.8053],[4.42654,50.80522],[4.42653,50.80521],[4.42651,50.80515],[4.4265,50.80513],[4.42646,50.80502],[4.42641,50.80488],[4.42639,50.80485],[4.42634,50.80474],[4.42627,50.80462],[4.4262,50.80449],[4.42615,50.80441],[4.42608,50.80429],[4.42604,50.80423],[4.42602,50.80421],[4.42595,50.80412],[4.42586,50.80399],[4.42576,50.80388],[4.42568,50.80378],[4.42562,50.80371],[4.42556,50.80365],[4.42545,50.80354],[4.42537,50.80347],[4.42533,50.80343],[4.42532,50.80342],[4.42518,50.80329],[4.425,50.80314],[4.42488,50.80304],[4.4248,50.80298],[4.42478,50.80297],[4.42471,50.80292],[4.42467,50.80289],[4.42452,50.80279],[4.42437,50.80269],[4.42404,50.80248],[4.42397,50.80243],[4.42383,50.80234],[4.42371,50.80225],[4.42364,50.8022],[4.42362,50.80219],[4.42352,50.80211],[4.42342,50.80203],[4.4233,50.80192],[4.42323,50.80187],[4.42312,50.80177],[4.42307,50.80172],[4.423,50.80165],[4.42299,50.80164],[4.42288,50.80153],[4.42277,50.8014],[4.42269,50.80131],[4.42257,50.80117],[4.42248,50.80105],[4.4224,50.80093],[4.42238,50.8009],[4.42231,50.80079],[4.42224,50.80067],[4.42218,50.80056],[4.42206,50.80033],[4.42202,50.80025],[4.42198,50.80019],[4.42193,50.8001],[4.42187,50.80002],[4.42185,50.8],[4.4218,50.79992],[4.42173,50.79984],[4.42164,50.79973],[4.42158,50.79967],[4.4215,50.79959],[4.42143,50.79952],[4.4214,50.7995],[4.42129,50.79939],[4.42118,50.79931],[4.42116,50.79929],[4.42114,50.79928],[4.42108,50.79923],[4.42107,50.79922],[4.42096,50.79915],[4.42081,50.79905],[4.42065,50.79896],[4.42056,50.79891],[4.42046,50.79886],[4.42034,50.79879],[4.4202,50.79872],[4.42015,50.7987],[4.42013,50.7987],[4.42005,50.79866],[4.41995,50.79862],[4.4198,50.79856],[4.41966,50.79851],[4.41948,50.79845],[4.41938,50.79842],[4.41917,50.79836],[4.4188,50.79826],[4.41827,50.79812],[4.41818,50.7981],[4.41814,50.79808],[4.41806,50.79806],[4.41798,50.79803],[4.41791,50.798],[4.41783,50.79796],[4.41776,50.79793],[4.41772,50.79791],[4.41766,50.79787],[4.41759,50.79783],[4.41753,50.79778],[4.4174,50.79768],[4.41738,50.79767],[4.41729,50.79761],[4.41722,50.79756],[4.41709,50.79746],[4.41677,50.79725],[4.41628,50.79691],[4.41611,50.7968],[4.41594,50.79669],[4.41576,50.79659],[4.41565,50.79653],[4.41549,50.79645],[4.41531,50.79636],[4.41511,50.79627],[4.4149,50.79618],[4.41475,50.79612],[4.41456,50.79605],[4.41439,50.79599],[4.4142,50.79594],[4.41404,50.79589],[4.41387,50.79585],[4.41311,50.79568],[4.41298,50.79565],[4.41296,50.79565],[4.4128,50.79562],[4.4126,50.79559],[4.41239,50.79556],[4.41214,50.79554],[4.41195,50.79552],[4.41183,50.79552],[4.41158,50.7955],[4.41134,50.7955],[4.40944,50.79548],[4.40862,50.79547],[4.40844,50.79547],[4.40826,50.79547],[4.4081,50.79548],[4.40793,50.79549],[4.40723,50.79556],[4.40699,50.79559],[4.40698,50.79559],[4.40677,50.79561],[4.40648,50.79565],[4.40447,50.79594],[4.40088,50.79645],[4.39958,50.79664],[4.39936,50.79667],[4.39794,50.79687],[4.39769,50.79691],[4.39726,50.79697],[4.39706,50.79701],[4.39694,50.79703],[4.39681,50.79706],[4.39669,50.79709],[4.3965,50.79714],[4.39646,50.79715],[4.3963,50.7972],[4.39622,50.79723],[4.39617,50.79725],[4.39612,50.79727],[4.39608,50.7973],[4.39604,50.79733],[4.39601,50.79737],[4.39598,50.79741],[4.39595,50.79745],[4.39593,50.79751],[4.39572,50.79819],[4.39569,50.79831],[4.39565,50.79842],[4.39562,50.79852],[4.39556,50.7987],[4.39552,50.79883],[4.39548,50.79892],[4.39542,50.79902],[4.39533,50.79914],[4.39517,50.79935],[4.39515,50.79939],[4.39513,50.79941],[4.39497,50.79962],[4.39485,50.79979],[4.3948,50.79987],[4.39449,50.80027],[4.39442,50.80038],[4.39433,50.80052],[4.39431,50.80055],[4.39426,50.80061],[4.39422,50.80067],[4.3942,50.8007],[4.39414,50.80078],[4.3941,50.80083],[4.39407,50.80085],[4.39402,50.80091],[4.39395,50.80097],[4.39393,50.80099],[4.39391,50.801],[4.39388,50.80103],[4.39379,50.80108],[4.39371,50.80113],[4.39364,50.80116],[4.39355,50.8012],[4.39332,50.80129],[4.393,50.80143],[4.39256,50.80161],[4.39187,50.80191],[4.39176,50.80195],[4.39158,50.80204],[4.3914,50.80213],[4.39123,50.80222],[4.39107,50.80232],[4.39091,50.80242],[4.39076,50.80253],[4.39061,50.80264],[4.39047,50.80276],[4.39037,50.80285],[4.39034,50.80287],[4.39022,50.80299],[4.39008,50.80314],[4.38892,50.80439],[4.38814,50.80524],[4.38807,50.80532],[4.38801,50.80541],[4.38795,50.80549],[4.3879,50.80558],[4.38786,50.80567],[4.38783,50.80576],[4.3878,50.80585],[4.38777,50.80597],[4.38766,50.80666],[4.3876,50.80699],[4.38752,50.80746],[4.38748,50.80773],[4.38743,50.80792],[4.38738,50.8081],[4.38734,50.80821],[4.38727,50.80837],[4.38721,50.80849],[4.38714,50.80863],[4.38706,50.80876],[4.38643,50.80968],[4.38624,50.80995],[4.38605,50.81023],[4.386,50.81031],[4.38595,50.8104],[4.3859,50.8105],[4.38588,50.81056],[4.38585,50.81065],[4.38584,50.81071],[4.38583,50.81078],[4.38584,50.81083],[4.38584,50.81087],[4.38586,50.81097],[4.38588,50.81108],[4.38588,50.81113],[4.38588,50.81119],[4.38587,50.81127],[4.38586,50.81132],[4.38584,50.81137],[4.3858,50.81145],[4.38577,50.8115],[4.38573,50.81155],[4.38478,50.8129],[4.38446,50.81335],[4.38441,50.81343],[4.38436,50.81352],[4.3843,50.81365],[4.3843,50.81365],[4.38427,50.81373],[4.38422,50.81386],[4.38419,50.814],[4.3841,50.8144],[4.38408,50.81449],[4.38405,50.81458],[4.38402,50.81466],[4.38396,50.81479],[4.38392,50.81488],[4.38382,50.81505],[4.38373,50.81517],[4.38362,50.81534],[4.38353,50.81546],[4.38351,50.81548],[4.38343,50.81558],[4.38332,50.8157],[4.38326,50.81576],[4.38321,50.81581],[4.38308,50.81592],[4.383,50.81599],[4.3829,50.81606],[4.3817,50.81682],[4.38033,50.81768],[4.37995,50.81793],[4.37981,50.81802],[4.37971,50.81808],[4.37966,50.81811],[4.37962,50.81812],[4.37956,50.81813],[4.37953,50.81814],[4.37949,50.81814],[4.37942,50.81814],[4.37935,50.81813],[4.37932,50.81812],[4.37928,50.8181],[4.37924,50.81808],[4.37922,50.81807],[4.3792,50.81806],[4.37916,50.81802],[4.37912,50.81798],[4.3791,50.81796],[4.37884,50.81765],[4.37864,50.81741],[4.37851,50.81726],[4.37808,50.81675],[4.37804,50.81671],[4.378,50.81668],[4.37795,50.81665],[4.37791,50.81663],[4.37788,50.81662],[4.37784,50.81661],[4.37778,50.81659],[4.3777,50.81658],[4.37663,50.81641],[4.37631,50.81635],[4.37588,50.81628],[4.37548,50.81621],[4.37533,50.81619],[4.37481,50.81609],[4.3745,50.81604],[4.37421,50.81599],[4.37296,50.81579],[4.37269,50.81574],[4.37256,50.81573],[4.37245,50.81571],[4.37238,50.8157],[4.37233,50.8157],[4.37227,50.8157],[4.37222,50.81571],[4.3722,50.81572],[4.37214,50.81574],[4.3721,50.81576],[4.37206,50.81579],[4.37203,50.81581],[4.372,50.81585],[4.37198,50.8159],[4.37196,50.81595],[4.37195,50.81596],[4.37181,50.81634],[4.37181,50.81634],[4.37179,50.81639],[4.37175,50.81646],[4.37171,50.81652],[4.37169,50.81657],[4.37166,50.81664],[4.37159,50.81682],[4.37157,50.81689],[4.37155,50.81704],[4.37154,50.81708],[4.37153,50.81712],[4.37152,50.81713],[4.37135,50.81759],[4.37132,50.81769],[4.37127,50.81779],[4.37119,50.81794],[4.37115,50.81804],[4.37111,50.81813],[4.37049,50.81983],[4.37021,50.82061],[4.37016,50.82074],[4.37011,50.82085],[4.37007,50.82093],[4.37003,50.82101],[4.37001,50.82105],[4.36995,50.82113],[4.36989,50.82123],[4.36987,50.82125],[4.36981,50.82133],[4.36973,50.82143],[4.36967,50.82148],[4.36959,50.82156],[4.36952,50.82163],[4.3695,50.82165],[4.36928,50.82185],[4.36927,50.82186],[4.36915,50.82198],[4.36913,50.82199],[4.36907,50.82205],[4.36906,50.82206],[4.36903,50.82209],[4.36902,50.82211],[4.36897,50.82215],[4.36896,50.82216],[4.36697,50.8241],[4.36689,50.82417],[4.36684,50.82422],[4.36683,50.82423],[4.36672,50.82433],[4.36671,50.82434],[4.36651,50.82453],[4.3665,50.82454],[4.36647,50.82457],[4.36646,50.82458],[4.3659,50.82512],[4.36573,50.82529],[4.36572,50.8253],[4.36559,50.82542],[4.36552,50.82549],[4.3654,50.82561],[4.36529,50.82572],[4.36519,50.82582],[4.36517,50.82583],[4.36487,50.82613],[4.36412,50.82686],[4.36392,50.82705],[4.36391,50.82706],[4.36383,50.82714],[4.36377,50.82719],[4.36376,50.82721],[4.36366,50.8273],[4.36365,50.82731],[4.36334,50.82762],[4.36232,50.82861],[4.3615,50.8294],[4.361,50.82989],[4.36095,50.82994],[4.36093,50.82995],[4.36088,50.83],[4.36086,50.83002],[4.36062,50.83025],[4.36061,50.83026],[4.35976,50.83108],[4.35975,50.8311],[4.35958,50.83125],[4.35957,50.83127],[4.35901,50.83183],[4.3588,50.83204],[4.35874,50.8321],[4.35867,50.83216],[4.35866,50.83217],[4.35857,50.83226],[4.35856,50.83227],[4.35826,50.83256],[4.35772,50.83308],[4.35765,50.83315],[4.35763,50.83318],[4.35761,50.8332],[4.35756,50.83326],[4.35754,50.8333],[4.3575,50.83338],[4.35747,50.83346],[4.35742,50.83353],[4.35738,50.8336],[4.35732,50.83366],[4.35728,50.8337],[4.35727,50.83371],[4.35726,50.83372],[4.35708,50.83389],[4.35564,50.83529],[4.35548,50.83544],[4.35502,50.83588],[4.35499,50.83592],[4.3549,50.83599],[4.35478,50.83611],[4.35468,50.8362],[4.35459,50.83628],[4.35451,50.83635],[4.35436,50.83646],[4.35416,50.8366],[4.35407,50.83667],[4.35391,50.83676],[4.35379,50.83683],[4.35373,50.83687],[4.3536,50.83696],[4.35349,50.83703],[4.35327,50.83716],[4.35319,50.83721]]}},{"type":"Feature","properties":{"ref":7,"line":"9","color":"C44F97","mode":"tram","direction":0,"terminus":"ROI BAUDOUIN"},"geometry":{"type":"LineString","coordinates":[[4.27541,50.86717],[4.27545,50.86718],[4.2757,50.8672],[4.2757,50.8672],[4.27582,50.86722],[4.27582,50.86722],[4.27603,50.86727],[4.27605,50.86727],[4.27615,50.86729],[4.2763,50.86732],[4.27642,50.86733],[4.27656,50.86735],[4.27743,50.86743],[4.27761,50.86744],[4.27773,50.86745],[4.27786,50.86744],[4.278,50.86744],[4.27814,50.86742],[4.27839,50.86738],[4.27879,50.86732],[4.2788,50.86732],[4.2793,50.86725],[4.28038,50.86711],[4.28092,50.86704],[4.2812,50.86701],[4.28142,50.86698],[4.2817,50.86696],[4.28175,50.86696],[4.28339,50.86687],[4.28536,50.86677],[4.28729,50.86667],[4.28798,50.86663],[4.2882,50.86661],[4.28842,50.86659],[4.28863,50.86657],[4.28884,50.86653],[4.28905,50.86649],[4.28918,50.86646],[4.28925,50.86644],[4.28938,50.86641],[4.28957,50.86635],[4.28995,50.86623],[4.29029,50.86611],[4.29259,50.86534],[4.29341,50.86507],[4.29366,50.86499],[4.2938,50.86495],[4.29406,50.86488],[4.29457,50.86475],[4.29498,50.86464],[4.29624,50.8643],[4.29631,50.86428],[4.29635,50.86427],[4.29639,50.86427],[4.29647,50.86427],[4.29651,50.86427],[4.29656,50.86427],[4.29661,50.86428],[4.29666,50.86429],[4.2968,50.86433],[4.29709,50.86442],[4.29709,50.86442],[4.29755,50.86456],[4.29841,50.86481],[4.29864,50.86488],[4.30081,50.86552],[4.30178,50.86581],[4.30333,50.86627],[4.30346,50.8663],[4.30413,50.8665],[4.30436,50.86657],[4.30462,50.86664],[4.30475,50.86667],[4.30486,50.8667],[4.30502,50.86672],[4.30518,50.86674],[4.30537,50.86675],[4.30563,50.86676],[4.30666,50.86677],[4.30779,50.86679],[4.30806,50.86679],[4.30842,50.8668],[4.30917,50.86684],[4.31003,50.86689],[4.31014,50.8669],[4.31432,50.86714],[4.31439,50.86715],[4.31447,50.86715],[4.31452,50.86714],[4.31456,50.86714],[4.31459,50.86713],[4.31463,50.86711],[4.31466,50.8671],[4.31469,50.86709],[4.31472,50.86706],[4.31474,50.86704],[4.31476,50.86702],[4.31477,50.867],[4.31479,50.86695],[4.31482,50.86686],[4.31483,50.86681],[4.31489,50.8667],[4.3149,50.86668],[4.31492,50.86665],[4.31495,50.8666],[4.31501,50.86652],[4.31508,50.86645],[4.31512,50.86641],[4.31521,50.86634],[4.31531,50.86627],[4.31542,50.8662],[4.31551,50.86615],[4.31562,50.8661],[4.31573,50.86605],[4.31582,50.86602],[4.31592,50.86599],[4.31609,50.86594],[4.31619,50.86592],[4.31635,50.86588],[4.31656,50.86584],[4.31677,50.8658],[4.31788,50.86562],[4.31814,50.86557],[4.31848,50.86551],[4.31881,50.86544],[4.31888,50.86543],[4.32005,50.86519],[4.32031,50.86514],[4.32065,50.86506],[4.32095,50.86499],[4.32124,50.86492],[4.32152,50.86484],[4.32178,50.86477],[4.32204,50.86469],[4.32244,50.86457],[4.32282,50.86445],[4.32325,50.8643],[4.32362,50.86417],[4.32388,50.86407],[4.32431,50.8639],[4.32481,50.86369],[4.3253,50.86349],[4.3253,50.86349],[4.32565,50.86333],[4.32629,50.86304],[4.32639,50.86299],[4.32645,50.86297],[4.32651,50.86295],[4.32657,50.86294],[4.3266,50.86293],[4.32667,50.86293],[4.32671,50.86294],[4.32675,50.86294],[4.32801,50.86321],[4.32825,50.86326],[4.32834,50.86328],[4.32834,50.86328],[4.32845,50.8633],[4.32857,50.86332],[4.32857,50.86332],[4.3287,50.86333],[4.3287,50.86333],[4.32875,50.86335],[4.32876,50.86335],[4.32882,50.86336],[4.32886,50.86338],[4.32891,50.8634],[4.32891,50.8634],[4.32891,50.8634],[4.32895,50.86344],[4.32899,50.86347],[4.32904,50.86352],[4.32918,50.86373],[4.32919,50.86375],[4.32921,50.86379],[4.32923,50.86382],[4.32924,50.86384],[4.32925,50.86388],[4.32924,50.86393],[4.32924,50.86396],[4.32923,50.864],[4.3292,50.86405],[4.32919,50.86407],[4.32918,50.86409],[4.32916,50.86411],[4.32912,50.86418],[4.32874,50.86474],[4.32815,50.86563],[4.32769,50.86631],[4.32725,50.86697],[4.32721,50.86703],[4.32707,50.86723],[4.32692,50.86744],[4.32648,50.8681],[4.32635,50.8683],[4.32487,50.8705],[4.3244,50.87122],[4.32433,50.87132],[4.32416,50.87158],[4.32404,50.87174],[4.32382,50.87208],[4.32373,50.87221],[4.32358,50.87244],[4.32341,50.87268],[4.3231,50.87314],[4.32282,50.87357],[4.3228,50.87359],[4.32265,50.87382],[4.32265,50.87382],[4.32257,50.87394],[4.32255,50.87398],[4.32243,50.87413],[4.32236,50.87419],[4.32231,50.87424],[4.3222,50.87432],[4.32212,50.87437],[4.32199,50.87443],[4.32135,50.87474],[4.32066,50.87508],[4.32045,50.87518],[4.32014,50.87534],[4.31989,50.87546],[4.31957,50.87562],[4.31919,50.87581],[4.31911,50.87584],[4.31884,50.87598],[4.31868,50.87607],[4.3185,50.87617],[4.3185,50.87617],[4.31836,50.87626],[4.3183,50.87629],[4.31826,50.87631],[4.31822,50.87635],[4.31817,50.87638],[4.31812,50.87641],[4.31807,50.87645],[4.31802,50.87649],[4.31802,50.87649],[4.31798,50.87652],[4.31793,50.87657],[4.31786,50.87663],[4.31779,50.87671],[4.31775,50.87676],[4.31765,50.87688],[4.3175,50.87708],[4.31722,50.87746],[4.317,50.87775],[4.317,50.87775],[4.31682,50.878],[4.31674,50.87811],[4.31674,50.87812],[4.31664,50.87825],[4.31658,50.87833],[4.31652,50.87842],[4.31652,50.87842],[4.31646,50.87851],[4.31642,50.87857],[4.31636,50.87867],[4.31636,50.87867],[4.31632,50.87875],[4.31627,50.87885],[4.31621,50.87899],[4.31616,50.87915],[4.31612,50.87928],[4.3161,50.8794],[4.31608,50.87951],[4.31605,50.87965],[4.31605,50.87965],[4.31601,50.87987],[4.31597,50.88004],[4.31597,50.88004],[4.31597,50.88006],[4.31592,50.8803],[4.3159,50.88044],[4.31589,50.88044],[4.31589,50.88059],[4.31589,50.8807],[4.31589,50.88071],[4.31591,50.8808],[4.31592,50.88093],[4.31592,50.88093],[4.31596,50.88107],[4.31596,50.88107],[4.31603,50.88129],[4.31616,50.88167],[4.31616,50.88167],[4.31629,50.88203],[4.31638,50.88232],[4.31654,50.88276],[4.31675,50.8834],[4.31699,50.88409],[4.3171,50.88442],[4.31716,50.8846],[4.31718,50.88467],[4.31718,50.88467],[4.31721,50.88477],[4.31726,50.8851],[4.31726,50.88517],[4.31726,50.88517],[4.31724,50.88521],[4.3172,50.88526],[4.31715,50.88531],[4.31715,50.88531],[4.31709,50.88534],[4.31703,50.88537],[4.31696,50.88538],[4.31689,50.8854],[4.31671,50.88541],[4.31628,50.88545],[4.31576,50.88549],[4.31466,50.88558],[4.31407,50.88562],[4.31376,50.88565],[4.31358,50.88568],[4.31358,50.88568],[4.31337,50.88571],[4.31318,50.88575],[4.31303,50.88579],[4.31287,50.88583],[4.31264,50.88591],[4.31247,50.88597],[4.31227,50.88606],[4.31208,50.88616],[4.31196,50.88623],[4.31178,50.88635],[4.31174,50.88637],[4.31159,50.88647],[4.31141,50.8866],[4.31134,50.88665],[4.31116,50.88679],[4.31106,50.88687],[4.31102,50.8869],[4.31097,50.88696],[4.31093,50.88701],[4.31089,50.88707],[4.31084,50.88716],[4.31058,50.88762],[4.31044,50.88786],[4.31031,50.88811],[4.31025,50.88819],[4.31015,50.88835],[4.30997,50.88865],[4.30974,50.88906],[4.30956,50.88938],[4.30937,50.88972],[4.30917,50.89008],[4.30914,50.89014],[4.30908,50.89025],[4.30904,50.89033],[4.30901,50.8904],[4.30899,50.89047],[4.30898,50.89055],[4.30897,50.89061],[4.30897,50.89061],[4.30896,50.89071],[4.30897,50.89081],[4.30899,50.8909],[4.30903,50.891],[4.30906,50.89109],[4.30909,50.89114],[4.30914,50.89121],[4.30919,50.89129],[4.30919,50.89129],[4.30924,50.89134],[4.3093,50.89141],[4.30937,50.89147],[4.30943,50.89153],[4.30949,50.89157],[4.3096,50.89164],[4.30969,50.8917],[4.30985,50.89178],[4.30994,50.89182],[4.30994,50.89182],[4.31007,50.89187],[4.31023,50.89193],[4.31074,50.89211],[4.31121,50.89227],[4.3115,50.89238],[4.31166,50.89243],[4.31182,50.89249],[4.31196,50.89254],[4.31212,50.89259],[4.31224,50.89262],[4.31242,50.89267],[4.31252,50.89269],[4.31262,50.89272],[4.31271,50.89275],[4.31281,50.89278],[4.31291,50.89281],[4.31341,50.89299],[4.31341,50.89299],[4.3136,50.89306],[4.31375,50.8931],[4.31381,50.89311],[4.3139,50.89312],[4.31396,50.89312],[4.31396,50.89312],[4.31404,50.89313],[4.31409,50.89312],[4.31409,50.89313],[4.31414,50.89312],[4.3142,50.89312],[4.31425,50.89312],[4.3143,50.89311],[4.31455,50.89308],[4.31455,50.89308],[4.31506,50.89301],[4.31506,50.89301],[4.31524,50.89299],[4.31542,50.89297],[4.31553,50.89297],[4.31565,50.89296],[4.31565,50.89296],[4.31587,50.89296],[4.31604,50.89295],[4.31619,50.89296],[4.3164,50.89296],[4.31647,50.89296],[4.31658,50.89296],[4.31672,50.89297],[4.31689,50.89299],[4.31705,50.89301],[4.31719,50.89302],[4.31734,50.89304],[4.3175,50.89307],[4.31778,50.89312],[4.31807,50.89318],[4.31839,50.89323],[4.31853,50.89326],[4.31875,50.89329],[4.31898,50.89334],[4.31918,50.89337],[4.3196,50.89346],[4.31975,50.89348],[4.31991,50.89352],[4.32007,50.89355],[4.32017,50.89357],[4.32025,50.89358],[4.32033,50.8936],[4.32039,50.89362],[4.32051,50.89366],[4.32061,50.8937],[4.32068,50.89372],[4.32076,50.89374],[4.32083,50.89376],[4.3209,50.89377],[4.32143,50.89387],[4.32192,50.89397],[4.32204,50.89399],[4.32213,50.89401],[4.32225,50.89403],[4.32237,50.89405],[4.32249,50.89407],[4.32263,50.89408],[4.32279,50.8941],[4.32292,50.89412],[4.32292,50.89411],[4.32306,50.89413],[4.32322,50.89413],[4.32336,50.89414],[4.32355,50.89415],[4.32374,50.89415],[4.32393,50.89414],[4.32407,50.89413],[4.32421,50.89413],[4.32441,50.89411],[4.3247,50.89408],[4.32489,50.89406],[4.32557,50.894],[4.32572,50.89399],[4.32635,50.89393],[4.32651,50.89391],[4.3266,50.89391],[4.3267,50.8939],[4.3268,50.8939],[4.32689,50.89391],[4.32696,50.89392],[4.32705,50.89393],[4.32716,50.89395],[4.32726,50.89397],[4.32739,50.894],[4.32747,50.89402],[4.32755,50.89403],[4.32762,50.89404],[4.32768,50.89405],[4.32779,50.89404],[4.32786,50.89404],[4.32796,50.89403],[4.32819,50.89399],[4.3285,50.89395],[4.32905,50.89386],[4.32948,50.8938],[4.33002,50.89371],[4.33044,50.89365],[4.33056,50.89363],[4.33063,50.89362],[4.33073,50.89361],[4.33082,50.89361],[4.33089,50.89361],[4.33095,50.89362],[4.33101,50.89364],[4.33105,50.89366],[4.33112,50.8937],[4.33115,50.89372],[4.33119,50.89376],[4.33124,50.89382],[4.3313,50.89389],[4.33151,50.89414],[4.33154,50.89418],[4.33164,50.8943],[4.33166,50.89432],[4.33169,50.89437],[4.33171,50.89441],[4.33171,50.89443],[4.33171,50.89446],[4.33171,50.89449],[4.33169,50.89452],[4.33168,50.89455],[4.33165,50.89458],[4.33162,50.89462],[4.33153,50.89469],[4.33129,50.89488],[4.33101,50.8951],[4.33065,50.89539],[4.33061,50.89541],[4.33057,50.89543],[4.33051,50.89547],[4.33046,50.8955],[4.33041,50.89553],[4.33037,50.89556],[4.33033,50.8956],[4.33032,50.89561],[4.33027,50.89567],[4.33024,50.8957],[4.33021,50.89573],[4.32948,50.89632]]}},{"type":"Feature","properties":{"ref":7,"line":"9","color":"C44F97","mode":"tram","direction":1,"terminus":"GROOT-BIJGAARDEN"},"geometry":{"type":"LineString","coordinates":[[4.32977,50.89608],[4.33021,50.89573],[4.33024,50.8957],[4.33027,50.89567],[4.33032,50.89561],[4.33033,50.8956],[4.33037,50.89556],[4.33041,50.89553],[4.33062,50.89537],[4.33112,50.89496],[4.33149,50.89467],[4.33153,50.89464],[4.33156,50.89462],[4.33159,50.89459],[4.33161,50.89456],[4.33162,50.89453],[4.33162,50.89449],[4.33162,50.89446],[4.33162,50.89444],[4.33159,50.89439],[4.33156,50.89435],[4.33154,50.89433],[4.33115,50.89385],[4.33113,50.89384],[4.33109,50.89379],[4.33104,50.89374],[4.33099,50.8937],[4.33096,50.89368],[4.33091,50.89366],[4.33085,50.89365],[4.33079,50.89364],[4.33073,50.89364],[4.33066,50.89364],[4.33058,50.89366],[4.33043,50.89368],[4.33028,50.8937],[4.33015,50.89372],[4.32918,50.89387],[4.32817,50.89402],[4.32792,50.89406],[4.32784,50.89407],[4.32778,50.89407],[4.32771,50.89408],[4.32764,50.89407],[4.32758,50.89407],[4.32752,50.89406],[4.32745,50.89405],[4.32739,50.89403],[4.32731,50.89401],[4.32721,50.89399],[4.32709,50.89397],[4.32698,50.89395],[4.32688,50.89394],[4.32678,50.89393],[4.32671,50.89393],[4.32663,50.89393],[4.32656,50.89394],[4.32648,50.89395],[4.32626,50.89397],[4.32593,50.894],[4.32564,50.89402],[4.32537,50.89405],[4.32523,50.89406],[4.32509,50.89408],[4.32483,50.8941],[4.32464,50.89412],[4.32444,50.89413],[4.32428,50.89415],[4.3241,50.89416],[4.32398,50.89417],[4.32385,50.89417],[4.32372,50.89417],[4.32359,50.89417],[4.32346,50.89417],[4.32334,50.89417],[4.32323,50.89416],[4.32308,50.89415],[4.32296,50.89415],[4.32281,50.89413],[4.32268,50.89412],[4.32254,50.8941],[4.32245,50.89409],[4.32233,50.89407],[4.32222,50.89405],[4.32211,50.89403],[4.32192,50.894],[4.3215,50.89391],[4.3213,50.89387],[4.32106,50.89383],[4.32096,50.89381],[4.32088,50.89379],[4.32082,50.89378],[4.32076,50.89377],[4.32071,50.89375],[4.32065,50.89374],[4.32059,50.89372],[4.32053,50.8937],[4.32037,50.89364],[4.32026,50.89361],[4.3201,50.89358],[4.31982,50.89353],[4.31929,50.89342],[4.31913,50.89339],[4.31901,50.89337],[4.31873,50.89332],[4.3186,50.8933],[4.3185,50.89328],[4.31837,50.89326],[4.31822,50.89323],[4.31796,50.89318],[4.31771,50.89314],[4.31751,50.8931],[4.31734,50.89307],[4.31723,50.89306],[4.31709,50.89304],[4.31694,50.89302],[4.31677,50.89301],[4.31657,50.89299],[4.31642,50.89299],[4.3163,50.89298],[4.31607,50.89298],[4.31592,50.89298],[4.31573,50.89299],[4.31558,50.893],[4.31546,50.893],[4.31526,50.89302],[4.31516,50.89303],[4.31516,50.89303],[4.31505,50.89305],[4.31505,50.89305],[4.31429,50.89314],[4.31408,50.89317],[4.314,50.89318],[4.31393,50.89318],[4.31385,50.89318],[4.31375,50.89317],[4.31368,50.89316],[4.31361,50.89315],[4.31354,50.89313],[4.31354,50.89312],[4.31347,50.8931],[4.31347,50.8931],[4.31329,50.89304],[4.31296,50.89292],[4.31284,50.89288],[4.31262,50.8928],[4.31231,50.89269],[4.31202,50.89259],[4.31177,50.89251],[4.31177,50.89251],[4.31153,50.89243],[4.3108,50.89217],[4.31031,50.89199],[4.3103,50.89199],[4.31008,50.89191],[4.30993,50.89185],[4.30986,50.89182],[4.30969,50.89175],[4.30956,50.89167],[4.30942,50.89157],[4.30932,50.89149],[4.30925,50.89142],[4.30916,50.89133],[4.30909,50.89123],[4.30909,50.89123],[4.30904,50.89115],[4.30898,50.89104],[4.30895,50.89095],[4.30893,50.89086],[4.30892,50.89075],[4.30891,50.89064],[4.30892,50.89056],[4.30894,50.89046],[4.30896,50.89039],[4.309,50.89028],[4.30905,50.89019],[4.30918,50.88997],[4.30937,50.88962],[4.30944,50.8895],[4.30955,50.88931],[4.30989,50.88869],[4.30992,50.88864],[4.30997,50.88856],[4.31002,50.88846],[4.31014,50.88822],[4.31025,50.888],[4.3103,50.88791],[4.3104,50.88773],[4.31072,50.88715],[4.31081,50.887],[4.31088,50.88692],[4.31091,50.88688],[4.31091,50.88687],[4.31097,50.88682],[4.31097,50.88683],[4.3111,50.88672],[4.3113,50.88658],[4.31166,50.88633],[4.31173,50.88628],[4.3118,50.88623],[4.31195,50.88614],[4.3121,50.88605],[4.31223,50.88599],[4.31232,50.88595],[4.31241,50.88591],[4.31259,50.88585],[4.3128,50.88578],[4.31297,50.88574],[4.31313,50.8857],[4.31313,50.8857],[4.31328,50.88567],[4.31346,50.88565],[4.3136,50.88564],[4.31388,50.88561],[4.31481,50.88553],[4.31576,50.88546],[4.31664,50.88539],[4.31682,50.88537],[4.31686,50.88537],[4.31691,50.88536],[4.31698,50.88534],[4.31703,50.88532],[4.31708,50.88531],[4.31714,50.88526],[4.31718,50.88521],[4.3172,50.88516],[4.3172,50.88509],[4.3172,50.88509],[4.31719,50.88502],[4.3172,50.88502],[4.31717,50.88483],[4.31714,50.8847],[4.31712,50.88463],[4.317,50.88429],[4.31681,50.88372],[4.3166,50.88311],[4.31636,50.88241],[4.31617,50.88186],[4.31598,50.8813],[4.31598,50.8813],[4.31595,50.88119],[4.31588,50.881],[4.31584,50.88082],[4.31583,50.88074],[4.31583,50.88074],[4.31581,50.88063],[4.31581,50.88051],[4.31581,50.8805],[4.31581,50.88038],[4.31583,50.88022],[4.31586,50.88003],[4.31586,50.88003],[4.31588,50.87993],[4.31588,50.87993],[4.31592,50.87974],[4.31594,50.87967],[4.31598,50.8795],[4.31602,50.87934],[4.31604,50.87927],[4.31604,50.87927],[4.31608,50.87915],[4.31613,50.87902],[4.31618,50.87891],[4.31618,50.87891],[4.31622,50.87882],[4.3163,50.87866],[4.31636,50.87858],[4.31636,50.87858],[4.31644,50.87845],[4.31644,50.87846],[4.31651,50.87835],[4.31651,50.87834],[4.31663,50.87818],[4.31663,50.87818],[4.3168,50.87795],[4.31712,50.87752],[4.31713,50.87752],[4.31715,50.87749],[4.31738,50.87719],[4.31757,50.87693],[4.31765,50.87682],[4.31774,50.87671],[4.31779,50.87664],[4.31786,50.87658],[4.31786,50.87658],[4.31791,50.87653],[4.318,50.87646],[4.31809,50.87639],[4.31817,50.87633],[4.31829,50.87626],[4.31839,50.87619],[4.31854,50.87611],[4.3187,50.87601],[4.31871,50.87601],[4.31884,50.87594],[4.31895,50.87588],[4.31895,50.87588],[4.3194,50.87566],[4.3198,50.87546],[4.3201,50.87532],[4.32055,50.8751],[4.32091,50.87492],[4.32116,50.87481],[4.32135,50.87471],[4.32165,50.87456],[4.32165,50.87456],[4.32195,50.87442],[4.32204,50.87437],[4.32209,50.87434],[4.32215,50.87431],[4.32216,50.87431],[4.32222,50.87426],[4.32222,50.87426],[4.32225,50.87424],[4.32232,50.87419],[4.32238,50.87413],[4.32242,50.87408],[4.32242,50.87408],[4.32246,50.87403],[4.32252,50.87395],[4.3227,50.87368],[4.32276,50.87359],[4.32293,50.87333],[4.32299,50.87324],[4.32314,50.87301],[4.32334,50.87271],[4.32354,50.87242],[4.32363,50.87228],[4.32387,50.87193],[4.32397,50.87178],[4.3241,50.87159],[4.32428,50.87133],[4.32431,50.87128],[4.32459,50.87085],[4.32462,50.87081],[4.32598,50.86878],[4.32616,50.86851],[4.32656,50.86791],[4.32661,50.86785],[4.32675,50.86764],[4.32703,50.86722],[4.32733,50.86678],[4.32765,50.8663],[4.32885,50.86451],[4.3289,50.86443],[4.32908,50.86416],[4.32912,50.8641],[4.32915,50.86403],[4.32917,50.86398],[4.32917,50.86392],[4.32917,50.86387],[4.32916,50.86382],[4.32915,50.86376],[4.32915,50.86376],[4.32911,50.8637],[4.32901,50.86355],[4.329,50.86354],[4.329,50.86354],[4.32895,50.86349],[4.32892,50.86346],[4.32892,50.86346],[4.32889,50.86344],[4.32887,50.86342],[4.32883,50.86341],[4.32879,50.86339],[4.32875,50.86337],[4.32866,50.86335],[4.32855,50.86334],[4.32847,50.86333],[4.32838,50.86331],[4.32826,50.86329],[4.32804,50.86324],[4.32695,50.86301],[4.32682,50.86299],[4.32674,50.86297],[4.3267,50.86297],[4.32664,50.86297],[4.32658,50.86297],[4.32653,50.86298],[4.32647,50.863],[4.32641,50.86302],[4.32636,50.86304],[4.32631,50.86306],[4.32561,50.86338],[4.32533,50.8635],[4.32514,50.86358],[4.32441,50.86389],[4.32441,50.86389],[4.3242,50.86397],[4.32378,50.86414],[4.32332,50.8643],[4.32295,50.86443],[4.32265,50.86453],[4.32252,50.86457],[4.32219,50.86467],[4.322,50.86473],[4.32173,50.86481],[4.32132,50.86492],[4.321,50.865],[4.32059,50.8651],[4.32037,50.86515],[4.32002,50.86523],[4.31879,50.86548],[4.31841,50.86555],[4.3184,50.86555],[4.31816,50.86559],[4.31781,50.86565],[4.31675,50.86583],[4.31654,50.86587],[4.31643,50.86589],[4.3163,50.86592],[4.31618,50.86595],[4.31601,50.86599],[4.31591,50.86602],[4.31577,50.86607],[4.31567,50.86611],[4.31556,50.86616],[4.31547,50.86621],[4.31537,50.86627],[4.3153,50.86632],[4.31525,50.86636],[4.31516,50.86643],[4.31508,50.8665],[4.31502,50.86657],[4.315,50.8666],[4.31496,50.86666],[4.31493,50.86671],[4.3149,50.86677],[4.31486,50.86687],[4.31484,50.86693],[4.31482,50.86701],[4.31479,50.86706],[4.31477,50.86709],[4.31474,50.86712],[4.31471,50.86713],[4.31467,50.86715],[4.31462,50.86716],[4.31457,50.86717],[4.31452,50.86718],[4.31448,50.86718],[4.31439,50.86717],[4.31391,50.86714],[4.31348,50.86712],[4.31211,50.86704],[4.31149,50.867],[4.31025,50.86693],[4.30847,50.86683],[4.30832,50.86682],[4.30807,50.86681],[4.30551,50.86678],[4.30535,50.86678],[4.30525,50.86677],[4.30509,50.86675],[4.30491,50.86673],[4.30476,50.8667],[4.3046,50.86666],[4.30447,50.86663],[4.30316,50.86624],[4.3029,50.86617],[4.30044,50.86544],[4.29876,50.86494],[4.29856,50.86488],[4.29793,50.8647],[4.2976,50.8646],[4.29706,50.86444],[4.29673,50.86435],[4.29671,50.86434],[4.29664,50.86432],[4.2966,50.86431],[4.29655,50.86431],[4.29647,50.8643],[4.29644,50.8643],[4.29636,50.86431],[4.29632,50.86431],[4.29626,50.86432],[4.29575,50.86446],[4.29563,50.86449],[4.29493,50.86468],[4.2946,50.86477],[4.29413,50.86489],[4.29387,50.86496],[4.29368,50.86501],[4.29346,50.86508],[4.2929,50.86527],[4.29054,50.86606],[4.28967,50.86635],[4.28947,50.86641],[4.28937,50.86644],[4.28926,50.86647],[4.28906,50.86651],[4.28892,50.86654],[4.28871,50.86658],[4.28849,50.86661],[4.28828,50.86663],[4.28807,50.86665],[4.28779,50.86666],[4.28686,50.86671],[4.28439,50.86684],[4.28197,50.86697],[4.2817,50.86699],[4.2815,50.86701],[4.28131,50.86702],[4.28128,50.86703],[4.28093,50.86707],[4.28042,50.86713],[4.27931,50.86728],[4.27931,50.86728],[4.27883,50.86735],[4.27861,50.86738],[4.27819,50.86744],[4.278,50.86746],[4.27787,50.86747],[4.27771,50.86747],[4.27757,50.86747],[4.27741,50.86745],[4.27692,50.86741],[4.2765,50.86737],[4.27631,50.86734],[4.27612,50.86731],[4.27585,50.86726],[4.27574,50.86724],[4.27562,50.86722],[4.2755,50.8672],[4.2755,50.8672],[4.27536,50.86719],[4.27479,50.86714]]}},{"type":"Feature","properties":{"ref":8,"line":"10","color":"8F4199","mode":"tram","direction":0,"terminus":"GARE DU MIDI"},"geometry":{"type":"LineString","coordinates":[[4.38979,50.90828],[4.38982,50.90831],[4.3899,50.90839],[4.39,50.90848],[4.39012,50.90861],[4.39029,50.90879],[4.39048,50.90898],[4.3907,50.9092],[4.39093,50.90944],[4.39107,50.90957],[4.39111,50.90962],[4.39117,50.90966],[4.39123,50.90969],[4.39129,50.90971],[4.3913,50.90971],[4.39138,50.90973],[4.39146,50.90973],[4.39145,50.90973],[4.39151,50.90972],[4.39159,50.9097],[4.39166,50.90968],[4.39175,50.90963],[4.3923,50.90935],[4.39254,50.90924],[4.39263,50.90919],[4.39273,50.90913],[4.39284,50.90908],[4.39297,50.90903],[4.39305,50.90899],[4.39305,50.90899],[4.39319,50.90893],[4.39327,50.9089],[4.39344,50.90884],[4.39358,50.90879],[4.39368,50.90875],[4.39388,50.9087],[4.394,50.90867],[4.3941,50.90864],[4.39434,50.90859],[4.39454,50.90855],[4.39477,50.90851],[4.39497,50.90848],[4.39529,50.90844],[4.39572,50.90838],[4.39581,50.90837],[4.39635,50.9083],[4.39688,50.90823],[4.39752,50.90815],[4.39827,50.90805],[4.39869,50.908],[4.39884,50.90798],[4.39893,50.90796],[4.39911,50.90794],[4.39928,50.9079],[4.39946,50.90786],[4.39946,50.90786],[4.39965,50.90781],[4.39981,50.90776],[4.39986,50.90775],[4.39998,50.9077],[4.40013,50.90765],[4.40027,50.90759],[4.40042,50.90751],[4.40062,50.9074],[4.40078,50.90731],[4.40094,50.9072],[4.40107,50.90711],[4.40119,50.907],[4.4013,50.90689],[4.4014,50.90678],[4.40151,50.90664],[4.40162,50.9065],[4.40162,50.9065],[4.40173,50.90634],[4.40189,50.90612],[4.40213,50.90579],[4.40219,50.90572],[4.40221,50.90568],[4.40224,50.90564],[4.40224,50.90561],[4.40224,50.90558],[4.40224,50.90554],[4.40222,50.90551],[4.40219,50.90548],[4.40216,50.90545],[4.40211,50.90543],[4.40211,50.90543],[4.40206,50.9054],[4.40183,50.9053],[4.40184,50.9053],[4.40137,50.90509],[4.40116,50.90499],[4.40099,50.90491],[4.40047,50.90467],[4.39987,50.90439],[4.39946,50.9042],[4.39946,50.90421],[4.39937,50.90417],[4.39928,50.90412],[4.39928,50.90412],[4.39919,50.90408],[4.39909,50.90403],[4.399,50.90398],[4.39891,50.90393],[4.39886,50.90389],[4.39886,50.90389],[4.39878,50.90384],[4.39866,50.90375],[4.39855,50.90365],[4.39846,50.90356],[4.39836,50.90345],[4.39836,50.90345],[4.39829,50.90336],[4.39822,50.90325],[4.3981,50.90306],[4.398,50.90289],[4.39788,50.90269],[4.39783,50.90261],[4.39772,50.90241],[4.39755,50.90212],[4.39734,50.90178],[4.39723,50.90158],[4.39718,50.90149],[4.39715,50.90143],[4.39713,50.90137],[4.39712,50.90132],[4.39711,50.90126],[4.39711,50.90119],[4.39712,50.90113],[4.39713,50.90106],[4.39716,50.90099],[4.3972,50.90092],[4.39725,50.90084],[4.3973,50.90079],[4.39736,50.90073],[4.39743,50.90068],[4.39749,50.90063],[4.3976,50.90056],[4.3976,50.90056],[4.3978,50.90045],[4.39808,50.90029],[4.39824,50.90019],[4.39842,50.90008],[4.39864,50.89993],[4.39875,50.89986],[4.39881,50.89981],[4.39885,50.89977],[4.39888,50.89972],[4.3989,50.89968],[4.3989,50.89968],[4.3989,50.89964],[4.3989,50.8996],[4.39888,50.89956],[4.39888,50.89956],[4.39886,50.89952],[4.39882,50.89948],[4.39879,50.89945],[4.39879,50.89945],[4.39873,50.89941],[4.39873,50.89942],[4.39857,50.89934],[4.39815,50.89914],[4.39782,50.89899],[4.39755,50.89886],[4.39755,50.89885],[4.39745,50.89881],[4.39737,50.89876],[4.39737,50.89876],[4.39725,50.89869],[4.39701,50.89854],[4.39684,50.89843],[4.39661,50.89828],[4.39661,50.89828],[4.39627,50.89807],[4.39603,50.89792],[4.39589,50.89783],[4.39578,50.89775],[4.39578,50.89775],[4.39567,50.89767],[4.39556,50.89758],[4.39543,50.89747],[4.39543,50.89747],[4.39533,50.8974],[4.39528,50.89736],[4.39522,50.89732],[4.39522,50.89732],[4.39515,50.89727],[4.39507,50.89722],[4.39499,50.89718],[4.39489,50.89712],[4.39478,50.89706],[4.39464,50.89698],[4.39453,50.89692],[4.39445,50.89688],[4.39436,50.89683],[4.39428,50.89679],[4.39423,50.89677],[4.39412,50.89672],[4.39395,50.89664],[4.39379,50.89657],[4.39354,50.89646],[4.39353,50.89645],[4.39329,50.89634],[4.39319,50.8963],[4.39312,50.89627],[4.393,50.89624],[4.39291,50.89622],[4.39273,50.89619],[4.39273,50.89619],[4.39255,50.89616],[4.39225,50.89611],[4.39204,50.89608],[4.3919,50.89606],[4.39168,50.89602],[4.39139,50.89597],[4.39139,50.89597],[4.39066,50.89584],[4.39066,50.89584],[4.39013,50.89575],[4.38968,50.89567],[4.38951,50.89564],[4.38943,50.89562],[4.38931,50.8956],[4.38895,50.89551],[4.38859,50.89543],[4.38834,50.89537],[4.38824,50.89534],[4.38824,50.89534],[4.38813,50.89531],[4.38796,50.89527],[4.38767,50.8952],[4.38732,50.89512],[4.38726,50.8951],[4.38699,50.89504],[4.38647,50.89492],[4.3864,50.8949],[4.38627,50.89487],[4.38621,50.89486],[4.38621,50.89486],[4.38613,50.89484],[4.38603,50.89483],[4.38578,50.89482],[4.3856,50.89481],[4.3856,50.89481],[4.3854,50.8948],[4.38518,50.8948],[4.38495,50.8948],[4.38446,50.8948],[4.38408,50.8948],[4.384,50.8948],[4.384,50.8948],[4.38391,50.89479],[4.38384,50.89479],[4.38384,50.89478],[4.38374,50.89477],[4.38317,50.89471],[4.38308,50.89469],[4.38304,50.89469],[4.38301,50.89468],[4.38297,50.89467],[4.38292,50.89464],[4.38288,50.89461],[4.38285,50.89458],[4.38282,50.89454],[4.38282,50.89454],[4.38281,50.89449],[4.3828,50.89445],[4.38281,50.8944],[4.38283,50.8942],[4.38285,50.89395],[4.38286,50.89393],[4.38287,50.89377],[4.38287,50.89373],[4.38287,50.89373],[4.38287,50.8937],[4.38287,50.89366],[4.38286,50.89362],[4.38281,50.8935],[4.38274,50.89332],[4.38268,50.89317],[4.38261,50.89301],[4.38254,50.89284],[4.38243,50.89256],[4.38237,50.8924],[4.38235,50.89236],[4.38232,50.89231],[4.38232,50.89231],[4.38229,50.89224],[4.38225,50.89218],[4.3822,50.89213],[4.3822,50.89213],[4.38216,50.89207],[4.38208,50.892],[4.38201,50.89194],[4.38195,50.89189],[4.38188,50.89184],[4.3818,50.89179],[4.38172,50.89173],[4.38165,50.8917],[4.38154,50.89164],[4.38129,50.89151],[4.38097,50.89135],[4.38083,50.89127],[4.38076,50.89124],[4.38072,50.89122],[4.38066,50.89119],[4.38066,50.89119],[4.38061,50.89117],[4.38054,50.89116],[4.38049,50.89115],[4.38043,50.89114],[4.38014,50.89111],[4.37982,50.89108],[4.37982,50.89108],[4.3797,50.89107],[4.37963,50.89106],[4.37957,50.89105],[4.37949,50.89104],[4.37937,50.89102],[4.37929,50.89101],[4.37922,50.89099],[4.37908,50.89097],[4.37889,50.89092],[4.37889,50.89092],[4.37875,50.89089],[4.37871,50.89088],[4.37871,50.89088],[4.37857,50.89084],[4.37841,50.89079],[4.37827,50.89074],[4.37813,50.89068],[4.37803,50.89064],[4.37795,50.89059],[4.3779,50.89056],[4.37785,50.89052],[4.37776,50.89044],[4.37758,50.89026],[4.37745,50.89014],[4.37743,50.89012],[4.37736,50.89005],[4.3773,50.88998],[4.3773,50.88998],[4.37724,50.88992],[4.37702,50.88967],[4.37696,50.8896],[4.37693,50.88957],[4.37689,50.88953],[4.37683,50.88947],[4.37677,50.88942],[4.3764,50.8891],[4.37613,50.88887],[4.37613,50.88887],[4.37591,50.88868],[4.37573,50.88854],[4.37567,50.88848],[4.37564,50.88845],[4.37561,50.88842],[4.37559,50.88836],[4.37558,50.88833],[4.37559,50.88828],[4.37561,50.88824],[4.37564,50.8882],[4.37588,50.88793],[4.37615,50.88761],[4.37668,50.88701],[4.37672,50.88696],[4.37677,50.88691],[4.37683,50.88684],[4.37688,50.88677],[4.37691,50.88672],[4.37695,50.88665],[4.37698,50.88657],[4.37701,50.88649],[4.37703,50.88641],[4.37705,50.88633],[4.37705,50.88619],[4.37707,50.8861],[4.37708,50.88591],[4.37709,50.88582],[4.3771,50.88567],[4.3771,50.88552],[4.37709,50.88537],[4.37708,50.88527],[4.37705,50.88512],[4.37702,50.88502],[4.37697,50.88488],[4.37693,50.88478],[4.37689,50.88468],[4.37684,50.88459],[4.37679,50.88449],[4.3767,50.88435],[4.37663,50.88426],[4.37652,50.88413],[4.37643,50.88404],[4.3763,50.88391],[4.37592,50.88356],[4.37582,50.88347],[4.37575,50.88342],[4.37557,50.88328],[4.37534,50.88311],[4.37527,50.88307],[4.37521,50.88304],[4.37518,50.88302],[4.37515,50.88301],[4.37509,50.883],[4.37501,50.883],[4.37494,50.88298],[4.37491,50.88297],[4.37488,50.88296],[4.37483,50.88294],[4.37477,50.8829],[4.37351,50.88195],[4.37347,50.88191],[4.37344,50.88189],[4.3734,50.88185],[4.37336,50.88179],[4.37334,50.88174],[4.37332,50.88169],[4.37332,50.88166],[4.37332,50.88159],[4.37333,50.88154],[4.37335,50.88149],[4.37338,50.88144],[4.37341,50.88141],[4.37345,50.88136],[4.37377,50.88106],[4.37382,50.88101],[4.37385,50.88096],[4.37388,50.88093],[4.3739,50.88089],[4.3739,50.88085],[4.3739,50.88082],[4.37389,50.88078],[4.37387,50.88075],[4.37385,50.88074],[4.37383,50.88071],[4.37379,50.88068],[4.37372,50.88065],[4.37355,50.88058],[4.37234,50.88006],[4.37205,50.87994],[4.3716,50.87976],[4.37134,50.87966],[4.37069,50.87938],[4.36894,50.87864],[4.36824,50.87835],[4.368,50.87824],[4.36775,50.87813],[4.36772,50.87812],[4.36739,50.87797],[4.36708,50.87784],[4.36682,50.87773],[4.36662,50.87764],[4.36646,50.87757],[4.36635,50.87752],[4.36632,50.8775],[4.36616,50.87742],[4.36597,50.87732],[4.36572,50.87718],[4.36567,50.87715],[4.36564,50.87713],[4.36546,50.87701],[4.36535,50.87694],[4.36532,50.87692],[4.36522,50.87686],[4.36503,50.87672],[4.36491,50.87663],[4.36477,50.87652],[4.36461,50.87639],[4.36454,50.87632],[4.36453,50.87632],[4.36443,50.87623],[4.36426,50.87607],[4.364,50.87581],[4.36384,50.87566],[4.36368,50.87551],[4.36358,50.87541],[4.36339,50.87525],[4.36325,50.87513],[4.36311,50.87499],[4.36272,50.87462],[4.36256,50.87446],[4.36244,50.87433],[4.36236,50.87425],[4.36233,50.87421],[4.36217,50.87404],[4.36199,50.87383],[4.36182,50.87363],[4.36169,50.87347],[4.36156,50.8733],[4.36146,50.87317],[4.36117,50.87278],[4.36113,50.87272],[4.36111,50.8727],[4.36105,50.8726],[4.361,50.8725],[4.36096,50.87241],[4.36075,50.87191],[4.36073,50.87186],[4.36073,50.87182],[4.36073,50.87177],[4.36074,50.87172],[4.36076,50.87167],[4.36078,50.87163],[4.36087,50.8715],[4.36095,50.87137],[4.36102,50.87129],[4.36111,50.87116],[4.36119,50.87106],[4.36124,50.87099],[4.36182,50.87018],[4.36204,50.86987],[4.36227,50.86955],[4.36375,50.86747],[4.36378,50.86743],[4.36379,50.8674],[4.3638,50.86736],[4.3638,50.86732],[4.3638,50.86727],[4.36378,50.86723],[4.36363,50.86688],[4.3633,50.86616],[4.36321,50.86597],[4.36316,50.86586],[4.36308,50.86572],[4.36288,50.86533],[4.36284,50.86525],[4.3628,50.86517],[4.36275,50.86508],[4.36258,50.86469],[4.3624,50.8643],[4.36237,50.86423],[4.36233,50.86407],[4.36229,50.86396],[4.36225,50.86386],[4.36215,50.86364],[4.36205,50.86345],[4.36201,50.86336],[4.36198,50.86329],[4.3619,50.86314],[4.36166,50.86259],[4.3616,50.86247],[4.36155,50.86239],[4.36151,50.86231],[4.36145,50.86224],[4.36142,50.86219],[4.36135,50.86212],[4.36133,50.86209],[4.36127,50.86204],[4.3612,50.86198],[4.36113,50.86193],[4.36105,50.86188],[4.36098,50.86185],[4.36097,50.86184],[4.36081,50.86175],[4.3608,50.86174],[4.3607,50.86169],[4.36059,50.86162],[4.36053,50.86158],[4.36051,50.86156],[4.36044,50.8615],[4.3604,50.86146],[4.36035,50.86142],[4.36031,50.86136],[4.36027,50.86131],[4.36025,50.86129],[4.36022,50.86124],[4.36019,50.86117],[4.36011,50.86103],[4.36005,50.86089],[4.35973,50.86019],[4.35967,50.86005],[4.35961,50.85992],[4.35959,50.85987],[4.35956,50.8598],[4.35954,50.85973],[4.35953,50.85965],[4.35952,50.85957],[4.35952,50.85945],[4.35954,50.85923],[4.35958,50.8587],[4.35959,50.85855],[4.35959,50.85844],[4.35958,50.85829],[4.35955,50.85815],[4.35952,50.85802],[4.35948,50.85789],[4.35945,50.8578],[4.35932,50.8575],[4.35927,50.8574],[4.3592,50.85725],[4.35895,50.85674],[4.35888,50.85661],[4.35885,50.85657],[4.35877,50.85647],[4.35861,50.85628],[4.35804,50.85563],[4.35803,50.85562],[4.35792,50.8555],[4.35788,50.85545],[4.35779,50.85536],[4.3577,50.85528],[4.3576,50.85519],[4.3575,50.85511],[4.35709,50.85479],[4.35691,50.85464],[4.35458,50.85276],[4.35445,50.85266],[4.35431,50.85255],[4.35398,50.85232],[4.35389,50.85225],[4.35369,50.85211],[4.35356,50.85202],[4.35286,50.85148],[4.35286,50.85147],[4.3526,50.85127],[4.35251,50.8512],[4.35238,50.85108],[4.35229,50.85098],[4.35219,50.85087],[4.35202,50.85068],[4.35191,50.85057],[4.35022,50.84895],[4.35004,50.84878],[4.34967,50.84844],[4.34949,50.84827],[4.34924,50.84803],[4.34895,50.84775],[4.34895,50.84775],[4.34877,50.84757],[4.34862,50.84743],[4.34841,50.8472],[4.34823,50.84702],[4.34804,50.84684],[4.34693,50.84576],[4.34656,50.8454],[4.34623,50.8451],[4.346,50.84489],[4.34581,50.84472],[4.34535,50.84428],[4.34522,50.84415],[4.34521,50.84415],[4.34459,50.84354],[4.34442,50.84338],[4.34424,50.8432],[4.3442,50.84315],[4.34388,50.84284],[4.34289,50.84188],[4.34252,50.84153],[4.34238,50.84139],[4.3421,50.84111],[4.34109,50.84013],[4.34102,50.84007],[4.34101,50.84005],[4.34099,50.84003],[4.34095,50.84],[4.34091,50.83996],[4.3409,50.83995],[4.3408,50.83986],[4.34079,50.83985],[4.34076,50.83981],[4.3407,50.83975],[4.34068,50.83974],[4.34063,50.83969],[4.34047,50.83953],[4.34013,50.8392],[4.33992,50.839],[4.33977,50.83886],[4.33971,50.83881],[4.33963,50.83873],[4.33955,50.83868],[4.33946,50.83862],[4.33914,50.8384],[4.33883,50.83821],[4.3387,50.83812],[4.33865,50.83809],[4.33861,50.83806],[4.33857,50.83804],[4.33855,50.83802],[4.33854,50.838],[4.33853,50.83799],[4.33851,50.83796],[4.3385,50.83793],[4.33849,50.83788],[4.33848,50.83781],[4.33846,50.83776],[4.33845,50.83774],[4.33843,50.83771],[4.3384,50.83769],[4.33837,50.83767],[4.3383,50.83763],[4.33767,50.83736],[4.33757,50.83732],[4.33748,50.83729],[4.3373,50.83723],[4.33725,50.83721],[4.33721,50.83718],[4.33718,50.83716],[4.33716,50.83713],[4.33714,50.83711],[4.33713,50.83708],[4.33713,50.83705],[4.33713,50.83701],[4.33714,50.83698],[4.33716,50.83695],[4.33718,50.83691],[4.33722,50.83689],[4.33727,50.83686],[4.33796,50.8365],[4.33814,50.83641],[4.3382,50.83638],[4.33823,50.83637],[4.33826,50.83637],[4.3383,50.83636],[4.33835,50.83636],[4.3384,50.83636],[4.33844,50.83637],[4.33848,50.83638],[4.33852,50.8364],[4.33857,50.83643],[4.33863,50.83647],[4.33865,50.83649],[4.33874,50.83655],[4.33927,50.83697],[4.33931,50.837]]}},{"type":"Feature","properties":{"ref":8,"line":"10","color":"8F4199","mode":"tram","direction":1,"terminus":"HOP. MILITAIRE"},"geometry":{"type":"LineString","coordinates":[[4.33931,50.837],[4.33927,50.83697],[4.33924,50.83695],[4.33922,50.83693],[4.33917,50.8369],[4.33905,50.83683],[4.33899,50.83679],[4.33895,50.83676],[4.33892,50.83674],[4.33866,50.83653],[4.33863,50.83651],[4.33857,50.83647],[4.33853,50.83645],[4.33849,50.83643],[4.33845,50.83641],[4.33839,50.8364],[4.33834,50.8364],[4.3383,50.8364],[4.33824,50.83641],[4.33819,50.83642],[4.33815,50.83644],[4.3381,50.83646],[4.338,50.83651],[4.33789,50.83657],[4.33741,50.83682],[4.33735,50.83684],[4.3373,50.83688],[4.33726,50.8369],[4.33723,50.83693],[4.3372,50.83695],[4.33719,50.83698],[4.33718,50.83701],[4.33717,50.83703],[4.33718,50.83706],[4.33718,50.83709],[4.3372,50.83712],[4.33723,50.83715],[4.33725,50.83716],[4.33729,50.83719],[4.33735,50.83722],[4.33746,50.83725],[4.33758,50.8373],[4.33771,50.83735],[4.33838,50.83764],[4.33842,50.83766],[4.33846,50.83768],[4.33849,50.83772],[4.3385,50.83774],[4.33852,50.83779],[4.33853,50.83789],[4.33855,50.83793],[4.33856,50.83796],[4.33858,50.83798],[4.33861,50.83801],[4.33864,50.83804],[4.33871,50.83809],[4.33884,50.83817],[4.33894,50.83823],[4.33907,50.83832],[4.33934,50.83849],[4.33948,50.83858],[4.33953,50.83862],[4.33961,50.83867],[4.33968,50.83873],[4.33974,50.83878],[4.33977,50.83881],[4.33979,50.83882],[4.34013,50.83915],[4.34042,50.83944],[4.34053,50.83952],[4.34056,50.83954],[4.34061,50.83958],[4.34065,50.83961],[4.34073,50.83969],[4.34074,50.8397],[4.34081,50.83977],[4.341,50.83999],[4.34108,50.84008],[4.34121,50.8402],[4.34138,50.84036],[4.34169,50.84066],[4.34199,50.84096],[4.34224,50.84119],[4.34236,50.8413],[4.34332,50.84222],[4.34394,50.84281],[4.3441,50.84296],[4.34451,50.84333],[4.3447,50.84351],[4.34569,50.84446],[4.3457,50.84447],[4.34591,50.84467],[4.34609,50.84484],[4.34643,50.8452],[4.34664,50.84541],[4.3467,50.84546],[4.34809,50.84681],[4.34828,50.84699],[4.34869,50.84735],[4.34888,50.84753],[4.34929,50.84793],[4.34943,50.84806],[4.34944,50.84807],[4.3496,50.84822],[4.34977,50.8484],[4.35011,50.84875],[4.35029,50.84892],[4.35217,50.85073],[4.35243,50.85096],[4.35257,50.85108],[4.35271,50.85119],[4.35307,50.85147],[4.35332,50.85166],[4.35341,50.85173],[4.35342,50.85174],[4.35371,50.85197],[4.35391,50.85214],[4.35405,50.85226],[4.35433,50.8525],[4.35461,50.85274],[4.35712,50.85477],[4.35728,50.85489],[4.35731,50.85491],[4.35751,50.85505],[4.35764,50.85514],[4.35774,50.85522],[4.35788,50.85532],[4.35799,50.85542],[4.35801,50.85543],[4.35813,50.85554],[4.35824,50.85566],[4.35849,50.85594],[4.35849,50.85594],[4.3587,50.85619],[4.35875,50.85625],[4.35879,50.8563],[4.35883,50.85637],[4.35887,50.85645],[4.35913,50.857],[4.35917,50.85709],[4.35921,50.85717],[4.35926,50.85728],[4.35945,50.85769],[4.35965,50.85813],[4.3597,50.85824],[4.3598,50.85845],[4.35984,50.85858],[4.35987,50.85867],[4.35989,50.8588],[4.35992,50.85909],[4.35994,50.85931],[4.35996,50.85943],[4.35998,50.85952],[4.36,50.85959],[4.36003,50.85968],[4.36003,50.85968],[4.36005,50.85972],[4.36046,50.86062],[4.36051,50.86073],[4.36063,50.86101],[4.36069,50.86113],[4.36074,50.86122],[4.36078,50.86129],[4.36083,50.86137],[4.36106,50.86166],[4.36117,50.86179],[4.36126,50.86191],[4.36138,50.86208],[4.36147,50.8622],[4.36155,50.86231],[4.3616,50.8624],[4.36166,50.8625],[4.36171,50.86261],[4.362,50.86324],[4.36206,50.86338],[4.36209,50.86344],[4.36221,50.86368],[4.36233,50.86393],[4.36275,50.86486],[4.3631,50.86563],[4.36313,50.86569],[4.36336,50.8662],[4.36354,50.8666],[4.36378,50.86712],[4.36381,50.8672],[4.36384,50.86726],[4.36385,50.8673],[4.36385,50.86735],[4.36384,50.86739],[4.36383,50.86742],[4.3638,50.86746],[4.3623,50.86957],[4.36192,50.8701],[4.36171,50.8704],[4.3612,50.8711],[4.36119,50.87112],[4.36117,50.87114],[4.36116,50.87116],[4.36115,50.87117],[4.36114,50.87118],[4.36103,50.87137],[4.36092,50.87158],[4.36087,50.87173],[4.36085,50.87191],[4.36086,50.87203],[4.36087,50.8721],[4.36102,50.87244],[4.36105,50.87251],[4.36112,50.87263],[4.36118,50.87272],[4.36122,50.87278],[4.36157,50.87325],[4.36173,50.87345],[4.3618,50.87354],[4.36197,50.87374],[4.36213,50.87393],[4.36232,50.87414],[4.36243,50.87426],[4.36247,50.87431],[4.36268,50.87451],[4.36287,50.8747],[4.36308,50.87492],[4.36315,50.87498],[4.3633,50.87512],[4.36345,50.87525],[4.36355,50.87534],[4.36373,50.8755],[4.36375,50.87552],[4.36388,50.87564],[4.36404,50.87579],[4.36412,50.87587],[4.36429,50.87604],[4.36439,50.87613],[4.3645,50.87624],[4.36463,50.87635],[4.3648,50.8765],[4.36486,50.87654],[4.36491,50.87658],[4.36505,50.87669],[4.3652,50.8768],[4.36533,50.87689],[4.36548,50.87698],[4.36561,50.87707],[4.36576,50.87716],[4.36597,50.87727],[4.36612,50.87736],[4.36625,50.87743],[4.36643,50.87751],[4.3666,50.8776],[4.36667,50.87763],[4.36671,50.87764],[4.36686,50.87771],[4.36754,50.878],[4.36779,50.87811],[4.36793,50.87818],[4.36823,50.8783],[4.3684,50.87838],[4.37126,50.87959],[4.37131,50.87961],[4.37162,50.87974],[4.37183,50.87982],[4.37217,50.87996],[4.37251,50.8801],[4.37254,50.88011],[4.37352,50.88053],[4.37381,50.88065],[4.37384,50.88067],[4.37387,50.88069],[4.37391,50.88072],[4.37393,50.88075],[4.37395,50.88078],[4.37396,50.8808],[4.37396,50.88083],[4.37396,50.88087],[4.37394,50.88091],[4.37393,50.88094],[4.37388,50.88099],[4.37385,50.88103],[4.37383,50.88105],[4.3735,50.88137],[4.37346,50.8814],[4.37343,50.88144],[4.3734,50.88149],[4.37338,50.88153],[4.37337,50.88157],[4.37336,50.88161],[4.37336,50.88166],[4.37338,50.88171],[4.37339,50.88175],[4.37341,50.88179],[4.37344,50.88184],[4.37347,50.88186],[4.37351,50.8819],[4.37355,50.88194],[4.3747,50.88281],[4.37475,50.88284],[4.37479,50.88287],[4.37484,50.88289],[4.37487,50.8829],[4.37491,50.88291],[4.37498,50.88292],[4.37505,50.88293],[4.37508,50.88294],[4.37511,50.88294],[4.37517,50.88297],[4.37522,50.883],[4.37532,50.88306],[4.3756,50.88327],[4.37574,50.88337],[4.37587,50.88347],[4.37603,50.88362],[4.37633,50.88389],[4.37638,50.88393],[4.37652,50.88407],[4.3766,50.88415],[4.37663,50.88419],[4.37671,50.88429],[4.37678,50.88439],[4.37686,50.88452],[4.37692,50.88462],[4.37696,50.88472],[4.37701,50.88482],[4.37706,50.88497],[4.37709,50.88507],[4.37711,50.88517],[4.37713,50.88526],[4.37715,50.88542],[4.37716,50.88557],[4.37716,50.88572],[4.37714,50.88588],[4.37712,50.88599],[4.3771,50.88619],[4.37709,50.88632],[4.37708,50.88638],[4.37706,50.88646],[4.37705,50.88651],[4.37702,50.88658],[4.37699,50.88665],[4.37695,50.88672],[4.37691,50.88678],[4.37689,50.88682],[4.37683,50.88689],[4.37675,50.88699],[4.37665,50.8871],[4.37641,50.88737],[4.37624,50.88757],[4.37618,50.88764],[4.37569,50.8882],[4.37566,50.88824],[4.37564,50.88827],[4.37563,50.88831],[4.37563,50.88835],[4.37564,50.88838],[4.37566,50.88841],[4.3757,50.88846],[4.37575,50.8885],[4.37585,50.8886],[4.37589,50.88863],[4.37637,50.88904],[4.37673,50.88935],[4.37681,50.88942],[4.37688,50.88948],[4.37695,50.88955],[4.37701,50.88961],[4.37708,50.88969],[4.37729,50.88991],[4.37747,50.8901],[4.3777,50.89032],[4.37772,50.89034],[4.37779,50.89041],[4.37786,50.89048],[4.37786,50.89048],[4.37791,50.89052],[4.37796,50.89056],[4.37802,50.89059],[4.37807,50.89062],[4.37816,50.89066],[4.37824,50.8907],[4.37834,50.89074],[4.37845,50.89078],[4.37854,50.89081],[4.37864,50.89083],[4.37877,50.89087],[4.37877,50.89087],[4.3789,50.8909],[4.37905,50.89093],[4.37913,50.89095],[4.37913,50.89095],[4.37923,50.89097],[4.3794,50.891],[4.3794,50.891],[4.3795,50.89102],[4.37963,50.89103],[4.37976,50.89105],[4.38002,50.89107],[4.38029,50.8911],[4.38042,50.89111],[4.38049,50.89112],[4.38054,50.89113],[4.38061,50.89115],[4.38067,50.89117],[4.3807,50.89118],[4.38076,50.89121],[4.38087,50.89126],[4.38087,50.89126],[4.38094,50.8913],[4.38123,50.89145],[4.38148,50.89157],[4.3816,50.89164],[4.38166,50.89167],[4.38171,50.8917],[4.38176,50.89173],[4.38181,50.89176],[4.38187,50.8918],[4.38192,50.89183],[4.38199,50.89188],[4.38204,50.89192],[4.38209,50.89197],[4.38213,50.892],[4.38218,50.89205],[4.38222,50.8921],[4.38227,50.89215],[4.38231,50.89222],[4.38233,50.89224],[4.38236,50.89229],[4.38239,50.89235],[4.38243,50.89245],[4.38247,50.89257],[4.3826,50.8929],[4.38272,50.89317],[4.38284,50.89347],[4.38289,50.89361],[4.38291,50.89366],[4.38292,50.8937],[4.38292,50.89373],[4.38292,50.8938],[4.38291,50.8939],[4.38288,50.89418],[4.38286,50.89433],[4.38285,50.89444],[4.38285,50.89447],[4.38286,50.89451],[4.38287,50.89455],[4.38289,50.89457],[4.38291,50.89459],[4.38295,50.89462],[4.38298,50.89463],[4.38302,50.89465],[4.38306,50.89466],[4.38314,50.89468],[4.38331,50.8947],[4.38358,50.89473],[4.38377,50.89475],[4.38385,50.89476],[4.38394,50.89476],[4.38404,50.89477],[4.38404,50.89477],[4.3842,50.89477],[4.38446,50.89477],[4.38491,50.89477],[4.38526,50.89477],[4.38541,50.89478],[4.3855,50.89478],[4.38564,50.89478],[4.38591,50.8948],[4.38605,50.8948],[4.38614,50.89482],[4.3862,50.89482],[4.38626,50.89483],[4.38652,50.89489],[4.38668,50.89493],[4.38687,50.89498],[4.387,50.89501],[4.38753,50.89513],[4.38778,50.89519],[4.38778,50.89519],[4.38798,50.89524],[4.38822,50.8953],[4.38836,50.89534],[4.38853,50.89538],[4.38892,50.89547],[4.38914,50.89552],[4.38923,50.89555],[4.38937,50.89558],[4.38944,50.89559],[4.38954,50.89561],[4.38977,50.89565],[4.38977,50.89565],[4.38996,50.89569],[4.39076,50.89583],[4.39076,50.89583],[4.39138,50.89594],[4.39192,50.89603],[4.39203,50.89605],[4.39216,50.89607],[4.39238,50.8961],[4.39262,50.89614],[4.39279,50.89617],[4.39292,50.89619],[4.39292,50.89619],[4.39302,50.89621],[4.3931,50.89623],[4.3932,50.89627],[4.39328,50.8963],[4.39342,50.89636],[4.39342,50.89636],[4.39363,50.89646],[4.39393,50.8966],[4.39407,50.89666],[4.39425,50.89674],[4.39442,50.89683],[4.39461,50.89693],[4.39503,50.89716],[4.39514,50.89723],[4.39524,50.8973],[4.39534,50.89736],[4.39544,50.89744],[4.39544,50.89744],[4.39557,50.89754],[4.39571,50.89766],[4.39576,50.89769],[4.39591,50.8978],[4.39608,50.89791],[4.39622,50.898],[4.39643,50.89814],[4.39669,50.8983],[4.3969,50.89843],[4.39721,50.89863],[4.39728,50.89867],[4.39739,50.89874],[4.39745,50.89877],[4.39754,50.89882],[4.39789,50.89898],[4.39808,50.89907],[4.39811,50.89909],[4.39844,50.89925],[4.39861,50.89932],[4.39861,50.89933],[4.3987,50.89937],[4.39877,50.8994],[4.39881,50.89943],[4.39886,50.89946],[4.39889,50.8995],[4.39889,50.8995],[4.39892,50.89954],[4.39894,50.89959],[4.39894,50.89963],[4.39894,50.89966],[4.39894,50.89968],[4.39892,50.89973],[4.39889,50.89977],[4.39885,50.89982],[4.39879,50.89988],[4.39872,50.89992],[4.39852,50.90006],[4.39832,50.90019],[4.39823,50.90025],[4.39807,50.90035],[4.39774,50.90054],[4.39764,50.90059],[4.39764,50.90059],[4.39755,50.90065],[4.39747,50.90071],[4.39738,50.90078],[4.39732,50.90085],[4.39727,50.90093],[4.39724,50.90099],[4.39723,50.90104],[4.39723,50.90104],[4.39721,50.9011],[4.3972,50.90118],[4.3972,50.90123],[4.39722,50.90133],[4.39724,50.9014],[4.39726,50.90143],[4.39726,50.90143],[4.3973,50.90151],[4.39735,50.90161],[4.39735,50.90161],[4.39746,50.90178],[4.39755,50.90193],[4.39764,50.90209],[4.39774,50.90225],[4.39783,50.90241],[4.39792,50.90256],[4.39795,50.9026],[4.3981,50.90286],[4.39822,50.90305],[4.3983,50.90321],[4.39841,50.90335],[4.39849,50.90346],[4.39855,50.90353],[4.39863,50.90361],[4.39874,50.9037],[4.39884,50.90378],[4.39897,50.90387],[4.39912,50.90396],[4.3993,50.90405],[4.39954,50.90416],[4.40038,50.90454],[4.40079,50.90474],[4.40139,50.90501],[4.40173,50.90516],[4.40191,50.90525],[4.40211,50.90534],[4.40218,50.90538],[4.40225,50.90545],[4.40228,50.9055],[4.40229,50.90554],[4.40229,50.90558],[4.40229,50.90558],[4.40229,50.90561],[4.40228,50.90565],[4.40226,50.90569],[4.40217,50.90581],[4.40217,50.90581],[4.40204,50.90599],[4.4019,50.90618],[4.40177,50.90636],[4.40161,50.90658],[4.40147,50.90676],[4.40137,50.90687],[4.40127,50.90697],[4.40115,50.90708],[4.40101,50.9072],[4.40088,50.90729],[4.40078,50.90735],[4.40067,50.90742],[4.40057,50.90747],[4.40044,50.90754],[4.40031,50.9076],[4.40015,50.90767],[4.4,50.90773],[4.39984,50.90778],[4.39976,50.90781],[4.39962,50.90785],[4.39962,50.90785],[4.39942,50.9079],[4.39921,50.90794],[4.39902,50.90798],[4.3988,50.90801],[4.3988,50.90801],[4.39829,50.90808],[4.39782,50.90814],[4.397,50.90825],[4.39636,50.90833],[4.39577,50.90841],[4.39548,50.90845],[4.39544,50.90845],[4.39529,50.90847],[4.39528,50.90847],[4.39499,50.90851],[4.39478,50.90854],[4.39457,50.90858],[4.39437,50.90861],[4.39429,50.90863],[4.39413,50.90867],[4.39404,50.90869],[4.39404,50.90869],[4.39388,50.90873],[4.3937,50.90879],[4.39358,50.90882],[4.39343,50.90887],[4.39325,50.90894],[4.39311,50.909],[4.39298,50.90905],[4.39284,50.90912],[4.39261,50.90923],[4.39232,50.90938],[4.39208,50.9095],[4.39171,50.90969],[4.39162,50.90973],[4.39162,50.90973],[4.39159,50.90974],[4.39154,50.90976],[4.3915,50.90977],[4.39144,50.90977],[4.39138,50.90977],[4.39132,50.90977],[4.39132,50.90976],[4.39127,50.90975],[4.39122,50.90974],[4.39117,50.90971],[4.39117,50.90971],[4.39113,50.90968],[4.39112,50.90968],[4.39106,50.90962],[4.39091,50.90947],[4.39063,50.90919],[4.39032,50.90887],[4.39018,50.90873],[4.39001,50.90855],[4.38992,50.90845],[4.38981,50.90834],[4.38963,50.90818],[4.38949,50.90805]]}},{"type":"Feature","properties":{"ref":9,"line":"18","color":"91BEE7","mode":"tram","direction":0,"terminus":"VAN HAELEN"},"geometry":{"type":"LineString","coordinates":[[4.34096,50.82081],[4.34072,50.82072],[4.34056,50.82066],[4.34014,50.82051],[4.33976,50.82039],[4.33974,50.82038],[4.33964,50.82036],[4.33952,50.82033],[4.33935,50.82029],[4.33922,50.82026],[4.3391,50.82023],[4.33861,50.8201],[4.33829,50.82001],[4.33773,50.81985],[4.33757,50.81981],[4.3374,50.81975],[4.33725,50.81969],[4.33722,50.81967],[4.33716,50.81964],[4.33705,50.81959],[4.33696,50.81954],[4.33683,50.81947],[4.33682,50.81946],[4.33662,50.81933],[4.33657,50.8193],[4.33652,50.81925],[4.33649,50.81921],[4.33646,50.81917],[4.33645,50.81912],[4.33644,50.81908],[4.33643,50.81904],[4.33644,50.81898],[4.33666,50.81734],[4.33668,50.81719],[4.33668,50.81717],[4.33667,50.81713],[4.33666,50.8171],[4.33665,50.81708],[4.33663,50.81705],[4.33659,50.81702],[4.33657,50.817],[4.33655,50.81699],[4.33646,50.81695],[4.33639,50.81692],[4.33633,50.81687],[4.33629,50.81685],[4.33627,50.81682],[4.33623,50.81677],[4.33621,50.81673],[4.3362,50.81671],[4.33619,50.81665],[4.33619,50.8166],[4.33619,50.81656],[4.3362,50.81655],[4.33622,50.81651],[4.33623,50.81648],[4.33625,50.81645],[4.33628,50.81643],[4.33634,50.81638],[4.33638,50.81635],[4.33643,50.81632],[4.33649,50.8163],[4.33655,50.81628],[4.3366,50.81627],[4.33665,50.81626],[4.33673,50.81625],[4.33685,50.81624],[4.33692,50.81623],[4.33697,50.81621],[4.33704,50.81617],[4.33708,50.81614],[4.33713,50.81609],[4.3373,50.81584],[4.33776,50.81517],[4.33793,50.81492],[4.33829,50.81439],[4.33874,50.81373],[4.33878,50.81367],[4.33881,50.81361],[4.33882,50.81357],[4.33884,50.81354],[4.33884,50.8135],[4.33883,50.81342],[4.33882,50.81339],[4.33881,50.81334],[4.33863,50.8129],[4.33851,50.81259],[4.33841,50.81235],[4.33808,50.81151],[4.33775,50.81071],[4.33763,50.81043],[4.3374,50.80983],[4.33732,50.80963],[4.33729,50.80958],[4.33723,50.80943],[4.33718,50.80928],[4.33703,50.80884],[4.337,50.80871],[4.33696,50.80858],[4.33688,50.80814],[4.33686,50.80802],[4.33683,50.80784],[4.33683,50.80773],[4.33681,50.80747],[4.33672,50.8059],[4.33671,50.80556],[4.33669,50.80503],[4.33666,50.80445],[4.33662,50.8034],[4.3366,50.80302],[4.33648,50.80061],[4.33648,50.80061],[4.33648,50.80057],[4.33646,50.80004],[4.33645,50.79981],[4.33642,50.79928],[4.3364,50.799],[4.33639,50.7988],[4.33636,50.79844],[4.33634,50.79837],[4.33632,50.79827],[4.3363,50.79818],[4.3362,50.79777],[4.33616,50.79768],[4.33604,50.79731],[4.33601,50.79723],[4.33596,50.79712],[4.33562,50.79646],[4.33556,50.79634],[4.33524,50.79582],[4.33447,50.7946],[4.33431,50.79435],[4.33372,50.79342],[4.33342,50.79294],[4.33272,50.79182],[4.33268,50.79175],[4.33266,50.79171],[4.33264,50.79167],[4.33264,50.79163],[4.33265,50.79159],[4.33266,50.79157],[4.33267,50.79155],[4.33352,50.79007],[4.33363,50.78989],[4.33397,50.7893],[4.33402,50.78921],[4.33403,50.7892],[4.33404,50.78918],[4.33405,50.78914],[4.33405,50.7891],[4.33404,50.78907],[4.33403,50.78903],[4.33401,50.78902],[4.33398,50.78899],[4.33394,50.78897],[4.3339,50.78895],[4.33388,50.78894],[4.33369,50.78889],[4.33355,50.78885],[4.33351,50.78883],[4.33342,50.78881],[4.33336,50.78878],[4.33332,50.78876],[4.33325,50.78871],[4.33307,50.78858],[4.33289,50.78846],[4.3328,50.7884],[4.33273,50.78836],[4.33263,50.78831],[4.33256,50.78828],[4.33246,50.78823],[4.33232,50.78818],[4.33221,50.78815],[4.33202,50.7881],[4.3318,50.78805],[4.33057,50.7878],[4.33047,50.78778],[4.33035,50.78775],[4.33031,50.78774],[4.33025,50.78772],[4.33019,50.78769],[4.33014,50.78766],[4.33009,50.78762],[4.33006,50.78758],[4.33003,50.78754],[4.32962,50.78688],[4.32831,50.78479],[4.32807,50.78441],[4.32765,50.78375],[4.32701,50.78272],[4.32608,50.78125],[4.32604,50.78117],[4.32603,50.78115],[4.326,50.78107],[4.32599,50.78102],[4.32598,50.78096],[4.32596,50.78077],[4.32595,50.78062],[4.32595,50.78053],[4.32594,50.78045],[4.32589,50.78021]]}},{"type":"Feature","properties":{"ref":9,"line":"18","color":"91BEE7","mode":"tram","direction":1,"terminus":"ALBERT"},"geometry":{"type":"LineString","coordinates":[[4.32589,50.78021],[4.32594,50.78045],[4.32595,50.78053],[4.32595,50.78062],[4.32596,50.78069],[4.32598,50.78078],[4.32602,50.78093],[4.32608,50.78108],[4.32613,50.78121],[4.32618,50.78131],[4.32623,50.78141],[4.32637,50.78164],[4.3274,50.78326],[4.32838,50.78483],[4.32852,50.78507],[4.32984,50.78717],[4.33006,50.78753],[4.33009,50.78755],[4.33011,50.78758],[4.33015,50.78762],[4.3302,50.78765],[4.33024,50.78768],[4.33029,50.7877],[4.33035,50.78772],[4.33041,50.78774],[4.33049,50.78775],[4.33188,50.78804],[4.33204,50.78807],[4.33206,50.78808],[4.33223,50.78813],[4.33232,50.78815],[4.33244,50.78819],[4.33255,50.78824],[4.33265,50.78828],[4.33277,50.78834],[4.33283,50.78838],[4.33292,50.78844],[4.33308,50.78855],[4.33326,50.78868],[4.33335,50.78873],[4.33343,50.78877],[4.33349,50.7888],[4.33358,50.78882],[4.33391,50.78892],[4.33396,50.78893],[4.33399,50.78895],[4.334,50.78895],[4.33403,50.78898],[4.33406,50.78901],[4.33408,50.78903],[4.3341,50.78907],[4.33411,50.78911],[4.3341,50.78914],[4.33408,50.78919],[4.33382,50.78965],[4.3334,50.79037],[4.3329,50.79122],[4.33273,50.79151],[4.33271,50.79156],[4.3327,50.79159],[4.33269,50.79163],[4.33269,50.79166],[4.3327,50.7917],[4.33272,50.79174],[4.33276,50.79182],[4.3336,50.79317],[4.33397,50.79376],[4.33419,50.7941],[4.33439,50.79442],[4.33454,50.79465],[4.33559,50.79632],[4.33564,50.79641],[4.33587,50.79688],[4.33599,50.79712],[4.33604,50.79722],[4.3361,50.79739],[4.33619,50.79765],[4.33621,50.79771],[4.33625,50.79784],[4.33637,50.79831],[4.33639,50.7984],[4.33641,50.79866],[4.33645,50.7991],[4.33645,50.79919],[4.33647,50.79947],[4.33647,50.79951],[4.3365,50.80008],[4.33654,50.80107],[4.33656,50.80135],[4.3366,50.80231],[4.33668,50.80396],[4.33669,50.80418],[4.33669,50.8042],[4.33669,50.80429],[4.33672,50.80506],[4.33676,50.80596],[4.33681,50.80674],[4.33683,50.80724],[4.33685,50.8075],[4.33687,50.80786],[4.3369,50.80805],[4.33698,50.80848],[4.33702,50.80864],[4.33707,50.80881],[4.33717,50.80914],[4.33721,50.80925],[4.33733,50.80956],[4.33744,50.80984],[4.33759,50.8102],[4.33762,50.81028],[4.33779,50.81071],[4.33808,50.81142],[4.33838,50.81217],[4.33858,50.81265],[4.33882,50.81324],[4.33886,50.81334],[4.33887,50.81338],[4.33889,50.81344],[4.33889,50.81347],[4.33889,50.81351],[4.33888,50.81355],[4.33887,50.81358],[4.33886,50.81362],[4.33883,50.81366],[4.33875,50.81378],[4.33797,50.81492],[4.33743,50.81571],[4.33718,50.81608],[4.33714,50.81614],[4.33713,50.8162],[4.33713,50.81625],[4.33715,50.8163],[4.33718,50.81633],[4.33724,50.81639],[4.33728,50.81643],[4.33731,50.81646],[4.33734,50.81651],[4.33736,50.81655],[4.33737,50.81659],[4.33737,50.81664],[4.33737,50.81667],[4.33736,50.81671],[4.33734,50.81675],[4.33732,50.81679],[4.33727,50.81683],[4.33723,50.81687],[4.33719,50.8169],[4.33713,50.81693],[4.33706,50.81696],[4.33703,50.81697],[4.337,50.81698],[4.33703,50.81697],[4.33696,50.81699],[4.3369,50.81702],[4.33685,50.81705],[4.33681,50.81708],[4.33678,50.8171],[4.33676,50.81713],[4.33674,50.81717],[4.33673,50.8172],[4.33672,50.81724],[4.33669,50.81744],[4.33655,50.81847],[4.33648,50.81898],[4.33648,50.81904],[4.33648,50.81908],[4.33648,50.81911],[4.3365,50.81915],[4.33652,50.81918],[4.33655,50.81923],[4.33657,50.81925],[4.33664,50.8193],[4.33673,50.81936],[4.33686,50.81945],[4.33699,50.81953],[4.33713,50.8196],[4.33714,50.8196],[4.33718,50.81963],[4.33737,50.8197],[4.33747,50.81974],[4.33767,50.81981],[4.33784,50.81985],[4.33833,50.81999],[4.33856,50.82005],[4.33936,50.82027],[4.33965,50.82035],[4.33974,50.82038],[4.33976,50.82039],[4.34014,50.82051],[4.34056,50.82066],[4.34072,50.82072],[4.34104,50.82085],[4.3414,50.82099],[4.34149,50.82103]]}},{"type":"Feature","properties":{"ref":10,"line":"19","color":"E43C2E","mode":"tram","direction":0,"terminus":"DE WAND"},"geometry":{"type":"LineString","coordinates":[[4.32961,50.86367],[4.32957,50.86369],[4.32946,50.86376],[4.32941,50.8638],[4.32937,50.86383],[4.32932,50.86388],[4.32929,50.86392],[4.32919,50.86407],[4.32918,50.86409],[4.32916,50.86411],[4.32912,50.86418],[4.32874,50.86474],[4.32815,50.86563],[4.32769,50.86631],[4.32725,50.86697],[4.32721,50.86703],[4.32707,50.86723],[4.32692,50.86744],[4.32648,50.8681],[4.32635,50.8683],[4.32487,50.8705],[4.3244,50.87122],[4.32433,50.87132],[4.3243,50.87137],[4.32428,50.87139],[4.32427,50.87141],[4.32426,50.87145],[4.32426,50.87149],[4.32427,50.8715],[4.32427,50.87152],[4.3243,50.87156],[4.32431,50.87157],[4.32433,50.87159],[4.32437,50.87161],[4.32442,50.87164],[4.32448,50.87166],[4.32454,50.87167],[4.32522,50.8718],[4.32547,50.87185],[4.32565,50.87188],[4.3257,50.87189],[4.32574,50.87191],[4.32579,50.87194],[4.32581,50.87195],[4.32585,50.87199],[4.32587,50.87202],[4.32589,50.87206],[4.32589,50.87209],[4.32589,50.87212],[4.32588,50.87215],[4.3258,50.8724],[4.32577,50.87248],[4.32575,50.87253],[4.32564,50.87274],[4.32562,50.8728],[4.32559,50.87287],[4.32559,50.87293],[4.32559,50.87298],[4.3256,50.87301],[4.32562,50.87307],[4.32566,50.87314],[4.32596,50.87354],[4.32625,50.87393],[4.3268,50.87472],[4.32805,50.87653],[4.32856,50.87726],[4.32859,50.87732],[4.32863,50.8774],[4.32867,50.87752],[4.32884,50.87799],[4.32893,50.87823],[4.32911,50.87874],[4.32913,50.87882],[4.32916,50.87894],[4.32918,50.87906],[4.32921,50.87918],[4.32945,50.87997],[4.32948,50.88005],[4.32949,50.88008],[4.32952,50.88012],[4.32953,50.88013],[4.32956,50.88016],[4.3296,50.88018],[4.32964,50.8802],[4.32969,50.88021],[4.32974,50.88022],[4.32979,50.88023],[4.32987,50.88022],[4.33006,50.88019],[4.33043,50.88013],[4.33213,50.87986],[4.33219,50.87985],[4.33253,50.87979],[4.33277,50.87975],[4.33298,50.87971],[4.33329,50.87961],[4.33366,50.8795],[4.33388,50.87943],[4.33395,50.87942],[4.33405,50.87943],[4.33415,50.87946],[4.33422,50.8795],[4.33429,50.87955],[4.33434,50.8796],[4.33467,50.87988],[4.33482,50.88002],[4.33491,50.88009],[4.33494,50.88012],[4.33509,50.88025],[4.33518,50.88032],[4.33527,50.8804],[4.33536,50.88049],[4.33541,50.88053],[4.33545,50.88057],[4.33549,50.88061],[4.33554,50.88066],[4.33557,50.88071],[4.3356,50.88076],[4.33563,50.88083],[4.33565,50.88089],[4.33566,50.88093],[4.33567,50.88098],[4.33568,50.88106],[4.33567,50.88114],[4.33566,50.88123],[4.33559,50.88157],[4.33553,50.88193],[4.33551,50.88202],[4.3355,50.88209],[4.33549,50.88216],[4.33548,50.88221],[4.33549,50.88228],[4.3355,50.88234],[4.33552,50.88242],[4.33554,50.88248],[4.33556,50.88259],[4.33557,50.88262],[4.33557,50.88264],[4.33562,50.88278],[4.33563,50.88281],[4.33568,50.88285],[4.33573,50.88292],[4.33578,50.88297],[4.33592,50.88311],[4.33601,50.88319],[4.33606,50.88324],[4.3361,50.88328],[4.33618,50.88335],[4.33625,50.8834],[4.33635,50.88347],[4.33645,50.88353],[4.33656,50.8836],[4.33658,50.88361],[4.33659,50.88361],[4.33672,50.88367],[4.33792,50.88424],[4.3381,50.88432],[4.33816,50.88435],[4.33851,50.8845],[4.33863,50.88456],[4.33886,50.88467],[4.33898,50.88472],[4.34108,50.88572],[4.34129,50.88582],[4.34145,50.88591],[4.34168,50.88603],[4.34207,50.88622],[4.34223,50.88629],[4.34246,50.8864],[4.34261,50.88647],[4.34267,50.8865],[4.34273,50.88653],[4.34277,50.88656],[4.34282,50.8866],[4.34286,50.88663],[4.34287,50.88664],[4.34289,50.88665],[4.3429,50.88666],[4.34301,50.88677],[4.34307,50.88683],[4.34311,50.88685],[4.34317,50.88689],[4.34323,50.88693],[4.3433,50.88697],[4.34335,50.88699],[4.34338,50.887],[4.3434,50.88701],[4.34349,50.88705],[4.34361,50.88708],[4.34373,50.88712],[4.3442,50.88726],[4.34426,50.88728],[4.34429,50.88729],[4.34434,50.88732],[4.34437,50.88735],[4.3444,50.88738],[4.34442,50.88741],[4.34444,50.88745],[4.34445,50.8875],[4.34478,50.88893],[4.34481,50.88909],[4.34485,50.88923],[4.34493,50.88946],[4.34495,50.88951],[4.34495,50.88954],[4.34519,50.8902],[4.34524,50.89034],[4.34526,50.89038],[4.34529,50.89042],[4.34533,50.89046],[4.34536,50.89049],[4.3454,50.89053],[4.34546,50.89056],[4.34551,50.89059],[4.34559,50.89063],[4.34606,50.89086],[4.34753,50.8916],[4.34764,50.89166],[4.34774,50.89171],[4.34782,50.89177],[4.3479,50.89182],[4.34796,50.89187],[4.34808,50.89197],[4.34888,50.89269],[4.3497,50.89341],[4.35222,50.89564],[4.35229,50.8957],[4.35235,50.89574],[4.3524,50.89577],[4.35245,50.89579],[4.3525,50.8958],[4.35257,50.89581],[4.35265,50.89582],[4.35271,50.89582],[4.35275,50.89581],[4.35283,50.8958],[4.35289,50.89579],[4.35294,50.89577],[4.35302,50.89573],[4.35313,50.89568],[4.35328,50.89561],[4.3534,50.89556],[4.35355,50.8955],[4.3537,50.89545],[4.35373,50.89544],[4.35392,50.89538],[4.35409,50.89534],[4.35429,50.89529],[4.35445,50.89525],[4.35455,50.89523],[4.3546,50.89522],[4.35466,50.89522],[4.35472,50.89521],[4.35484,50.89521],[4.35489,50.89521],[4.35501,50.89522],[4.35524,50.89525],[4.35549,50.89529]]}},{"type":"Feature","properties":{"ref":10,"line":"19","color":"E43C2E","mode":"tram","direction":1,"terminus":"SIMONIS"},"geometry":{"type":"LineString","coordinates":[[4.35504,50.89525],[4.35494,50.89524],[4.35483,50.89523],[4.35471,50.89524],[4.35465,50.89524],[4.3546,50.89525],[4.35448,50.89527],[4.35431,50.89531],[4.35406,50.89537],[4.35397,50.8954],[4.35384,50.89544],[4.35369,50.89549],[4.35357,50.89553],[4.35346,50.89557],[4.35327,50.89565],[4.35312,50.89572],[4.35301,50.89577],[4.35293,50.89581],[4.35288,50.89582],[4.35282,50.89584],[4.35276,50.89585],[4.35269,50.89585],[4.35263,50.89585],[4.35257,50.89584],[4.35252,50.89583],[4.35246,50.89582],[4.35241,50.89581],[4.35236,50.89578],[4.35232,50.89576],[4.35227,50.89573],[4.35224,50.89571],[4.35153,50.89507],[4.35014,50.89384],[4.3481,50.89204],[4.34806,50.892],[4.34804,50.89199],[4.34792,50.89188],[4.34788,50.89185],[4.34787,50.89184],[4.34779,50.89178],[4.3477,50.89173],[4.34761,50.89168],[4.34752,50.89163],[4.34743,50.89158],[4.34612,50.89093],[4.34559,50.89067],[4.34549,50.89061],[4.34542,50.89058],[4.34537,50.89055],[4.34533,50.89052],[4.34529,50.89048],[4.34525,50.89044],[4.34523,50.8904],[4.34521,50.89037],[4.34518,50.89031],[4.34514,50.89021],[4.34504,50.88993],[4.34488,50.88947],[4.34481,50.88927],[4.34478,50.88914],[4.34473,50.88897],[4.3444,50.88748],[4.34438,50.88744],[4.34436,50.8874],[4.34433,50.88737],[4.34429,50.88734],[4.34425,50.88732],[4.3442,50.88729],[4.34414,50.88727],[4.34403,50.88723],[4.34373,50.88715],[4.34369,50.88714],[4.34357,50.8871],[4.34342,50.88705],[4.34336,50.88703],[4.34329,50.88699],[4.34321,50.88696],[4.34315,50.88692],[4.34309,50.88688],[4.34303,50.88683],[4.34296,50.88677],[4.34285,50.88667],[4.34279,50.88662],[4.34275,50.88658],[4.34269,50.88655],[4.34262,50.88652],[4.34254,50.88647],[4.34253,50.88647],[4.34224,50.88634],[4.3421,50.88627],[4.3419,50.88618],[4.34146,50.88598],[4.34136,50.88593],[4.33991,50.88524],[4.33976,50.88517],[4.33862,50.88463],[4.33826,50.88445],[4.33826,50.88445],[4.33814,50.88439],[4.33796,50.8843],[4.33786,50.88425],[4.33781,50.88422],[4.33767,50.88416],[4.33667,50.88369],[4.33658,50.88364],[4.33648,50.88359],[4.33639,50.88354],[4.33629,50.88347],[4.3362,50.88341],[4.33613,50.88336],[4.33604,50.88328],[4.33596,50.8832],[4.33588,50.88313],[4.33582,50.88307],[4.33576,50.88301],[4.33568,50.88293],[4.33561,50.88286],[4.33557,50.88279],[4.33553,50.88265],[4.33551,50.88258],[4.33549,50.8825],[4.33547,50.88239],[4.33544,50.88226],[4.33544,50.88223],[4.33544,50.8822],[4.33544,50.88214],[4.33546,50.88205],[4.33549,50.8819],[4.33552,50.88173],[4.33557,50.88147],[4.33559,50.88138],[4.33563,50.88112],[4.33563,50.88104],[4.33562,50.88096],[4.33561,50.8809],[4.33559,50.88084],[4.33557,50.8808],[4.33555,50.88076],[4.3355,50.88068],[4.33544,50.88061],[4.3354,50.88057],[4.33519,50.88038],[4.33492,50.88014],[4.33467,50.87993],[4.3345,50.87978],[4.33431,50.87962],[4.33422,50.87954],[4.3341,50.87948],[4.33402,50.87947],[4.33394,50.87946],[4.33387,50.87947],[4.33371,50.87952],[4.33356,50.87956],[4.33335,50.87963],[4.33313,50.87969],[4.33295,50.87974],[4.33274,50.87978],[4.33265,50.8798],[4.33242,50.87984],[4.33213,50.87989],[4.33005,50.88022],[4.33005,50.88022],[4.32984,50.88025],[4.32981,50.88025],[4.32976,50.88026],[4.3297,50.88025],[4.32968,50.88025],[4.32963,50.88024],[4.3296,50.88023],[4.32954,50.8802],[4.32951,50.88018],[4.32949,50.88016],[4.32948,50.88015],[4.32947,50.88013],[4.32944,50.88005],[4.32918,50.87918],[4.32915,50.87906],[4.32912,50.87892],[4.32909,50.87881],[4.32894,50.87839],[4.32863,50.87751],[4.32858,50.87737],[4.32852,50.87727],[4.32822,50.87683],[4.32802,50.87655],[4.32757,50.8759],[4.32694,50.87499],[4.32671,50.87466],[4.32635,50.87415],[4.32626,50.87401],[4.32606,50.87372],[4.3259,50.8735],[4.32579,50.87337],[4.32565,50.87319],[4.32559,50.8731],[4.32557,50.87308],[4.32555,50.87303],[4.32554,50.87299],[4.32554,50.87294],[4.32554,50.87292],[4.32555,50.87286],[4.32557,50.8728],[4.32562,50.8727],[4.32571,50.87253],[4.32573,50.87247],[4.32579,50.87231],[4.32581,50.87225],[4.32584,50.87215],[4.32584,50.87209],[4.32584,50.87205],[4.32583,50.87204],[4.32581,50.87201],[4.32577,50.87197],[4.32575,50.87195],[4.32573,50.87194],[4.32567,50.87192],[4.3256,50.8719],[4.32521,50.87182],[4.32496,50.87178],[4.32453,50.87169],[4.32446,50.87168],[4.3244,50.87166],[4.32437,50.87165],[4.32434,50.87164],[4.32431,50.87163],[4.32429,50.87161],[4.32427,50.87159],[4.32425,50.87157],[4.32422,50.87153],[4.32421,50.87149],[4.32421,50.87145],[4.32422,50.87142],[4.32423,50.8714],[4.32428,50.87133],[4.32431,50.87128],[4.32459,50.87085],[4.32462,50.87081],[4.32598,50.86878],[4.32616,50.86851],[4.32656,50.86791],[4.32661,50.86785],[4.32675,50.86764],[4.32703,50.86722],[4.32733,50.86678],[4.32765,50.8663],[4.32885,50.86451],[4.3289,50.86443],[4.32895,50.86436],[4.32895,50.86436],[4.32902,50.8643],[4.32905,50.86426],[4.32912,50.86418],[4.32916,50.86411],[4.32918,50.86409],[4.32919,50.86407],[4.32929,50.86392],[4.32932,50.86388],[4.32937,50.86383],[4.32941,50.8638],[4.32946,50.86376],[4.32957,50.86369],[4.3297,50.86361],[4.33003,50.86342]]}},{"type":"Feature","properties":{"ref":11,"line":"25","color":"A12944","mode":"tram","direction":0,"terminus":"ROGIER"},"geometry":{"type":"LineString","coordinates":[[4.39375,50.80105],[4.39372,50.80107],[4.39362,50.80113],[4.39356,50.80117],[4.39348,50.80122],[4.39343,50.80125],[4.39339,50.80126],[4.39337,50.80127],[4.39332,50.80129],[4.393,50.80143],[4.39256,50.80161],[4.39187,50.80191],[4.39176,50.80195],[4.39158,50.80204],[4.3914,50.80213],[4.39123,50.80222],[4.39107,50.80232],[4.39091,50.80242],[4.39076,50.80253],[4.39061,50.80264],[4.39047,50.80276],[4.39037,50.80285],[4.39034,50.80287],[4.39022,50.80299],[4.39008,50.80314],[4.38892,50.80439],[4.38814,50.80524],[4.38807,50.80532],[4.38801,50.80541],[4.38795,50.80549],[4.3879,50.80558],[4.38786,50.80567],[4.38783,50.80576],[4.3878,50.80585],[4.38777,50.80597],[4.38766,50.80666],[4.3876,50.80699],[4.38752,50.80746],[4.38748,50.80773],[4.38743,50.80792],[4.38738,50.8081],[4.38734,50.80821],[4.38727,50.80837],[4.38721,50.80849],[4.38714,50.80863],[4.38706,50.80876],[4.38643,50.80968],[4.38624,50.80995],[4.38605,50.81023],[4.386,50.81031],[4.38595,50.8104],[4.3859,50.8105],[4.38588,50.81056],[4.38585,50.81065],[4.38584,50.81071],[4.38583,50.81078],[4.38584,50.81083],[4.38584,50.81087],[4.38586,50.81097],[4.38588,50.81108],[4.38588,50.81113],[4.38588,50.81119],[4.38587,50.81127],[4.38586,50.81132],[4.38584,50.81137],[4.3858,50.81145],[4.38577,50.8115],[4.38573,50.81155],[4.38478,50.8129],[4.38446,50.81335],[4.38441,50.81343],[4.38436,50.81352],[4.3843,50.81365],[4.3843,50.81365],[4.38427,50.81373],[4.38422,50.81386],[4.38419,50.814],[4.3841,50.8144],[4.38408,50.81449],[4.38405,50.81458],[4.38402,50.81466],[4.38396,50.81479],[4.38392,50.81488],[4.38382,50.81505],[4.38373,50.81517],[4.38362,50.81534],[4.38353,50.81546],[4.38351,50.81548],[4.38343,50.81558],[4.38332,50.8157],[4.38326,50.81576],[4.38321,50.81581],[4.38308,50.81592],[4.383,50.81599],[4.3829,50.81606],[4.3817,50.81682],[4.38033,50.81768],[4.37995,50.81793],[4.37981,50.81802],[4.37974,50.81807],[4.37964,50.81814],[4.37961,50.81817],[4.37957,50.81821],[4.37955,50.81823],[4.37954,50.81825],[4.37953,50.81827],[4.37952,50.81832],[4.37953,50.81837],[4.37954,50.81839],[4.37957,50.81843],[4.37961,50.81847],[4.37974,50.81859],[4.37977,50.81862],[4.37988,50.81872],[4.38003,50.81884],[4.38018,50.81894],[4.38031,50.81903],[4.38033,50.81904],[4.38046,50.81912],[4.38056,50.81918],[4.38061,50.8192],[4.38077,50.81929],[4.38091,50.81936],[4.38109,50.81944],[4.38123,50.81949],[4.38134,50.81953],[4.38147,50.81957],[4.38156,50.8196],[4.38173,50.81965],[4.38194,50.8197],[4.38256,50.81985],[4.38294,50.81994],[4.38323,50.82002],[4.38336,50.82005],[4.38385,50.82019],[4.38428,50.82032],[4.38466,50.82044],[4.38504,50.82056],[4.38537,50.82067],[4.38573,50.8208],[4.3861,50.82094],[4.38646,50.82108],[4.3867,50.82117],[4.38694,50.82127],[4.38729,50.82143],[4.38758,50.82156],[4.38792,50.82172],[4.38804,50.82178],[4.38833,50.82191],[4.38861,50.82203],[4.38884,50.82214],[4.38936,50.8224],[4.38948,50.82246],[4.38952,50.82248],[4.39007,50.82276],[4.39056,50.82302],[4.39213,50.8238],[4.39257,50.82402],[4.39398,50.82473],[4.39402,50.82475],[4.39551,50.8255],[4.39568,50.82559],[4.39584,50.82567],[4.3961,50.82583],[4.39626,50.82591],[4.39673,50.82615],[4.39696,50.82626],[4.39719,50.82637],[4.39769,50.82662],[4.39794,50.82675],[4.39818,50.82686],[4.39844,50.82697],[4.3986,50.82705],[4.39874,50.82711],[4.39988,50.82769],[4.40015,50.82782],[4.4004,50.82795],[4.40061,50.82806],[4.40081,50.82816],[4.40106,50.82831],[4.40125,50.82842],[4.40143,50.82853],[4.40167,50.82869],[4.40184,50.82881],[4.40205,50.82897],[4.4023,50.82916],[4.40254,50.82935],[4.40278,50.82956],[4.4028,50.82957],[4.40299,50.82973],[4.40316,50.8299],[4.40332,50.83007],[4.40363,50.83041],[4.40382,50.83064],[4.40395,50.8308],[4.40414,50.83104],[4.40426,50.83121],[4.40441,50.83144],[4.40445,50.83151],[4.4046,50.83175],[4.40475,50.832],[4.40483,50.83215],[4.40505,50.83257],[4.40518,50.83284],[4.40551,50.83356],[4.40555,50.83365],[4.40556,50.83366],[4.40565,50.83387],[4.40576,50.83412],[4.40588,50.83438],[4.4064,50.83541],[4.40652,50.83565],[4.40682,50.83628],[4.40741,50.83752],[4.40742,50.83755],[4.4077,50.83814],[4.40775,50.83828],[4.40779,50.8384],[4.40782,50.83851],[4.40784,50.83862],[4.40785,50.83873],[4.40786,50.83884],[4.40785,50.83895],[4.40784,50.83907],[4.40782,50.83922],[4.40777,50.83937],[4.40772,50.83953],[4.40766,50.83968],[4.4076,50.83982],[4.40756,50.83989],[4.4075,50.83999],[4.40728,50.84038],[4.40712,50.84067],[4.40652,50.84179],[4.40566,50.84342],[4.40543,50.84385],[4.40541,50.8439],[4.40514,50.8444],[4.40497,50.84471],[4.4048,50.84501],[4.40432,50.84583],[4.40393,50.84648],[4.4039,50.84653],[4.4028,50.84839],[4.4022,50.84939],[4.4001,50.85295],[4.40006,50.85302],[4.4,50.85309],[4.39994,50.85315],[4.39987,50.85321],[4.39975,50.85332],[4.39968,50.85339],[4.39961,50.85345],[4.39956,50.85352],[4.39951,50.8536],[4.39908,50.85433],[4.39901,50.85444],[4.39896,50.85452],[4.39891,50.85458],[4.39887,50.85462],[4.39878,50.85469],[4.39872,50.85472],[4.39867,50.85475],[4.39861,50.85478],[4.39855,50.8548],[4.3981,50.85498],[4.39806,50.85499],[4.39788,50.85506],[4.39782,50.85508],[4.39775,50.8551],[4.39761,50.85513],[4.39743,50.85517],[4.39715,50.85523],[4.39633,50.8554],[4.39608,50.85545],[4.39589,50.85549],[4.39368,50.85596],[4.39221,50.85627],[4.39215,50.85628],[4.39209,50.8563],[4.39205,50.85632],[4.39197,50.85636],[4.3919,50.8564],[4.39177,50.8565],[4.39173,50.85653],[4.39167,50.85656],[4.39161,50.85659],[4.39155,50.85661],[4.39148,50.85662],[4.39126,50.85667],[4.39103,50.85672],[4.39101,50.85672],[4.39095,50.85674],[4.39086,50.85675],[4.39082,50.85675],[4.39075,50.85675],[4.39068,50.85674],[4.39054,50.85672],[4.39046,50.85671],[4.39039,50.8567],[4.39031,50.8567],[4.39024,50.8567],[4.39017,50.85671],[4.39009,50.85673],[4.38779,50.85723],[4.38636,50.85754],[4.38555,50.85772],[4.38537,50.85776],[4.38504,50.85785],[4.38497,50.85787],[4.38492,50.85789],[4.38486,50.85793],[4.38482,50.85796],[4.38479,50.85799],[4.38478,50.85802],[4.38473,50.85809],[4.38471,50.85813],[4.38467,50.85817],[4.38465,50.85819],[4.38461,50.85822],[4.38455,50.85825],[4.38448,50.85828],[4.38444,50.85829],[4.38438,50.8583],[4.38434,50.8583],[4.38431,50.8583],[4.38427,50.8583],[4.3842,50.8583],[4.38416,50.85829],[4.38415,50.85829],[4.38409,50.85827],[4.38404,50.85825],[4.38399,50.85823],[4.38391,50.8582],[4.38388,50.85818],[4.38384,50.85817],[4.3838,50.85816],[4.38373,50.85815],[4.3837,50.85814],[4.38362,50.85815],[4.38355,50.85816],[4.38298,50.85828],[4.38191,50.85851],[4.37911,50.85912],[4.37684,50.85962],[4.37583,50.85984],[4.37442,50.86015],[4.37423,50.86019],[4.37285,50.86049],[4.37152,50.86078],[4.37072,50.86096],[4.36934,50.86127],[4.36877,50.86139],[4.36809,50.86154],[4.36777,50.86161],[4.36771,50.86162],[4.36766,50.86163],[4.36762,50.86165],[4.36759,50.86166],[4.36756,50.86168],[4.36753,50.86169],[4.36751,50.86171],[4.36749,50.86174],[4.36747,50.86176],[4.36745,50.8618],[4.36743,50.86185],[4.36741,50.86195],[4.36732,50.86222],[4.36718,50.8627],[4.36715,50.86278],[4.36712,50.86283],[4.367,50.863],[4.36694,50.86308],[4.36689,50.86316],[4.36686,50.8632],[4.36682,50.86325],[4.36669,50.86344],[4.36634,50.86392],[4.36625,50.86405],[4.36615,50.8642],[4.36607,50.86432],[4.36604,50.86436],[4.36594,50.86448],[4.36582,50.86464],[4.36559,50.86497],[4.36533,50.86533],[4.36522,50.86548],[4.36519,50.86552],[4.36515,50.86556],[4.3651,50.8656],[4.36508,50.86561],[4.36502,50.86564],[4.36498,50.86565],[4.36492,50.86567],[4.3648,50.86569],[4.36456,50.86572],[4.36418,50.86579],[4.36365,50.86589],[4.3635,50.86591],[4.36344,50.86592],[4.36339,50.86592],[4.36332,50.86591],[4.36329,50.8659],[4.36325,50.86589],[4.3632,50.86587],[4.36317,50.86584],[4.36314,50.86581],[4.36312,50.86578],[4.3631,50.86574],[4.36308,50.86572],[4.36288,50.86533],[4.36284,50.86525],[4.3628,50.86517],[4.36275,50.86508],[4.36258,50.86469],[4.3624,50.8643],[4.36237,50.86423],[4.36233,50.86407],[4.36229,50.86396],[4.36225,50.86386],[4.36215,50.86364],[4.36205,50.86345],[4.36201,50.86336],[4.36198,50.86329],[4.3619,50.86314],[4.36166,50.86259],[4.3616,50.86247],[4.36155,50.86239],[4.36151,50.86231],[4.36145,50.86224],[4.36142,50.86219],[4.36135,50.86212],[4.36133,50.86209],[4.36123,50.86199],[4.36116,50.86193],[4.36104,50.86183],[4.36082,50.86165],[4.36074,50.86159],[4.36071,50.86156],[4.36066,50.86152],[4.36062,50.86147],[4.36058,50.86143],[4.36054,50.86137],[4.36049,50.86129],[4.36043,50.86118],[4.36035,50.86103],[4.36028,50.86087],[4.35995,50.86014],[4.35994,50.86013],[4.35985,50.85993],[4.35977,50.85975],[4.35974,50.85968],[4.35973,50.85964],[4.35971,50.85958],[4.3597,50.85952],[4.3597,50.85938],[4.35971,50.85923],[4.35972,50.85891],[4.35972,50.85868],[4.35971,50.85858],[4.3597,50.85849],[4.35968,50.85839],[4.35965,50.85827],[4.35962,50.85818],[4.35958,50.85807],[4.35954,50.85798],[4.35944,50.85777],[4.35928,50.85742],[4.35921,50.85726],[4.35918,50.8572],[4.35913,50.85709],[4.35911,50.85706],[4.35908,50.85699],[4.35906,50.85693],[4.35898,50.85669],[4.35897,50.85666],[4.35893,50.85657],[4.35892,50.85655],[4.35881,50.85635],[4.35877,50.85629],[4.35872,50.85623],[4.3586,50.85609]]}},{"type":"Feature","properties":{"ref":11,"line":"25","color":"A12944","mode":"tram","direction":1,"terminus":"BOONDAEL GARE"},"geometry":{"type":"LineString","coordinates":[[4.3586,50.85609],[4.35872,50.85623],[4.35877,50.85629],[4.35881,50.85635],[4.35892,50.85655],[4.359,50.85669],[4.35902,50.85674],[4.35906,50.85681],[4.35916,50.85703],[4.35943,50.85762],[4.35961,50.85801],[4.35961,50.85802],[4.35966,50.85814],[4.35969,50.85824],[4.35971,50.85831],[4.35974,50.8584],[4.35975,50.85849],[4.35977,50.8586],[4.35977,50.85869],[4.35977,50.85889],[4.35976,50.85934],[4.35976,50.85943],[4.35977,50.8595],[4.35977,50.85956],[4.35979,50.85962],[4.3598,50.85968],[4.35982,50.85973],[4.35993,50.85999],[4.36024,50.86066],[4.36028,50.86076],[4.36033,50.86087],[4.36038,50.86097],[4.36042,50.86105],[4.36048,50.86113],[4.36053,50.8612],[4.36059,50.86128],[4.36066,50.86135],[4.36073,50.86142],[4.36079,50.86147],[4.36106,50.86172],[4.36115,50.86179],[4.3612,50.86184],[4.36126,50.86191],[4.36126,50.86191],[4.36138,50.86208],[4.36147,50.8622],[4.36155,50.86231],[4.3616,50.8624],[4.36166,50.8625],[4.36171,50.86261],[4.362,50.86324],[4.36206,50.86338],[4.36209,50.86344],[4.36221,50.86368],[4.36233,50.86393],[4.36275,50.86486],[4.3631,50.86563],[4.36313,50.86569],[4.36316,50.86576],[4.36318,50.86578],[4.3632,50.8658],[4.36321,50.86582],[4.36324,50.86584],[4.36329,50.86586],[4.36334,50.86588],[4.36339,50.86588],[4.36346,50.86588],[4.36357,50.86587],[4.36363,50.86586],[4.36434,50.86573],[4.36454,50.8657],[4.36461,50.86569],[4.36482,50.86566],[4.3649,50.86564],[4.36496,50.86563],[4.36502,50.86561],[4.36507,50.86558],[4.36512,50.86555],[4.36515,50.86551],[4.36518,50.86547],[4.36548,50.86505],[4.36559,50.86491],[4.36593,50.86443],[4.36594,50.86442],[4.366,50.86435],[4.366,50.86434],[4.36626,50.86398],[4.36634,50.86386],[4.36643,50.86374],[4.3665,50.86364],[4.36666,50.86343],[4.36672,50.86333],[4.36682,50.86319],[4.36687,50.86312],[4.36696,50.863],[4.36699,50.86295],[4.36698,50.86297],[4.36706,50.86286],[4.36711,50.86278],[4.36714,50.8627],[4.36729,50.86219],[4.3674,50.86183],[4.36743,50.86176],[4.36744,50.86174],[4.36746,50.86171],[4.36748,50.86168],[4.36751,50.86166],[4.36754,50.86165],[4.36757,50.86163],[4.36761,50.86162],[4.36766,50.8616],[4.36843,50.86144],[4.36847,50.86143],[4.36889,50.86134],[4.37133,50.8608],[4.37135,50.86079],[4.37218,50.86061],[4.37683,50.85959],[4.37707,50.85954],[4.38195,50.85848],[4.38284,50.85828],[4.3835,50.85814],[4.38357,50.85812],[4.38361,50.85811],[4.38366,50.85808],[4.38369,50.85806],[4.38373,50.85803],[4.38376,50.858],[4.38377,50.85797],[4.3838,50.85791],[4.38381,50.8579],[4.38383,50.85785],[4.38386,50.85781],[4.3839,50.85777],[4.38395,50.85774],[4.38398,50.85772],[4.38401,50.85771],[4.38407,50.85769],[4.38411,50.85768],[4.38418,50.85767],[4.38422,50.85766],[4.38429,50.85766],[4.38433,50.85767],[4.38436,50.85767],[4.38443,50.85769],[4.38446,50.8577],[4.38452,50.85772],[4.38452,50.85772],[4.38467,50.85777],[4.38472,50.85778],[4.38479,50.8578],[4.38483,50.8578],[4.38486,50.8578],[4.38494,50.8578],[4.38501,50.85779],[4.38535,50.85773],[4.38567,50.85766],[4.38729,50.85731],[4.38941,50.85685],[4.39005,50.85671],[4.39014,50.85668],[4.39021,50.85666],[4.39027,50.85664],[4.39033,50.85661],[4.39037,50.85658],[4.39044,50.85653],[4.39051,50.85647],[4.39056,50.85643],[4.39061,50.85641],[4.39066,50.85639],[4.39072,50.85636],[4.39078,50.85635],[4.39126,50.85624],[4.39131,50.85623],[4.39138,50.85622],[4.39144,50.85621],[4.3915,50.85621],[4.39157,50.85622],[4.39164,50.85623],[4.39182,50.85625],[4.39192,50.85626],[4.392,50.85626],[4.39207,50.85626],[4.39214,50.85625],[4.39221,50.85624],[4.39424,50.85581],[4.39625,50.85539],[4.39639,50.85536],[4.39702,50.85523],[4.39702,50.85523],[4.39763,50.8551],[4.39773,50.85507],[4.3978,50.85506],[4.39787,50.85503],[4.39798,50.85499],[4.39847,50.8548],[4.39859,50.85475],[4.39864,50.85473],[4.3987,50.8547],[4.39874,50.85467],[4.39879,50.85464],[4.39885,50.85459],[4.39887,50.85457],[4.39892,50.85452],[4.39895,50.85448],[4.39898,50.85443],[4.399,50.8544],[4.39905,50.85432],[4.39947,50.85359],[4.39952,50.85352],[4.39958,50.85344],[4.39965,50.85337],[4.39972,50.8533],[4.3999,50.85315],[4.39996,50.85309],[4.4,50.85303],[4.40004,50.85297],[4.40173,50.85012],[4.40243,50.84893],[4.40243,50.84893],[4.40275,50.84837],[4.40399,50.8463],[4.40428,50.84582],[4.40476,50.845],[4.40493,50.8447],[4.4051,50.84439],[4.40526,50.84408],[4.4056,50.84345],[4.4056,50.84345],[4.4066,50.84159],[4.40742,50.84005],[4.40749,50.83992],[4.40757,50.83976],[4.40764,50.83961],[4.4077,50.83948],[4.40774,50.83935],[4.40777,50.83922],[4.4078,50.83908],[4.40781,50.83899],[4.40781,50.83896],[4.40781,50.83883],[4.4078,50.8387],[4.40779,50.83863],[4.40777,50.8385],[4.40775,50.83842],[4.40773,50.83834],[4.40768,50.83822],[4.40762,50.83806],[4.40737,50.83754],[4.40718,50.83713],[4.40718,50.83712],[4.40679,50.83631],[4.40648,50.83566],[4.40636,50.83542],[4.40597,50.83464],[4.40527,50.83313],[4.40519,50.83297],[4.40519,50.83295],[4.40514,50.83285],[4.40498,50.83254],[4.40487,50.83231],[4.40471,50.83201],[4.40456,50.83176],[4.40437,50.83145],[4.40425,50.83127],[4.40409,50.83105],[4.40396,50.83087],[4.40393,50.83083],[4.40378,50.83065],[4.40366,50.83051],[4.40353,50.83037],[4.40339,50.83021],[4.40323,50.83006],[4.40305,50.82989],[4.40296,50.8298],[4.40273,50.8296],[4.40248,50.82939],[4.40235,50.82928],[4.40224,50.82919],[4.40199,50.829],[4.40173,50.82881],[4.40149,50.82865],[4.40119,50.82845],[4.40107,50.82838],[4.40084,50.82825],[4.40056,50.82809],[4.40024,50.82793],[4.39979,50.8277],[4.39843,50.82702],[4.39793,50.82677],[4.39792,50.82677],[4.39719,50.8264],[4.39717,50.82639],[4.39677,50.82619],[4.3963,50.82596],[4.39613,50.82587],[4.39597,50.82578],[4.39576,50.82566],[4.3956,50.82558],[4.39533,50.82544],[4.39351,50.82453],[4.39227,50.8239],[4.3916,50.82357],[4.39149,50.82351],[4.39133,50.82343],[4.39086,50.8232],[4.39026,50.8229],[4.38949,50.8225],[4.38887,50.82219],[4.38884,50.82217],[4.38859,50.82205],[4.38842,50.82197],[4.38801,50.8218],[4.38778,50.82169],[4.38744,50.82153],[4.38715,50.8214],[4.38686,50.82127],[4.38656,50.82115],[4.3862,50.82101],[4.38583,50.82087],[4.3854,50.82071],[4.38515,50.82062],[4.38489,50.82054],[4.38471,50.82048],[4.38439,50.82038],[4.38407,50.82028],[4.38374,50.82019],[4.38338,50.82008],[4.38288,50.81995],[4.38254,50.81987],[4.38209,50.81976],[4.38193,50.81973],[4.38172,50.81967],[4.38167,50.81966],[4.38158,50.81963],[4.38145,50.81959],[4.38126,50.81953],[4.38114,50.81948],[4.38101,50.81943],[4.38086,50.81937],[4.38074,50.81931],[4.38059,50.81923],[4.38048,50.81917],[4.38038,50.81912],[4.38031,50.81907],[4.38016,50.81897],[4.37997,50.81883],[4.37988,50.81875],[4.37976,50.81865],[4.37961,50.81851],[4.37954,50.81845],[4.37951,50.81841],[4.37949,50.81839],[4.37948,50.81835],[4.37947,50.81832],[4.37947,50.81829],[4.37948,50.81826],[4.3795,50.81823],[4.37953,50.81818],[4.37956,50.81816],[4.37965,50.81809],[4.37974,50.81802],[4.37981,50.81798],[4.38003,50.81784],[4.38067,50.81744],[4.38283,50.81608],[4.38292,50.81601],[4.38302,50.81594],[4.38314,50.81583],[4.38322,50.81576],[4.38333,50.81565],[4.38343,50.81553],[4.38356,50.81537],[4.38367,50.81521],[4.38379,50.81503],[4.38388,50.81487],[4.38395,50.81475],[4.38399,50.81466],[4.38403,50.81453],[4.38407,50.81435],[4.38414,50.81406],[4.38416,50.81395],[4.3842,50.81382],[4.38423,50.81373],[4.38429,50.8136],[4.38433,50.81351],[4.38438,50.81343],[4.38445,50.8133],[4.38457,50.81314],[4.38565,50.81162],[4.3857,50.81154],[4.38577,50.81142],[4.38581,50.81136],[4.38582,50.81131],[4.38584,50.81123],[4.38585,50.81118],[4.38585,50.81112],[4.38584,50.81106],[4.38581,50.81092],[4.3858,50.81086],[4.3858,50.81083],[4.3858,50.81074],[4.38581,50.81068],[4.38583,50.81061],[4.38585,50.81052],[4.38586,50.8105],[4.38591,50.8104],[4.38596,50.81031],[4.38607,50.81014],[4.38641,50.80965],[4.38696,50.80885],[4.38705,50.80872],[4.38712,50.80859],[4.3872,50.80846],[4.38726,50.80832],[4.3873,50.80821],[4.38737,50.80801],[4.38741,50.80787],[4.38744,50.80773],[4.38751,50.80729],[4.38766,50.80638],[4.38767,50.8063],[4.38772,50.80599],[4.38776,50.80585],[4.38779,50.80575],[4.38782,50.80566],[4.38786,50.80557],[4.3881,50.80523],[4.39015,50.80302],[4.39018,50.80298],[4.39031,50.80286],[4.39044,50.80274],[4.39057,50.80263],[4.39058,50.80263],[4.39072,50.80251],[4.39076,50.80249],[4.39088,50.80241],[4.39104,50.8023],[4.3912,50.80221],[4.39138,50.80211],[4.39155,50.80202],[4.39182,50.8019],[4.39249,50.80161],[4.39271,50.80151],[4.39328,50.80127],[4.39335,50.80124],[4.39342,50.80121],[4.39346,50.80118],[4.39351,50.80116],[4.39361,50.8011],[4.39369,50.80105],[4.39376,50.80101],[4.39379,50.80098],[4.39381,50.80097],[4.3939,50.8009],[4.39391,50.80088],[4.39396,50.80083],[4.39401,50.80078],[4.39403,50.80076],[4.39413,50.80062],[4.39415,50.8006],[4.39418,50.80056],[4.39422,50.80051],[4.3943,50.80044],[4.39433,50.80041],[4.39438,50.80036],[4.39441,50.80032],[4.39445,50.80026],[4.39441,50.80032],[4.39407,50.80077],[4.39403,50.80082],[4.39396,50.80089],[4.39395,50.80091],[4.39391,50.80094],[4.39384,50.801],[4.39378,50.80104],[4.39375,50.80105]]}},{"type":"Feature","properties":{"ref":12,"line":"35","color":"336195","mode":"tram","direction":0,"terminus":"ESPLANADE"},"geometry":{"type":"LineString","coordinates":[[4.37935,50.87742],[4.37923,50.87722],[4.3792,50.87716],[4.37911,50.87701],[4.37901,50.87684],[4.37832,50.87564],[4.37796,50.87502],[4.37783,50.87479],[4.37751,50.87425],[4.37739,50.87404],[4.37732,50.87393],[4.37729,50.87388],[4.37724,50.87382],[4.37719,50.87378],[4.37714,50.87374],[4.37709,50.87372],[4.37707,50.87371],[4.37703,50.87369],[4.37698,50.87368],[4.37692,50.87366],[4.37685,50.87365],[4.37677,50.87365],[4.37671,50.87366],[4.37665,50.87367],[4.37659,50.87368],[4.37652,50.8737],[4.37642,50.87373],[4.3764,50.87374],[4.37626,50.8738],[4.3762,50.87382],[4.37614,50.87385],[4.37598,50.87393],[4.37587,50.87399],[4.37573,50.87407],[4.37559,50.87416],[4.37546,50.87425],[4.37534,50.87434],[4.37522,50.87443],[4.37509,50.87454],[4.37481,50.87478],[4.37468,50.87489],[4.3746,50.87497],[4.37453,50.87504],[4.37446,50.87512],[4.37442,50.87519],[4.37436,50.87528],[4.37433,50.87535],[4.37431,50.87541],[4.37429,50.87548],[4.37427,50.87557],[4.37424,50.87577],[4.37422,50.87587],[4.37421,50.87599],[4.37421,50.87618],[4.37422,50.87628],[4.37424,50.87639],[4.37426,50.87649],[4.37429,50.87661],[4.37435,50.87686],[4.37437,50.87693],[4.3744,50.87699],[4.37444,50.87705],[4.37451,50.87718],[4.37454,50.87725],[4.37456,50.8773],[4.37458,50.87736],[4.3748,50.87819],[4.37485,50.8784],[4.37487,50.8785],[4.37489,50.87862],[4.3749,50.8787],[4.3749,50.87879],[4.3749,50.87886],[4.37489,50.87905],[4.37487,50.87922],[4.37484,50.87939],[4.37481,50.87951],[4.3748,50.87957],[4.3748,50.87958],[4.37477,50.87967],[4.37474,50.87975],[4.37472,50.87981],[4.37471,50.87983],[4.37468,50.8799],[4.37463,50.88],[4.37459,50.88008],[4.37453,50.88016],[4.37447,50.88026],[4.37435,50.88043],[4.37421,50.88063],[4.37415,50.8807],[4.37406,50.88082],[4.37397,50.88091],[4.3739,50.88098],[4.37383,50.88105],[4.3735,50.88137],[4.37346,50.8814],[4.37343,50.88144],[4.3734,50.88149],[4.37338,50.88153],[4.37337,50.88157],[4.37336,50.88161],[4.37336,50.88166],[4.37338,50.88171],[4.37339,50.88175],[4.37341,50.88179],[4.37344,50.88184],[4.37347,50.88186],[4.37351,50.8819],[4.37355,50.88194],[4.3747,50.88281],[4.37475,50.88284],[4.37479,50.88287],[4.37484,50.88289],[4.37487,50.8829],[4.37491,50.88291],[4.37498,50.88292],[4.37505,50.88293],[4.37508,50.88294],[4.37511,50.88294],[4.37517,50.88297],[4.37522,50.883],[4.37532,50.88306],[4.3756,50.88327],[4.37574,50.88337],[4.37587,50.88347],[4.37603,50.88362],[4.37633,50.88389],[4.37638,50.88393],[4.37652,50.88407],[4.3766,50.88415],[4.37663,50.88419],[4.37671,50.88429],[4.37678,50.88439],[4.37686,50.88452],[4.37692,50.88462],[4.37696,50.88472],[4.37701,50.88482],[4.37706,50.88497],[4.37709,50.88507],[4.37711,50.88517],[4.37713,50.88526],[4.37715,50.88542],[4.37716,50.88557],[4.37716,50.88572],[4.37714,50.88588],[4.37712,50.88599],[4.3771,50.88619],[4.37709,50.88632],[4.37708,50.88638],[4.37706,50.88646],[4.37705,50.88651],[4.37702,50.88658],[4.37699,50.88665],[4.37695,50.88672],[4.37691,50.88678],[4.37689,50.88682],[4.37683,50.88689],[4.37675,50.88699],[4.37665,50.8871],[4.37641,50.88737],[4.37624,50.88757],[4.37618,50.88764],[4.37569,50.8882],[4.37561,50.88829],[4.37556,50.88834],[4.37549,50.8884],[4.37542,50.88846],[4.37535,50.88852],[4.37531,50.88856],[4.37527,50.88858],[4.37516,50.88866],[4.37505,50.88875],[4.37495,50.88882],[4.37484,50.8889],[4.37477,50.88895],[4.37462,50.88905],[4.37452,50.88911],[4.37434,50.88921],[4.37409,50.88934],[4.37373,50.88952],[4.3734,50.88967],[4.37316,50.88978],[4.37288,50.88991],[4.37258,50.89003],[4.37223,50.89018],[4.37193,50.8903],[4.37151,50.89046],[4.37126,50.89055],[4.37108,50.89061],[4.37091,50.89067],[4.37058,50.89079],[4.36844,50.89149],[4.36833,50.89153],[4.36819,50.89158],[4.36809,50.8916],[4.36796,50.89164],[4.36782,50.89166],[4.36723,50.89176],[4.36707,50.89179],[4.3669,50.89183],[4.36677,50.89187],[4.36665,50.89191],[4.36653,50.89195],[4.36614,50.89212],[4.3657,50.8923],[4.36533,50.89247],[4.36511,50.89255],[4.36483,50.89265],[4.3646,50.89272],[4.36417,50.89286],[4.36391,50.89295],[4.36372,50.89302],[4.36354,50.89309],[4.36337,50.89317],[4.36314,50.89328],[4.36299,50.89337],[4.36276,50.89354],[4.36263,50.89363],[4.36254,50.89369],[4.36241,50.89381],[4.36223,50.89394],[4.36204,50.89407],[4.3619,50.89416],[4.36172,50.89427],[4.36154,50.89436],[4.36141,50.89442],[4.36126,50.89449],[4.36114,50.89453],[4.36096,50.8946],[4.36077,50.89465],[4.36058,50.8947],[4.36045,50.89473],[4.36031,50.89476],[4.36018,50.89478],[4.36004,50.8948],[4.3599,50.89481],[4.35984,50.89481],[4.35963,50.89482],[4.35949,50.89482],[4.35935,50.89481],[4.35914,50.89478],[4.35886,50.89474],[4.35872,50.89472],[4.35859,50.89471],[4.3585,50.89471],[4.35839,50.89471],[4.35833,50.89472],[4.35827,50.89473],[4.3582,50.89474],[4.35814,50.89476],[4.35808,50.89477],[4.35803,50.89479],[4.35797,50.89482],[4.35792,50.89484],[4.35787,50.89487],[4.35778,50.89493],[4.35738,50.8952],[4.35731,50.89525],[4.35724,50.89528],[4.35717,50.89531],[4.35711,50.89533],[4.35704,50.89535],[4.35699,50.89537],[4.35693,50.89538],[4.35684,50.89539],[4.35678,50.8954],[4.35676,50.8954],[4.35667,50.8954],[4.35659,50.8954],[4.35649,50.8954],[4.35639,50.89539],[4.35627,50.89537],[4.35576,50.89529],[4.35521,50.8952],[4.3551,50.89519],[4.35501,50.89518],[4.35493,50.89518],[4.35491,50.89518],[4.35486,50.89518],[4.35471,50.89518],[4.35461,50.89519],[4.35456,50.8952],[4.35446,50.89521],[4.35425,50.89525],[4.3541,50.89529],[4.35393,50.89533],[4.3538,50.89537],[4.35368,50.89541],[4.35343,50.89549],[4.35263,50.89579],[4.35248,50.89585],[4.35236,50.89591],[4.3523,50.89594],[4.35221,50.89599],[4.35215,50.89603],[4.35204,50.89611],[4.35194,50.89619],[4.3519,50.89624],[4.35182,50.89633],[4.35174,50.89642],[4.35158,50.89664],[4.35151,50.89671],[4.35147,50.89676],[4.35139,50.89683],[4.35131,50.8969],[4.35121,50.89697],[4.35098,50.89713],[4.35076,50.8973],[4.35061,50.89741],[4.35042,50.89757],[4.35024,50.89771],[4.35021,50.89774],[4.35016,50.89778],[4.35004,50.89789],[4.34984,50.89808],[4.34967,50.89825],[4.34948,50.89844],[4.3493,50.89864],[4.34914,50.89883],[4.349,50.89901],[4.34886,50.8992],[4.34881,50.89926],[4.34866,50.89947],[4.34858,50.89957],[4.34848,50.89968],[4.34842,50.89974],[4.34839,50.89979],[4.34834,50.89986],[4.34829,50.89994],[4.34824,50.90007],[4.34809,50.90046]]}},{"type":"Feature","properties":{"ref":12,"line":"35","color":"336195","mode":"tram","direction":1,"terminus":"SCHAERBEEK GARE"},"geometry":{"type":"LineString","coordinates":[[4.34814,50.90011],[4.34822,50.8999],[4.34824,50.89987],[4.34826,50.89984],[4.34828,50.8998],[4.34835,50.89973],[4.34839,50.8997],[4.34849,50.89961],[4.34852,50.89958],[4.34857,50.89952],[4.34862,50.89946],[4.34889,50.89909],[4.34906,50.89887],[4.34926,50.89862],[4.34943,50.89843],[4.34958,50.89828],[4.34976,50.8981],[4.34988,50.89799],[4.35013,50.89776],[4.35029,50.89762],[4.3505,50.89745],[4.35072,50.89728],[4.35099,50.89708],[4.35123,50.89692],[4.35131,50.89685],[4.35139,50.89678],[4.35143,50.89674],[4.35153,50.89662],[4.35174,50.89635],[4.35182,50.89627],[4.35186,50.89622],[4.3519,50.89618],[4.352,50.89609],[4.35206,50.89605],[4.35217,50.89597],[4.35227,50.89591],[4.35239,50.89585],[4.35245,50.89582],[4.3526,50.89576],[4.35319,50.89554],[4.35346,50.89544],[4.35365,50.89538],[4.35378,50.89534],[4.35398,50.89528],[4.35419,50.89523],[4.35434,50.8952],[4.35448,50.89518],[4.35458,50.89516],[4.35463,50.89516],[4.35473,50.89515],[4.35487,50.89515],[4.35494,50.89515],[4.35501,50.89515],[4.3551,50.89516],[4.35516,50.89517],[4.35542,50.89521],[4.35612,50.89532],[4.35626,50.89534],[4.3564,50.89536],[4.35652,50.89537],[4.35662,50.89538],[4.35671,50.89538],[4.35679,50.89537],[4.3569,50.89536],[4.357,50.89533],[4.35707,50.89531],[4.35716,50.89528],[4.35721,50.89526],[4.35728,50.89522],[4.35736,50.89517],[4.35746,50.8951],[4.35774,50.8949],[4.35784,50.89484],[4.35789,50.89482],[4.358,50.89477],[4.35806,50.89475],[4.35813,50.89473],[4.35819,50.89471],[4.35825,50.8947],[4.35832,50.89469],[4.35839,50.89468],[4.35845,50.89468],[4.35853,50.89467],[4.3586,50.89468],[4.35867,50.89468],[4.35873,50.89469],[4.35891,50.89471],[4.35915,50.89475],[4.35929,50.89477],[4.35943,50.89478],[4.35955,50.89478],[4.35969,50.89478],[4.35983,50.89478],[4.3599,50.89478],[4.36003,50.89476],[4.36017,50.89475],[4.36037,50.89471],[4.3605,50.89469],[4.36069,50.89464],[4.36075,50.89462],[4.36088,50.89459],[4.36092,50.89457],[4.361,50.89455],[4.36118,50.89448],[4.36129,50.89444],[4.36145,50.89436],[4.36161,50.89428],[4.36177,50.8942],[4.36186,50.89414],[4.36198,50.89406],[4.36215,50.89395],[4.36233,50.89382],[4.36246,50.89372],[4.36259,50.89361],[4.3628,50.89345],[4.36294,50.89334],[4.3631,50.89324],[4.36327,50.89316],[4.36344,50.89308],[4.3635,50.89306],[4.36361,50.89302],[4.36389,50.89292],[4.36397,50.89289],[4.36459,50.89269],[4.36482,50.89262],[4.36508,50.89253],[4.36531,50.89244],[4.36567,50.89227],[4.36585,50.8922],[4.36657,50.8919],[4.36669,50.89186],[4.36681,50.89181],[4.36688,50.89179],[4.36701,50.89176],[4.36748,50.89165],[4.36808,50.8915],[4.3688,50.89132],[4.36887,50.8913],[4.36898,50.89127],[4.36917,50.89121],[4.36942,50.89113],[4.37009,50.89091],[4.37081,50.89068],[4.37106,50.89059],[4.37136,50.89048],[4.37166,50.89037],[4.37208,50.8902],[4.37256,50.89001],[4.37302,50.88981],[4.37325,50.8897],[4.3736,50.88954],[4.37392,50.88938],[4.3743,50.88919],[4.37452,50.88907],[4.37462,50.88901],[4.37469,50.88896],[4.37481,50.88888],[4.37494,50.88878],[4.37502,50.88872],[4.37511,50.88865],[4.37517,50.88859],[4.37523,50.88851],[4.3754,50.88832],[4.37622,50.88739],[4.37631,50.88729],[4.37658,50.88699],[4.3767,50.88686],[4.37691,50.88657],[4.37695,50.88649],[4.37699,50.88638],[4.37703,50.88628],[4.37705,50.88619],[4.37705,50.88619],[4.37707,50.8861],[4.37708,50.88591],[4.37709,50.88582],[4.3771,50.88567],[4.3771,50.88552],[4.37709,50.88537],[4.37708,50.88527],[4.37705,50.88512],[4.37702,50.88502],[4.37697,50.88488],[4.37693,50.88478],[4.37689,50.88468],[4.37684,50.88459],[4.37679,50.88449],[4.3767,50.88435],[4.37663,50.88426],[4.37652,50.88413],[4.37643,50.88404],[4.3763,50.88391],[4.37592,50.88356],[4.37582,50.88347],[4.37575,50.88342],[4.37557,50.88328],[4.37534,50.88311],[4.37527,50.88307],[4.37521,50.88304],[4.37518,50.88302],[4.37515,50.88301],[4.37509,50.883],[4.37501,50.883],[4.37494,50.88298],[4.37491,50.88297],[4.37488,50.88296],[4.37483,50.88294],[4.37477,50.8829],[4.37351,50.88195],[4.37347,50.88191],[4.37344,50.88189],[4.3734,50.88185],[4.37336,50.88179],[4.37334,50.88174],[4.37332,50.88169],[4.37332,50.88166],[4.37332,50.88159],[4.37333,50.88154],[4.37335,50.88149],[4.37338,50.88144],[4.37341,50.88141],[4.37345,50.88136],[4.37377,50.88106],[4.37383,50.881],[4.37384,50.88099],[4.37392,50.88091],[4.37395,50.88088],[4.37403,50.88079],[4.3741,50.88071],[4.37417,50.88062],[4.37421,50.88056],[4.37423,50.88054],[4.37434,50.88038],[4.37435,50.88036],[4.37437,50.88034],[4.37443,50.88025],[4.37446,50.88021],[4.37452,50.88011],[4.37459,50.88],[4.37464,50.87989],[4.37468,50.8798],[4.37471,50.87973],[4.37474,50.87962],[4.37477,50.87951],[4.3748,50.87939],[4.37482,50.87922],[4.37483,50.87917],[4.37484,50.8791],[4.37485,50.87899],[4.37486,50.87886],[4.37486,50.87876],[4.37486,50.87866],[4.37484,50.87856],[4.37482,50.87847],[4.3748,50.87838],[4.37471,50.87801],[4.37453,50.87734],[4.37451,50.87727],[4.37448,50.87721],[4.37443,50.87712],[4.37438,50.87703],[4.37435,50.87698],[4.37433,50.87692],[4.3743,50.87684],[4.37423,50.87658],[4.37421,50.87646],[4.37419,50.87636],[4.37418,50.87626],[4.37417,50.87617],[4.37417,50.87606],[4.37417,50.87597],[4.37418,50.87584],[4.37422,50.87561],[4.37424,50.87551],[4.37425,50.87544],[4.37427,50.87539],[4.37429,50.87533],[4.37432,50.87526],[4.37435,50.87522],[4.37439,50.87516],[4.37445,50.87507],[4.37453,50.87499],[4.37456,50.87495],[4.37493,50.87462],[4.37506,50.87451],[4.37517,50.87442],[4.37526,50.87435],[4.37543,50.87423],[4.37561,50.87411],[4.37572,50.87405],[4.3759,50.87394],[4.37599,50.87389],[4.37617,50.87381],[4.37636,50.87373],[4.37643,50.8737],[4.37648,50.87368],[4.37655,50.87366],[4.37659,50.87365],[4.37665,50.87364],[4.37673,50.87362],[4.37679,50.87362],[4.37685,50.87362],[4.37692,50.87363],[4.37698,50.87364],[4.37703,50.87365],[4.3771,50.87368],[4.37716,50.87371],[4.37721,50.87374],[4.37726,50.87378],[4.37729,50.87381],[4.37733,50.87387],[4.37735,50.87389],[4.37744,50.87406],[4.37765,50.87441],[4.3778,50.87467],[4.37782,50.87471],[4.37839,50.8757],[4.37908,50.87689],[4.3791,50.87691],[4.37914,50.87698],[4.37917,50.87702],[4.37921,50.87708],[4.37923,50.87711],[4.37925,50.87713],[4.37927,50.87715],[4.37929,50.87716],[4.37932,50.87718],[4.37934,50.8772],[4.37939,50.87723],[4.37943,50.87724],[4.37944,50.87725],[4.37948,50.87726],[4.3796,50.8773],[4.37964,50.87731],[4.37976,50.87735],[4.37982,50.87737],[4.37995,50.87742],[4.38001,50.87744],[4.38006,50.87746],[4.38014,50.8775],[4.38023,50.87754],[4.38026,50.87756],[4.38034,50.8776],[4.38042,50.87764],[4.38046,50.87767],[4.38052,50.8777],[4.38055,50.87772],[4.3806,50.87775],[4.38066,50.87779],[4.3807,50.87782],[4.38073,50.87784],[4.38081,50.8779],[4.38086,50.87795],[4.38096,50.87803],[4.38098,50.87805],[4.38101,50.87808],[4.38102,50.8781],[4.38103,50.87813],[4.38103,50.87816],[4.38103,50.87818],[4.38102,50.87821],[4.381,50.87824],[4.38098,50.87827],[4.38094,50.87829],[4.38091,50.87831],[4.38086,50.87833],[4.38083,50.87833],[4.3808,50.87834],[4.38075,50.87834],[4.38072,50.87834],[4.38067,50.87833],[4.38063,50.87833],[4.38059,50.87831],[4.38056,50.8783],[4.38055,50.8783],[4.38049,50.87827],[4.38022,50.87812]]}},{"type":"Feature","properties":{"ref":13,"line":"39","color":"E43C2E","mode":"tram","direction":0,"terminus":"BAN-EIK"},"geometry":{"type":"LineString","coordinates":[[4.43293,50.83143],[4.43321,50.83101],[4.43328,50.8309],[4.43353,50.83053],[4.43362,50.83038],[4.43401,50.8298],[4.4341,50.82967],[4.43424,50.82945],[4.43433,50.82933],[4.43443,50.82921],[4.43453,50.82909],[4.43465,50.82897],[4.43473,50.82889],[4.43486,50.82879],[4.43496,50.82871],[4.4351,50.82861],[4.4352,50.82855],[4.43525,50.82852],[4.43531,50.82848],[4.43547,50.82839],[4.43559,50.82834],[4.43576,50.82826],[4.43589,50.82821],[4.43601,50.82816],[4.4362,50.82809],[4.4364,50.82803],[4.43653,50.828],[4.43667,50.82796],[4.43687,50.82792],[4.43701,50.82789],[4.43722,50.82786],[4.43743,50.82783],[4.43758,50.82782],[4.43779,50.82781],[4.43801,50.8278],[4.43822,50.8278],[4.43837,50.8278],[4.43863,50.82781],[4.439,50.82784],[4.44012,50.82791],[4.44113,50.82797],[4.44148,50.82799],[4.44169,50.828],[4.44189,50.828],[4.4421,50.82799],[4.4423,50.82798],[4.44251,50.82796],[4.44271,50.82794],[4.44292,50.82791],[4.44311,50.82787],[4.44337,50.82781],[4.44344,50.82779],[4.44363,50.82774],[4.44383,50.82768],[4.444,50.82762],[4.44418,50.82755],[4.44435,50.82748],[4.44452,50.8274],[4.44457,50.82737],[4.44473,50.82728],[4.44483,50.82722],[4.44495,50.82714],[4.44496,50.82714],[4.44505,50.82709],[4.4451,50.82706],[4.44516,50.82704],[4.44525,50.82701],[4.44531,50.827],[4.44538,50.827],[4.44542,50.827],[4.44547,50.827],[4.44554,50.82701],[4.44561,50.82703],[4.44568,50.82705],[4.44574,50.82707],[4.4458,50.82709],[4.44585,50.82713],[4.4459,50.82715],[4.44609,50.82729],[4.44867,50.82906],[4.44904,50.82931],[4.44919,50.82942],[4.44982,50.82984],[4.45162,50.83108],[4.45168,50.83113],[4.45176,50.83118],[4.45217,50.83149],[4.45258,50.8318],[4.45272,50.8319],[4.45298,50.83212],[4.45311,50.83223],[4.45324,50.83234],[4.45397,50.833],[4.45442,50.83341],[4.45455,50.83352],[4.45468,50.83363],[4.45482,50.83373],[4.45496,50.83383],[4.45511,50.83393],[4.45527,50.83402],[4.45543,50.83411],[4.4566,50.8347],[4.45738,50.83509],[4.45792,50.83536],[4.46239,50.83761],[4.46271,50.83777],[4.46287,50.83786],[4.46308,50.83799],[4.46323,50.83809],[4.46337,50.83819],[4.46357,50.83834],[4.4637,50.83845],[4.46382,50.83856],[4.46394,50.83867],[4.46399,50.83872],[4.46401,50.83875],[4.46412,50.83888],[4.46452,50.83934],[4.46456,50.83938],[4.46458,50.8394],[4.46461,50.83942],[4.46463,50.83943],[4.46467,50.83944],[4.46473,50.83946],[4.46487,50.83949],[4.4649,50.8395],[4.46493,50.83951],[4.46496,50.83953],[4.46499,50.83954],[4.46501,50.83956],[4.46503,50.83958],[4.46541,50.84001],[4.46547,50.84009],[4.46548,50.84012],[4.46549,50.84014],[4.4655,50.84018],[4.4655,50.84041],[4.46549,50.84055],[4.46546,50.84064],[4.46544,50.84073],[4.46537,50.84106],[4.4653,50.84135],[4.46528,50.84143],[4.46523,50.84166],[4.46522,50.84176],[4.46517,50.84199],[4.46514,50.84212],[4.46509,50.84229],[4.46504,50.84243],[4.46498,50.84256],[4.46492,50.84269],[4.46485,50.84282],[4.46477,50.84295],[4.46448,50.84336],[4.46422,50.84373],[4.4642,50.84377],[4.46415,50.84385],[4.4641,50.84394],[4.46405,50.84403],[4.46402,50.84411],[4.46401,50.84416],[4.464,50.84418],[4.46398,50.84425],[4.46397,50.84431],[4.46397,50.84435],[4.46398,50.84439],[4.464,50.84442],[4.46401,50.84444],[4.46404,50.84446],[4.46408,50.8445],[4.46414,50.84452],[4.46417,50.84453],[4.46422,50.84454],[4.46431,50.84456],[4.46499,50.84461],[4.46502,50.84462],[4.46561,50.84467],[4.46701,50.84478],[4.46998,50.84503],[4.47292,50.84528],[4.47354,50.84533],[4.4779,50.8457],[4.47976,50.84586],[4.48032,50.84591],[4.48172,50.84602],[4.48253,50.84608],[4.48288,50.84611],[4.48335,50.84616],[4.48395,50.84621],[4.4848,50.84628],[4.48552,50.84634],[4.48787,50.84654],[4.49126,50.84682],[4.49284,50.84695],[4.49285,50.84696],[4.49313,50.84698],[4.49343,50.847],[4.49368,50.84701],[4.49392,50.84701],[4.49427,50.84701],[4.49447,50.84701],[4.49472,50.847],[4.49489,50.84698],[4.49514,50.84696],[4.49536,50.84694],[4.49554,50.84692],[4.49577,50.84688],[4.49595,50.84685],[4.49615,50.84681],[4.49636,50.84677],[4.49655,50.84672],[4.49668,50.84669],[4.49684,50.84665],[4.49702,50.8466],[4.49708,50.84658],[4.49735,50.84649],[4.49743,50.84647],[4.49762,50.8464],[4.49777,50.84635],[4.49799,50.84626],[4.49818,50.84617],[4.49833,50.8461],[4.49851,50.84601],[4.49868,50.84592],[4.49884,50.84583],[4.49898,50.84575],[4.49909,50.84567],[4.49923,50.84558],[4.49937,50.84548],[4.49948,50.8454],[4.49952,50.84536],[4.49955,50.84534],[4.4996,50.8453],[4.4998,50.84513],[4.49995,50.845],[4.50015,50.84483],[4.50023,50.84476],[4.50034,50.84464],[4.50042,50.84456],[4.50054,50.84441],[4.5007,50.84422],[4.50083,50.84406],[4.50112,50.84375],[4.5016,50.84324],[4.5018,50.84302],[4.50195,50.84286],[4.50263,50.84212]]}},{"type":"Feature","properties":{"ref":13,"line":"39","color":"E43C2E","mode":"tram","direction":1,"terminus":"MUSEE DU TRAM"},"geometry":{"type":"LineString","coordinates":[[4.50243,50.84239],[4.5023,50.84253],[4.5021,50.84275],[4.50188,50.843],[4.50164,50.84326],[4.50148,50.84342],[4.50094,50.84401],[4.50081,50.84415],[4.50068,50.84431],[4.50056,50.84446],[4.50042,50.84462],[4.50031,50.84473],[4.50019,50.84485],[4.49985,50.84514],[4.4997,50.84527],[4.49968,50.84528],[4.49956,50.84539],[4.49941,50.8455],[4.4993,50.84559],[4.49927,50.8456],[4.4992,50.84565],[4.49908,50.84573],[4.4989,50.84584],[4.49876,50.84592],[4.49862,50.846],[4.49846,50.84608],[4.49826,50.84618],[4.49809,50.84625],[4.49792,50.84633],[4.49779,50.84638],[4.49758,50.84646],[4.49744,50.8465],[4.49732,50.84654],[4.49712,50.84661],[4.49702,50.84664],[4.49683,50.84669],[4.49665,50.84674],[4.49648,50.84678],[4.49628,50.84682],[4.49608,50.84686],[4.49585,50.8469],[4.49563,50.84694],[4.49544,50.84696],[4.49528,50.84698],[4.49505,50.84701],[4.49491,50.84702],[4.49474,50.84703],[4.4945,50.84704],[4.49429,50.84705],[4.49411,50.84705],[4.4939,50.84705],[4.49366,50.84704],[4.49349,50.84703],[4.49318,50.84701],[4.49078,50.84681],[4.48992,50.84674],[4.48507,50.84633],[4.48494,50.84632],[4.48427,50.84627],[4.48343,50.8462],[4.48282,50.84614],[4.48228,50.84609],[4.48101,50.84599],[4.47996,50.8459],[4.47996,50.8459],[4.47927,50.84584],[4.47497,50.84548],[4.47305,50.84532],[4.47294,50.84531],[4.47032,50.84509],[4.46796,50.84489],[4.4665,50.84477],[4.46622,50.84475],[4.46498,50.84464],[4.46451,50.8446],[4.46428,50.84458],[4.46422,50.84458],[4.46418,50.84457],[4.46413,50.84455],[4.46408,50.84453],[4.46404,50.84451],[4.46401,50.84449],[4.46398,50.84446],[4.46395,50.84443],[4.46393,50.84439],[4.46393,50.84435],[4.46393,50.8443],[4.46394,50.84424],[4.46397,50.84415],[4.46401,50.84406],[4.46405,50.84396],[4.4641,50.84387],[4.46415,50.84379],[4.46417,50.84375],[4.4643,50.84356],[4.4647,50.84299],[4.46476,50.84289],[4.46486,50.84273],[4.46495,50.84255],[4.46499,50.84247],[4.46505,50.84229],[4.46509,50.84217],[4.4651,50.84211],[4.46514,50.84196],[4.46517,50.84179],[4.46518,50.84166],[4.4652,50.84156],[4.46525,50.84134],[4.46533,50.84101],[4.46534,50.84096],[4.46537,50.84084],[4.4654,50.84071],[4.46542,50.84063],[4.46542,50.84058],[4.46542,50.84054],[4.46541,50.84051],[4.46539,50.84047],[4.46535,50.84044],[4.46533,50.84042],[4.46527,50.84039],[4.46515,50.84034],[4.46509,50.84032],[4.46503,50.8403],[4.465,50.84028],[4.46498,50.84027],[4.46494,50.84023],[4.46493,50.84021],[4.46453,50.83975],[4.46452,50.83973],[4.46451,50.83971],[4.4645,50.83969],[4.4645,50.83966],[4.46451,50.83962],[4.46453,50.83953],[4.46454,50.83949],[4.46453,50.83944],[4.46452,50.83939],[4.46446,50.83931],[4.46425,50.83908],[4.46394,50.83872],[4.46379,50.83857],[4.46367,50.83846],[4.46354,50.83835],[4.46334,50.8382],[4.4632,50.8381],[4.46318,50.83809],[4.46304,50.838],[4.46291,50.83792],[4.46277,50.83784],[4.46265,50.83777],[4.46253,50.83771],[4.46239,50.83764],[4.46004,50.83646],[4.45763,50.83525],[4.45702,50.83494],[4.45693,50.8349],[4.45663,50.83474],[4.45541,50.83413],[4.45525,50.83404],[4.45509,50.83395],[4.45494,50.83385],[4.45479,50.83375],[4.45465,50.83365],[4.45452,50.83354],[4.45439,50.83343],[4.45345,50.83257],[4.45308,50.83224],[4.45295,50.83213],[4.45269,50.83192],[4.45242,50.83171],[4.45173,50.8312],[4.45159,50.8311],[4.4514,50.83097],[4.44965,50.82976],[4.44943,50.82961],[4.44886,50.82923],[4.44813,50.82872],[4.44667,50.82772],[4.44593,50.8272],[4.44588,50.82717],[4.44583,50.82714],[4.44577,50.82712],[4.44572,50.82709],[4.44566,50.82707],[4.44559,50.82705],[4.44553,50.82704],[4.44546,50.82703],[4.44542,50.82703],[4.44538,50.82703],[4.44532,50.82703],[4.44525,50.82704],[4.44522,50.82705],[4.44518,50.82706],[4.44513,50.82708],[4.44508,50.82711],[4.44498,50.82717],[4.44497,50.82717],[4.44475,50.8273],[4.44465,50.82736],[4.44464,50.82737],[4.44454,50.82742],[4.44437,50.8275],[4.44426,50.82755],[4.44409,50.82762],[4.44396,50.82767],[4.44386,50.82771],[4.44365,50.82777],[4.44352,50.8278],[4.44333,50.82785],[4.4432,50.82788],[4.44293,50.82793],[4.4428,50.82795],[4.44259,50.82798],[4.44238,50.828],[4.44224,50.82801],[4.44203,50.82802],[4.44182,50.82803],[4.44161,50.82802],[4.44141,50.82802],[4.44063,50.82797],[4.44013,50.82794],[4.43869,50.82785],[4.43858,50.82784],[4.43837,50.82783],[4.43815,50.82782],[4.43799,50.82783],[4.43787,50.82783],[4.43765,50.82784],[4.43744,50.82786],[4.4373,50.82788],[4.43709,50.82791],[4.43682,50.82796],[4.43661,50.828],[4.43642,50.82806],[4.43628,50.8281],[4.43609,50.82816],[4.43591,50.82823],[4.43573,50.82831],[4.43562,50.82836],[4.43556,50.82839],[4.43539,50.82847],[4.43526,50.82855],[4.43513,50.82863],[4.43504,50.8287],[4.43494,50.82877],[4.43485,50.82884],[4.43472,50.82895],[4.43461,50.82906],[4.4345,50.82918],[4.4344,50.8293],[4.43431,50.82942],[4.43417,50.82963],[4.43378,50.83022],[4.43362,50.83046],[4.43328,50.83097],[4.43326,50.831],[4.43323,50.83105],[4.43311,50.83123],[4.43299,50.83142],[4.43265,50.83192],[4.43243,50.83227]]}},{"type":"Feature","properties":{"ref":14,"line":"44","color":"F3C300","mode":"tram","direction":0,"terminus":"TERVUREN STATION"},"geometry":{"type":"LineString","coordinates":[[4.43293,50.83143],[4.43321,50.83101],[4.43328,50.8309],[4.43353,50.83053],[4.43362,50.83038],[4.43401,50.8298],[4.4341,50.82967],[4.43424,50.82945],[4.43433,50.82933],[4.43443,50.82921],[4.43453,50.82909],[4.43465,50.82897],[4.43473,50.82889],[4.43486,50.82879],[4.43496,50.82871],[4.4351,50.82861],[4.4352,50.82855],[4.43525,50.82852],[4.43531,50.82848],[4.43547,50.82839],[4.43559,50.82834],[4.43576,50.82826],[4.43589,50.82821],[4.43601,50.82816],[4.4362,50.82809],[4.4364,50.82803],[4.43653,50.828],[4.43667,50.82796],[4.43687,50.82792],[4.43701,50.82789],[4.43722,50.82786],[4.43743,50.82783],[4.43758,50.82782],[4.43779,50.82781],[4.43801,50.8278],[4.43822,50.8278],[4.43837,50.8278],[4.43863,50.82781],[4.439,50.82784],[4.44012,50.82791],[4.44113,50.82797],[4.44148,50.82799],[4.44169,50.828],[4.44189,50.828],[4.4421,50.82799],[4.4423,50.82798],[4.44251,50.82796],[4.44271,50.82794],[4.44292,50.82791],[4.44311,50.82787],[4.44337,50.82781],[4.44344,50.82779],[4.44363,50.82774],[4.44383,50.82768],[4.444,50.82762],[4.44418,50.82755],[4.44435,50.82748],[4.44452,50.8274],[4.44457,50.82737],[4.44473,50.82728],[4.44483,50.82722],[4.44495,50.82714],[4.44496,50.82714],[4.4451,50.82704],[4.44522,50.82696],[4.44529,50.8269],[4.44538,50.82682],[4.44549,50.82671],[4.4456,50.8266],[4.44569,50.82648],[4.44578,50.82637],[4.44583,50.82628],[4.44591,50.82616],[4.44597,50.82604],[4.44603,50.82591],[4.44609,50.82574],[4.44717,50.82277],[4.44718,50.82275],[4.44749,50.82187],[4.44801,50.82044],[4.44807,50.82029],[4.44812,50.82017],[4.44818,50.82007],[4.44823,50.81998],[4.44833,50.81984],[4.44835,50.81981],[4.4484,50.81974],[4.4485,50.81963],[4.44858,50.81954],[4.44867,50.81946],[4.44873,50.81941],[4.44883,50.81932],[4.4489,50.81926],[4.44891,50.81925],[4.44897,50.8192],[4.44909,50.81912],[4.44923,50.81903],[4.44936,50.81896],[4.4495,50.81889],[4.44962,50.81883],[4.44976,50.81876],[4.44981,50.81874],[4.4499,50.81871],[4.45005,50.81865],[4.45019,50.8186],[4.45034,50.81856],[4.45043,50.81853],[4.45058,50.81849],[4.45065,50.81848],[4.45069,50.81847],[4.45083,50.81844],[4.45097,50.81841],[4.4511,50.81839],[4.4513,50.81837],[4.45146,50.81835],[4.45162,50.81834],[4.45176,50.81833],[4.45189,50.81833],[4.45203,50.81832],[4.45219,50.81833],[4.45237,50.81833],[4.45254,50.81834],[4.4527,50.81835],[4.45284,50.81836],[4.45297,50.81838],[4.45322,50.81841],[4.45339,50.81844],[4.45351,50.81846],[4.45368,50.81849],[4.45388,50.81853],[4.45416,50.81859],[4.45431,50.81862],[4.45439,50.81864],[4.45452,50.81866],[4.45469,50.81868],[4.45473,50.81868],[4.45492,50.8187],[4.4572,50.8189],[4.45971,50.81913],[4.46134,50.81927],[4.46469,50.81957],[4.46706,50.81978],[4.46742,50.81981],[4.46967,50.82001],[4.47288,50.8203],[4.47303,50.82032],[4.47306,50.82032],[4.47314,50.82034],[4.47324,50.82036],[4.47335,50.82039],[4.47344,50.82042],[4.47354,50.82046],[4.47365,50.8205],[4.47404,50.82066],[4.47415,50.82071],[4.47423,50.82073],[4.47431,50.82076],[4.4744,50.82078],[4.47451,50.8208],[4.47458,50.82081],[4.47473,50.82083],[4.47506,50.82086],[4.47521,50.82087],[4.47531,50.82088],[4.47542,50.82087],[4.47553,50.82087],[4.47563,50.82086],[4.47573,50.82084],[4.47581,50.82082],[4.47588,50.8208],[4.47598,50.82077],[4.47605,50.82073],[4.47617,50.82068],[4.47627,50.82064],[4.47664,50.82046],[4.47698,50.8203],[4.47703,50.82028],[4.47711,50.82024],[4.47719,50.82019],[4.47727,50.82014],[4.47734,50.82007],[4.47742,50.81999],[4.47768,50.81973],[4.47784,50.81959],[4.47796,50.81948],[4.47808,50.81938],[4.47818,50.8193],[4.47829,50.81922],[4.47832,50.8192],[4.47842,50.81912],[4.47853,50.81905],[4.47869,50.81894],[4.47889,50.81882],[4.47902,50.81874],[4.4792,50.81864],[4.47937,50.81856],[4.47954,50.81847],[4.47971,50.81839],[4.47989,50.81831],[4.48011,50.81822],[4.48035,50.81812],[4.48056,50.81805],[4.48077,50.81797],[4.48096,50.81791],[4.48116,50.81785],[4.48142,50.81778],[4.48156,50.81775],[4.48181,50.81769],[4.482,50.81765],[4.48217,50.81761],[4.48245,50.81756],[4.48268,50.81752],[4.4829,50.81749],[4.48305,50.81747],[4.4831,50.81747],[4.48331,50.81744],[4.48355,50.81742],[4.48381,50.8174],[4.48404,50.81739],[4.4843,50.81738],[4.48454,50.81738],[4.48496,50.81738],[4.485,50.81738],[4.4851,50.81739],[4.4852,50.8174],[4.48528,50.81741],[4.48537,50.81743],[4.48544,50.81746],[4.48554,50.81749],[4.48562,50.81753],[4.48569,50.81756],[4.48584,50.81765],[4.48595,50.81771],[4.48603,50.81775],[4.48608,50.81778],[4.4861,50.81778],[4.48616,50.8178],[4.48623,50.81783],[4.48634,50.81785],[4.48644,50.81787],[4.48656,50.81789],[4.48678,50.81791],[4.4869,50.81793],[4.48702,50.81795],[4.48713,50.81798],[4.48724,50.81802],[4.48737,50.81806],[4.48971,50.81896],[4.49438,50.82075],[4.49905,50.82255],[4.49948,50.82272],[4.50371,50.82435],[4.5075,50.8258],[4.50752,50.82581],[4.50757,50.82583],[4.50766,50.82587],[4.50773,50.82591],[4.50778,50.82594],[4.50782,50.82597],[4.50787,50.82601],[4.5079,50.82606],[4.50793,50.8261],[4.50794,50.82613],[4.50796,50.82618],[4.50796,50.82623],[4.50796,50.82628],[4.50795,50.82632],[4.50794,50.82637],[4.5079,50.82649],[4.50778,50.82681],[4.50775,50.8269],[4.50773,50.82699],[4.50771,50.82708],[4.5077,50.82716],[4.5077,50.82723],[4.5077,50.82733],[4.50771,50.82743],[4.50773,50.82752],[4.50775,50.8276],[4.50779,50.82771],[4.50783,50.82778],[4.50786,50.82783],[4.50791,50.82791],[4.50796,50.82799],[4.50802,50.82806],[4.50808,50.82812],[4.50814,50.82818],[4.50822,50.82825],[4.50827,50.82829],[4.50835,50.82836],[4.50843,50.82841],[4.50853,50.82847],[4.50865,50.82854],[4.50878,50.8286],[4.50888,50.82865],[4.5089,50.82866],[4.50905,50.82872],[4.50921,50.82877],[4.50936,50.82881],[4.50949,50.82885],[4.50964,50.82889],[4.50982,50.82892],[4.50995,50.82894],[4.51014,50.82897],[4.51022,50.82899],[4.51026,50.82899],[4.51087,50.82908],[4.51109,50.82912],[4.5112,50.82913],[4.51136,50.82916],[4.51161,50.82921],[4.51207,50.8293],[4.51216,50.82932],[4.51224,50.82932],[4.51234,50.82933],[4.51237,50.82933],[4.5126,50.82934],[4.51262,50.82934],[4.51269,50.82934],[4.51277,50.82935],[4.51285,50.82937],[4.51294,50.82939],[4.51303,50.82942],[4.51325,50.8295],[4.51333,50.82953],[4.51337,50.82956],[4.51341,50.82959],[4.51343,50.82961]]}},{"type":"Feature","properties":{"ref":14,"line":"44","color":"F3C300","mode":"tram","direction":1,"terminus":"MUSEE DU TRAM"},"geometry":{"type":"LineString","coordinates":[[4.51341,50.82987],[4.51337,50.8299],[4.51332,50.82993],[4.51328,50.82994],[4.51323,50.82996],[4.51318,50.82997],[4.51314,50.82998],[4.51309,50.82998],[4.51303,50.82998],[4.51298,50.82997],[4.51293,50.82996],[4.51288,50.82995],[4.51283,50.82992],[4.51279,50.8299],[4.51274,50.82987],[4.51269,50.82982],[4.51264,50.82976],[4.51259,50.82969],[4.51257,50.82967],[4.51248,50.82959],[4.51247,50.82957],[4.51241,50.82953],[4.51236,50.82949],[4.51232,50.82946],[4.51227,50.82944],[4.51222,50.82941],[4.51215,50.82938],[4.51205,50.82934],[4.512,50.82933],[4.51189,50.8293],[4.51174,50.82926],[4.51155,50.82923],[4.51132,50.82918],[4.51113,50.82915],[4.51089,50.82911],[4.51068,50.82908],[4.51011,50.829],[4.50992,50.82897],[4.50978,50.82894],[4.50965,50.82892],[4.50952,50.82889],[4.5094,50.82885],[4.50933,50.82884],[4.50929,50.82882],[4.50918,50.82879],[4.50905,50.82875],[4.50892,50.8287],[4.50886,50.82867],[4.50885,50.82867],[4.50875,50.82863],[4.50863,50.82857],[4.5086,50.82855],[4.50857,50.82853],[4.50847,50.82848],[4.50838,50.82842],[4.50829,50.82835],[4.50825,50.82833],[4.50824,50.82832],[4.50815,50.82824],[4.50809,50.82818],[4.50803,50.82813],[4.50798,50.82807],[4.50791,50.82798],[4.50785,50.8279],[4.5078,50.82782],[4.50776,50.82774],[4.50772,50.82765],[4.50769,50.82756],[4.50767,50.82746],[4.50767,50.82744],[4.50766,50.82736],[4.50765,50.8273],[4.50765,50.8272],[4.50766,50.8271],[4.50768,50.82702],[4.5077,50.82693],[4.50774,50.82681],[4.50787,50.82643],[4.5079,50.82636],[4.50791,50.8263],[4.50792,50.82625],[4.50792,50.82621],[4.50791,50.82616],[4.50789,50.82613],[4.50787,50.82609],[4.50785,50.82606],[4.50782,50.82602],[4.50777,50.82598],[4.50773,50.82595],[4.50769,50.82593],[4.50764,50.8259],[4.50759,50.82588],[4.5075,50.82584],[4.50713,50.8257],[4.50457,50.82471],[4.4999,50.82292],[4.49906,50.82259],[4.49523,50.82112],[4.49057,50.81933],[4.48739,50.8181],[4.48723,50.81805],[4.48714,50.81802],[4.48708,50.818],[4.48696,50.81797],[4.48684,50.81795],[4.48671,50.81794],[4.48655,50.81792],[4.48647,50.81791],[4.4864,50.8179],[4.48633,50.81788],[4.48623,50.81786],[4.48616,50.81784],[4.48607,50.81781],[4.486,50.81777],[4.48591,50.81773],[4.48585,50.8177],[4.48575,50.81764],[4.48566,50.81759],[4.48558,50.81755],[4.48555,50.81753],[4.4855,50.81752],[4.48543,50.81749],[4.48532,50.81746],[4.48523,50.81744],[4.48511,50.81742],[4.48502,50.81742],[4.48493,50.81741],[4.48448,50.81741],[4.48422,50.81742],[4.48399,50.81743],[4.48376,50.81744],[4.48359,50.81746],[4.48337,50.81748],[4.48313,50.8175],[4.48293,50.81753],[4.48291,50.81753],[4.48262,50.81757],[4.48237,50.81761],[4.48222,50.81764],[4.48204,50.81767],[4.48185,50.81771],[4.48163,50.81777],[4.48135,50.81784],[4.48111,50.81791],[4.48097,50.81795],[4.48086,50.81798],[4.48067,50.81805],[4.48047,50.81812],[4.48032,50.81818],[4.48016,50.81824],[4.48003,50.81829],[4.47983,50.81838],[4.47967,50.81845],[4.47947,50.81855],[4.47932,50.81862],[4.47913,50.81873],[4.47898,50.81881],[4.4789,50.81886],[4.47886,50.81888],[4.47872,50.81897],[4.47856,50.81908],[4.47844,50.81916],[4.47831,50.81926],[4.47817,50.81936],[4.47805,50.81946],[4.47792,50.81958],[4.47778,50.81971],[4.47767,50.81981],[4.47747,50.82001],[4.47741,50.82007],[4.47737,50.82011],[4.4773,50.82016],[4.47723,50.82021],[4.47717,50.82024],[4.47712,50.82027],[4.47702,50.82032],[4.47677,50.82044],[4.47626,50.82067],[4.47624,50.82068],[4.47612,50.82074],[4.47603,50.82078],[4.47596,50.8208],[4.4759,50.82082],[4.47583,50.82084],[4.47576,50.82086],[4.47567,50.82088],[4.47558,50.82089],[4.47547,50.8209],[4.47539,50.8209],[4.47527,50.8209],[4.47514,50.8209],[4.47496,50.82088],[4.47469,50.82085],[4.47456,50.82084],[4.47443,50.82082],[4.47433,50.82079],[4.47428,50.82078],[4.47418,50.82075],[4.4741,50.82072],[4.474,50.82068],[4.47355,50.82049],[4.47343,50.82045],[4.47333,50.82041],[4.47328,50.8204],[4.47319,50.82038],[4.4731,50.82036],[4.47301,50.82035],[4.4729,50.82033],[4.47136,50.82019],[4.46769,50.81986],[4.46728,50.81983],[4.46638,50.81975],[4.46156,50.81932],[4.4614,50.81931],[4.45738,50.81895],[4.45642,50.81886],[4.4548,50.81872],[4.45472,50.81871],[4.45461,50.8187],[4.45451,50.81868],[4.4544,50.81867],[4.45423,50.81864],[4.45407,50.8186],[4.45389,50.81856],[4.45363,50.81851],[4.45343,50.81847],[4.45325,50.81844],[4.45308,50.81842],[4.4529,50.8184],[4.45276,50.81838],[4.45256,50.81837],[4.45237,50.81836],[4.4522,50.81835],[4.45206,50.81835],[4.45187,50.81835],[4.45172,50.81836],[4.45152,50.81837],[4.4514,50.81838],[4.45126,50.8184],[4.45113,50.81842],[4.45097,50.81844],[4.45084,50.81847],[4.45069,50.8185],[4.45056,50.81853],[4.4504,50.81857],[4.45032,50.81859],[4.45025,50.81861],[4.45014,50.81865],[4.45004,50.81869],[4.4499,50.81874],[4.44981,50.81878],[4.44971,50.81882],[4.44967,50.81884],[4.44953,50.8189],[4.44948,50.81893],[4.44946,50.81894],[4.44936,50.81899],[4.44929,50.81903],[4.44921,50.81909],[4.44911,50.81915],[4.44898,50.81924],[4.44887,50.81933],[4.44879,50.81939],[4.44874,50.81944],[4.44866,50.81951],[4.44858,50.81959],[4.44854,50.81964],[4.44845,50.81975],[4.4484,50.81981],[4.44834,50.81988],[4.44828,50.81997],[4.44827,50.81999],[4.44826,50.82],[4.44826,50.82001],[4.44824,50.82005],[4.44823,50.82006],[4.44818,50.82014],[4.44813,50.82024],[4.4481,50.82033],[4.44804,50.82048],[4.44744,50.82214],[4.44722,50.82275],[4.44612,50.82579],[4.44607,50.82592],[4.44599,50.82609],[4.44595,50.82617],[4.44588,50.8263],[4.44579,50.82642],[4.4457,50.82654],[4.44563,50.82661],[4.44553,50.82673],[4.44541,50.82684],[4.44533,50.82691],[4.4452,50.82701],[4.44511,50.82708],[4.44502,50.82714],[4.44497,50.82717],[4.44475,50.8273],[4.44465,50.82736],[4.44464,50.82737],[4.44454,50.82742],[4.44437,50.8275],[4.44426,50.82755],[4.44409,50.82762],[4.44396,50.82767],[4.44386,50.82771],[4.44365,50.82777],[4.44352,50.8278],[4.44333,50.82785],[4.4432,50.82788],[4.44293,50.82793],[4.4428,50.82795],[4.44259,50.82798],[4.44238,50.828],[4.44224,50.82801],[4.44203,50.82802],[4.44182,50.82803],[4.44161,50.82802],[4.44141,50.82802],[4.44063,50.82797],[4.44013,50.82794],[4.43869,50.82785],[4.43858,50.82784],[4.43837,50.82783],[4.43815,50.82782],[4.43799,50.82783],[4.43787,50.82783],[4.43765,50.82784],[4.43744,50.82786],[4.4373,50.82788],[4.43709,50.82791],[4.43682,50.82796],[4.43661,50.828],[4.43642,50.82806],[4.43628,50.8281],[4.43609,50.82816],[4.43591,50.82823],[4.43573,50.82831],[4.43562,50.82836],[4.43556,50.82839],[4.43539,50.82847],[4.43526,50.82855],[4.43513,50.82863],[4.43504,50.8287],[4.43494,50.82877],[4.43485,50.82884],[4.43472,50.82895],[4.43461,50.82906],[4.4345,50.82918],[4.4344,50.8293],[4.43431,50.82942],[4.43417,50.82963],[4.43378,50.83022],[4.43362,50.83046],[4.43328,50.83097],[4.43326,50.831],[4.43323,50.83105],[4.43311,50.83123],[4.43299,50.83142],[4.43265,50.83192],[4.43243,50.83227]]}},{"type":"Feature","properties":{"ref":15,"line":"51","color":"F3C300","mode":"tram","direction":0,"terminus":"BELGICA"},"geometry":{"type":"LineString","coordinates":[[4.33214,50.89347],[4.33225,50.89344],[4.33231,50.89342],[4.33237,50.8934],[4.33242,50.89337],[4.33247,50.89334],[4.33254,50.89329],[4.33266,50.8932],[4.33304,50.8929],[4.33317,50.8928],[4.33321,50.89276],[4.33325,50.89272],[4.33326,50.8927],[4.33328,50.89266],[4.33328,50.89264],[4.33327,50.89262],[4.33326,50.89259],[4.33324,50.89256],[4.33322,50.89254],[4.33319,50.89252],[4.33315,50.89249],[4.33308,50.89247],[4.33236,50.89221],[4.33173,50.89199],[4.33155,50.89191],[4.33143,50.89186],[4.33131,50.8918],[4.3312,50.89174],[4.33104,50.89164],[4.33094,50.89157],[4.3308,50.89147],[4.33067,50.89135],[4.33056,50.89123],[4.33038,50.89103],[4.33005,50.89064],[4.32988,50.89044],[4.32984,50.89038],[4.32981,50.89033],[4.32979,50.89029],[4.3298,50.89025],[4.32981,50.89021],[4.32983,50.89019],[4.32986,50.89016],[4.32988,50.89014],[4.32991,50.89012],[4.32997,50.89009],[4.33004,50.89007],[4.33012,50.89005],[4.3344,50.8891],[4.33467,50.88904],[4.33475,50.88902],[4.33485,50.88899],[4.33494,50.88896],[4.335,50.88894],[4.33502,50.88893],[4.33504,50.88892],[4.3351,50.88889],[4.33516,50.88886],[4.3352,50.88883],[4.33525,50.88879],[4.33531,50.88874],[4.33536,50.88869],[4.3354,50.88864],[4.33543,50.88861],[4.33545,50.88856],[4.33548,50.88851],[4.3355,50.88844],[4.33552,50.88838],[4.33554,50.88831],[4.33554,50.88822],[4.33555,50.88813],[4.33554,50.88807],[4.33553,50.88796],[4.3355,50.88787],[4.33549,50.88782],[4.33546,50.88775],[4.33542,50.88766],[4.33537,50.88757],[4.33532,50.88748],[4.33525,50.88737],[4.33523,50.88735],[4.33514,50.88725],[4.33505,50.88714],[4.33497,50.88706],[4.3349,50.88699],[4.33477,50.88688],[4.33456,50.8867],[4.3345,50.88665],[4.33439,50.88657],[4.33431,50.88651],[4.33429,50.8865],[4.33424,50.88645],[4.33422,50.88645],[4.33419,50.88642],[4.33409,50.88635],[4.33398,50.88628],[4.33396,50.88627],[4.33385,50.8862],[4.33374,50.88614],[4.33371,50.88612],[4.33369,50.88611],[4.33365,50.88608],[4.33354,50.88603],[4.33354,50.88603],[4.33346,50.88599],[4.33338,50.88596],[4.33329,50.88592],[4.33321,50.88589],[4.33312,50.88587],[4.33304,50.88584],[4.333,50.88583],[4.33296,50.88582],[4.33293,50.88581],[4.33291,50.8858],[4.33288,50.88578],[4.33286,50.88576],[4.33283,50.88573],[4.33282,50.8857],[4.33282,50.88567],[4.33283,50.88563],[4.33285,50.8856],[4.33286,50.88558],[4.33289,50.88555],[4.33293,50.88553],[4.33296,50.88552],[4.33303,50.8855],[4.33313,50.88548],[4.33319,50.88546],[4.33324,50.88544],[4.33329,50.88541],[4.33333,50.88537],[4.33337,50.88533],[4.33545,50.88303],[4.33553,50.88293],[4.33555,50.88288],[4.33556,50.88286],[4.33556,50.88284],[4.33556,50.88282],[4.33556,50.88281],[4.33556,50.88277],[4.33553,50.88265],[4.33551,50.88258],[4.33549,50.8825],[4.33547,50.88239],[4.33544,50.88226],[4.33544,50.88223],[4.33544,50.8822],[4.33544,50.88214],[4.33546,50.88205],[4.33549,50.8819],[4.33552,50.88173],[4.33557,50.88147],[4.33559,50.88138],[4.33563,50.88112],[4.33563,50.88104],[4.33562,50.88096],[4.33561,50.8809],[4.33559,50.88084],[4.33557,50.8808],[4.33555,50.88076],[4.3355,50.88068],[4.33544,50.88061],[4.3354,50.88057],[4.33519,50.88038],[4.33492,50.88014],[4.33467,50.87993],[4.3345,50.87978],[4.33431,50.87962],[4.33411,50.87942],[4.33404,50.87936],[4.3333,50.87872],[4.33323,50.87866],[4.33299,50.87845],[4.33288,50.87835],[4.33282,50.87828],[4.3328,50.87824],[4.33278,50.87818],[4.33278,50.87811],[4.33278,50.87806],[4.33284,50.87783],[4.33289,50.87764],[4.33291,50.87757],[4.33295,50.87743],[4.33298,50.8773],[4.33336,50.8758],[4.33347,50.8754],[4.33351,50.87525],[4.33356,50.87504],[4.33359,50.87487],[4.33367,50.87456],[4.33377,50.87416],[4.33377,50.87416],[4.33439,50.87177],[4.33448,50.8715],[4.33457,50.87114],[4.33461,50.87092],[4.33466,50.87074],[4.33474,50.87043],[4.33474,50.87041],[4.33506,50.86919],[4.33525,50.86848],[4.33526,50.8684],[4.33527,50.86831],[4.33527,50.86809],[4.33528,50.86804],[4.3353,50.86799],[4.33533,50.86794],[4.33536,50.86789],[4.33542,50.86784],[4.33545,50.86782],[4.33551,50.86778],[4.33608,50.86747]]}},{"type":"Feature","properties":{"ref":15,"line":"51","color":"F3C300","mode":"tram","direction":1,"terminus":"STADE"},"geometry":{"type":"LineString","coordinates":[[4.33565,50.86775],[4.33554,50.8678],[4.33551,50.86782],[4.33549,50.86783],[4.33545,50.86786],[4.3354,50.86791],[4.33537,50.86795],[4.33534,50.868],[4.33533,50.86804],[4.33532,50.86809],[4.33532,50.8682],[4.33532,50.86827],[4.33532,50.86836],[4.3353,50.86844],[4.33522,50.86876],[4.33484,50.87021],[4.33475,50.87052],[4.33467,50.87083],[4.33466,50.87088],[4.33464,50.87096],[4.3346,50.87114],[4.3345,50.87156],[4.33443,50.87182],[4.33422,50.87261],[4.33382,50.87416],[4.33374,50.87443],[4.33364,50.87483],[4.33361,50.87498],[4.33359,50.87505],[4.33356,50.8752],[4.33355,50.87523],[4.33348,50.87549],[4.33343,50.87571],[4.33302,50.87735],[4.33299,50.87745],[4.33292,50.87766],[4.33284,50.87797],[4.33283,50.87802],[4.33283,50.87809],[4.33283,50.87811],[4.33282,50.87817],[4.33284,50.87823],[4.33286,50.87827],[4.33289,50.87832],[4.333,50.87841],[4.33352,50.87886],[4.33407,50.87934],[4.33417,50.87944],[4.33434,50.8796],[4.33467,50.87988],[4.33482,50.88002],[4.33491,50.88009],[4.33494,50.88012],[4.33509,50.88025],[4.33518,50.88032],[4.33527,50.8804],[4.33536,50.88049],[4.33541,50.88053],[4.33545,50.88057],[4.33549,50.88061],[4.33554,50.88066],[4.33557,50.88071],[4.3356,50.88076],[4.33563,50.88083],[4.33565,50.88089],[4.33566,50.88093],[4.33567,50.88098],[4.33568,50.88106],[4.33567,50.88114],[4.33566,50.88123],[4.33559,50.88157],[4.33553,50.88193],[4.33551,50.88202],[4.3355,50.88209],[4.33549,50.88216],[4.33548,50.88221],[4.33549,50.88228],[4.3355,50.88234],[4.33552,50.88242],[4.33554,50.88248],[4.33556,50.88259],[4.33557,50.88262],[4.33557,50.88264],[4.3356,50.88278],[4.33561,50.88281],[4.33561,50.88284],[4.3356,50.88289],[4.33559,50.88292],[4.33557,50.88296],[4.33555,50.88298],[4.33535,50.88321],[4.33338,50.88538],[4.33335,50.88542],[4.33334,50.88547],[4.33333,50.88551],[4.33333,50.88554],[4.33334,50.88559],[4.33335,50.88562],[4.33341,50.88585],[4.33343,50.88589],[4.33345,50.88592],[4.33348,50.88595],[4.33352,50.88598],[4.33355,50.886],[4.33368,50.88606],[4.33369,50.88607],[4.33377,50.88611],[4.3339,50.88619],[4.33395,50.88622],[4.33414,50.88634],[4.33437,50.88651],[4.33444,50.88656],[4.33447,50.88659],[4.33448,50.8866],[4.33461,50.8867],[4.33463,50.88672],[4.33484,50.88689],[4.33493,50.88697],[4.33501,50.88705],[4.3351,50.88713],[4.33517,50.88722],[4.33523,50.88728],[4.33528,50.88736],[4.33533,50.88742],[4.3354,50.88753],[4.33544,50.88761],[4.33549,50.88772],[4.33553,50.88781],[4.33556,50.8879],[4.33558,50.88798],[4.33559,50.88807],[4.33559,50.88813],[4.33559,50.88822],[4.33559,50.8883],[4.33557,50.88837],[4.33555,50.88844],[4.33554,50.88849],[4.33553,50.88851],[4.33552,50.88852],[4.33552,50.88852],[4.3355,50.88858],[4.33547,50.88863],[4.33543,50.88868],[4.33538,50.88874],[4.33533,50.88879],[4.33528,50.88883],[4.33522,50.88887],[4.33517,50.88889],[4.33511,50.88893],[4.33504,50.88896],[4.33497,50.88899],[4.3349,50.88902],[4.33479,50.88905],[4.33408,50.8892],[4.33294,50.88946],[4.33007,50.8901],[4.33,50.89011],[4.32996,50.89013],[4.32992,50.89015],[4.32989,50.89018],[4.32987,50.8902],[4.32986,50.89023],[4.32984,50.89026],[4.32984,50.8903],[4.32985,50.89032],[4.32987,50.89036],[4.32989,50.89038],[4.33031,50.89088],[4.33053,50.89114],[4.33064,50.89126],[4.33075,50.89137],[4.33084,50.89145],[4.33092,50.89151],[4.331,50.89157],[4.33108,50.89162],[4.33118,50.89168],[4.33129,50.89175],[4.3314,50.8918],[4.33156,50.89188],[4.33164,50.89191],[4.33176,50.89196],[4.33213,50.89209],[4.33317,50.89246],[4.3332,50.89247],[4.33324,50.89249],[4.33327,50.89251],[4.3333,50.89253],[4.33332,50.89255],[4.33333,50.89257],[4.33334,50.89261],[4.33335,50.89264],[4.33334,50.89267],[4.33333,50.89269],[4.33331,50.89272],[4.33328,50.89276],[4.33284,50.8931],[4.33276,50.89316],[4.33256,50.89332],[4.33248,50.89338],[4.33243,50.89341],[4.33232,50.89346],[4.33223,50.8935],[4.33216,50.89356],[4.33185,50.8938]]}},{"type":"Feature","properties":{"ref":16,"line":"55","color":"F3C300","mode":"tram","direction":0,"terminus":"ROGIER"},"geometry":{"type":"LineString","coordinates":[[4.39284,50.87592],[4.39279,50.87591],[4.39263,50.87588],[4.39249,50.87586],[4.39194,50.87579],[4.39149,50.87572],[4.39131,50.8757],[4.39116,50.87567],[4.39106,50.87565],[4.39098,50.87562],[4.39065,50.87551],[4.39007,50.87532],[4.38914,50.87499],[4.38903,50.87495],[4.38884,50.87488],[4.38853,50.87475],[4.38844,50.87471],[4.3884,50.87469],[4.38834,50.87466],[4.38826,50.87462],[4.38818,50.87456],[4.38809,50.8745],[4.38794,50.8744],[4.38791,50.87438],[4.38785,50.87433],[4.38776,50.87425],[4.38736,50.87389],[4.38722,50.87376],[4.3871,50.87363],[4.38691,50.87343],[4.38669,50.87321],[4.38651,50.87302],[4.38647,50.87298],[4.38643,50.87294],[4.38619,50.87275],[4.38603,50.87263],[4.38561,50.87235],[4.38541,50.87222],[4.38522,50.8721],[4.38499,50.87198],[4.38438,50.87165],[4.38429,50.8716],[4.38422,50.87156],[4.38417,50.87152],[4.38413,50.87149],[4.38408,50.87144],[4.38403,50.87138],[4.38399,50.87133],[4.3839,50.8712],[4.38384,50.87111],[4.3838,50.87107],[4.38376,50.87102],[4.38372,50.87098],[4.38367,50.87094],[4.38357,50.87086],[4.38351,50.87082],[4.38341,50.87075],[4.38272,50.87037],[4.38263,50.87033],[4.38252,50.87028],[4.38212,50.87014],[4.38202,50.8701],[4.38196,50.87008],[4.38194,50.87007],[4.38187,50.87006],[4.3818,50.87005],[4.38172,50.87005],[4.38166,50.87006],[4.38159,50.87007],[4.38147,50.8701],[4.38078,50.87028],[4.38044,50.87037],[4.37981,50.87053],[4.37947,50.87062],[4.37918,50.87069],[4.3789,50.87076],[4.37833,50.87091],[4.3777,50.87107],[4.37755,50.87111],[4.37718,50.87123],[4.377,50.87128],[4.37682,50.87133],[4.37666,50.87138],[4.37654,50.87141],[4.37647,50.87144],[4.37634,50.87151],[4.37631,50.87153],[4.37629,50.87154],[4.37628,50.87156],[4.37623,50.87159],[4.37619,50.87161],[4.37615,50.87163],[4.37608,50.87166],[4.37601,50.87167],[4.37596,50.87168],[4.3759,50.87169],[4.37584,50.87169],[4.37578,50.87169],[4.37572,50.87168],[4.37567,50.87168],[4.37562,50.87167],[4.37559,50.87166],[4.37552,50.87164],[4.37548,50.87162],[4.37543,50.87159],[4.3754,50.87157],[4.37537,50.87155],[4.37535,50.87152],[4.37533,50.87149],[4.37531,50.87146],[4.3753,50.87142],[4.3753,50.87139],[4.3753,50.87135],[4.3753,50.87123],[4.37529,50.87118],[4.37528,50.87116],[4.37527,50.87114],[4.37525,50.87112],[4.37522,50.8711],[4.37519,50.87109],[4.37516,50.87107],[4.375,50.87101],[4.37368,50.87057],[4.37191,50.86997],[4.37186,50.86995],[4.37177,50.86992],[4.37175,50.86991],[4.37173,50.8699],[4.37165,50.86986],[4.37158,50.86982],[4.37152,50.86978],[4.37145,50.86973],[4.3714,50.8697],[4.37139,50.86968],[4.37137,50.86967],[4.37136,50.86966],[4.37132,50.86962],[4.37101,50.86925],[4.36973,50.86777],[4.36916,50.86711],[4.36907,50.86701],[4.36894,50.86686],[4.36874,50.86663],[4.36802,50.86579],[4.36785,50.86558],[4.36768,50.86537],[4.36707,50.86467],[4.36701,50.8646],[4.36697,50.86453],[4.36688,50.8644],[4.36681,50.86432],[4.36672,50.86425],[4.36667,50.86423],[4.36661,50.86421],[4.36658,50.86421],[4.36656,50.8642],[4.36653,50.8642],[4.3665,50.86419],[4.36648,50.86419],[4.36645,50.86419],[4.36641,50.86419],[4.36638,50.86419],[4.36634,50.8642],[4.36631,50.8642],[4.36628,50.86421],[4.36623,50.86422],[4.3662,50.86423],[4.36613,50.86427],[4.36607,50.86432],[4.36604,50.86436],[4.36594,50.86448],[4.36582,50.86464],[4.36559,50.86497],[4.36533,50.86533],[4.36522,50.86548],[4.36519,50.86552],[4.36515,50.86556],[4.3651,50.8656],[4.36508,50.86561],[4.36502,50.86564],[4.36498,50.86565],[4.36492,50.86567],[4.3648,50.86569],[4.36456,50.86572],[4.36418,50.86579],[4.36365,50.86589],[4.3635,50.86591],[4.36344,50.86592],[4.36339,50.86592],[4.36332,50.86591],[4.36329,50.8659],[4.36325,50.86589],[4.3632,50.86587],[4.36317,50.86584],[4.36314,50.86581],[4.36312,50.86578],[4.3631,50.86574],[4.36308,50.86572],[4.36288,50.86533],[4.36284,50.86525],[4.3628,50.86517],[4.36275,50.86508],[4.36258,50.86469],[4.3624,50.8643],[4.36237,50.86423],[4.36233,50.86407],[4.36229,50.86396],[4.36225,50.86386],[4.36215,50.86364],[4.36205,50.86345],[4.36201,50.86336],[4.36198,50.86329],[4.3619,50.86314],[4.36166,50.86259],[4.3616,50.86247],[4.36155,50.86239],[4.36151,50.86231],[4.36145,50.86224],[4.36142,50.86219],[4.36135,50.86212],[4.36133,50.86209],[4.36123,50.86199],[4.36116,50.86193],[4.36104,50.86183],[4.36082,50.86165],[4.36074,50.86159],[4.36071,50.86156],[4.36066,50.86152],[4.36062,50.86147],[4.36058,50.86143],[4.36054,50.86137],[4.36049,50.86129],[4.36043,50.86118],[4.36035,50.86103],[4.36028,50.86087],[4.35995,50.86014],[4.35994,50.86013],[4.35985,50.85993],[4.35977,50.85975],[4.35974,50.85968],[4.35973,50.85964],[4.35971,50.85958],[4.3597,50.85952],[4.3597,50.85938],[4.35971,50.85923],[4.35972,50.85891],[4.35972,50.85868],[4.35971,50.85858],[4.3597,50.85849],[4.35968,50.85839],[4.35965,50.85827],[4.35962,50.85818],[4.35958,50.85807],[4.35954,50.85798],[4.35944,50.85777],[4.35928,50.85742],[4.35921,50.85726],[4.35918,50.8572],[4.35913,50.85709],[4.35911,50.85706],[4.35908,50.85699],[4.35906,50.85693],[4.35898,50.85669],[4.35897,50.85666],[4.35893,50.85657],[4.35892,50.85655],[4.35881,50.85635],[4.35877,50.85629],[4.35873,50.85623]]}},{"type":"Feature","properties":{"ref":16,"line":"55","color":"F3C300","mode":"tram","direction":1,"terminus":"TILLEUL"},"geometry":{"type":"LineString","coordinates":[[4.35873,50.85623],[4.35877,50.85629],[4.35881,50.85635],[4.35892,50.85655],[4.359,50.85669],[4.35902,50.85674],[4.35906,50.85681],[4.35916,50.85703],[4.35943,50.85762],[4.35961,50.85801],[4.35961,50.85802],[4.35966,50.85814],[4.35969,50.85824],[4.35971,50.85831],[4.35974,50.8584],[4.35975,50.85849],[4.35977,50.8586],[4.35977,50.85869],[4.35977,50.85889],[4.35976,50.85934],[4.35976,50.85943],[4.35977,50.8595],[4.35977,50.85956],[4.35979,50.85962],[4.3598,50.85968],[4.35982,50.85973],[4.35993,50.85999],[4.36024,50.86066],[4.36028,50.86076],[4.36033,50.86087],[4.36038,50.86097],[4.36042,50.86105],[4.36048,50.86113],[4.36053,50.8612],[4.36059,50.86128],[4.36066,50.86135],[4.36073,50.86142],[4.36079,50.86147],[4.36106,50.86172],[4.36115,50.86179],[4.3612,50.86184],[4.36126,50.86191],[4.36126,50.86191],[4.36138,50.86208],[4.36147,50.8622],[4.36155,50.86231],[4.3616,50.8624],[4.36166,50.8625],[4.36171,50.86261],[4.362,50.86324],[4.36206,50.86338],[4.36209,50.86344],[4.36221,50.86368],[4.36233,50.86393],[4.36275,50.86486],[4.3631,50.86563],[4.36313,50.86569],[4.36316,50.86576],[4.36318,50.86578],[4.3632,50.8658],[4.36321,50.86582],[4.36324,50.86584],[4.36329,50.86586],[4.36334,50.86588],[4.36339,50.86588],[4.36346,50.86588],[4.36357,50.86587],[4.36363,50.86586],[4.36434,50.86573],[4.36454,50.8657],[4.36461,50.86569],[4.36482,50.86566],[4.3649,50.86564],[4.36496,50.86563],[4.36502,50.86561],[4.36507,50.86558],[4.36512,50.86555],[4.36515,50.86551],[4.36518,50.86547],[4.36548,50.86505],[4.36559,50.86491],[4.36593,50.86443],[4.36594,50.86442],[4.366,50.86435],[4.366,50.86434],[4.36608,50.86426],[4.3661,50.86425],[4.36615,50.86422],[4.36622,50.86419],[4.36629,50.86417],[4.36636,50.86416],[4.36639,50.86416],[4.36645,50.86416],[4.36649,50.86416],[4.36653,50.86416],[4.36659,50.86417],[4.36665,50.86419],[4.3667,50.86421],[4.36673,50.86423],[4.36677,50.86425],[4.36683,50.8643],[4.36688,50.86435],[4.36696,50.86445],[4.367,50.86451],[4.36704,50.86456],[4.36708,50.86462],[4.36717,50.86472],[4.36773,50.86537],[4.36774,50.86539],[4.36785,50.86551],[4.36803,50.86573],[4.36817,50.8659],[4.37011,50.86815],[4.37073,50.86888],[4.37085,50.86901],[4.37096,50.86914],[4.37131,50.86953],[4.37133,50.86956],[4.37137,50.86961],[4.37143,50.86966],[4.3715,50.86972],[4.37151,50.86973],[4.37157,50.86977],[4.37163,50.86981],[4.3717,50.86985],[4.37177,50.86988],[4.37181,50.8699],[4.37183,50.86991],[4.37192,50.86995],[4.37205,50.86999],[4.37399,50.87065],[4.37506,50.87101],[4.37519,50.87105],[4.37526,50.87107],[4.37533,50.87108],[4.3754,50.87109],[4.37543,50.87109],[4.37554,50.87109],[4.37561,50.87109],[4.37568,50.87107],[4.37572,50.87107],[4.37577,50.87105],[4.37582,50.87104],[4.37586,50.87104],[4.37596,50.87103],[4.37602,50.87104],[4.37607,50.87105],[4.37612,50.87105],[4.37616,50.87107],[4.37621,50.87108],[4.37625,50.8711],[4.37628,50.87113],[4.37628,50.87113],[4.37644,50.87123],[4.37649,50.87126],[4.37654,50.87128],[4.3766,50.8713],[4.37667,50.87131],[4.37673,50.87131],[4.3768,50.8713],[4.37686,50.87129],[4.37699,50.87125],[4.37715,50.8712],[4.37749,50.8711],[4.37817,50.87092],[4.3788,50.87076],[4.37942,50.8706],[4.38028,50.87038],[4.3809,50.87022],[4.38109,50.87017],[4.3815,50.87007],[4.3816,50.87004],[4.38166,50.87003],[4.38172,50.87002],[4.38181,50.87002],[4.38186,50.87003],[4.38192,50.87004],[4.38199,50.87006],[4.38254,50.87026],[4.38265,50.8703],[4.38274,50.87035],[4.38344,50.87074],[4.38349,50.87077],[4.38358,50.87082],[4.38365,50.87088],[4.3837,50.87092],[4.38375,50.87096],[4.3838,50.87101],[4.38384,50.87105],[4.38388,50.8711],[4.38397,50.87123],[4.38403,50.87132],[4.38408,50.87139],[4.38413,50.87145],[4.3842,50.8715],[4.38426,50.87154],[4.38432,50.87158],[4.38448,50.87167],[4.38497,50.87193],[4.38513,50.87202],[4.38531,50.87212],[4.3854,50.87218],[4.38558,50.87229],[4.38584,50.87246],[4.38609,50.87263],[4.38619,50.87271],[4.38646,50.87292],[4.38652,50.87298],[4.38714,50.87362],[4.38726,50.87375],[4.38743,50.87391],[4.38769,50.87415],[4.38781,50.87425],[4.38793,50.87435],[4.38802,50.87442],[4.38822,50.87455],[4.38831,50.87461],[4.38837,50.87464],[4.38843,50.87467],[4.38847,50.8747],[4.38898,50.8749],[4.38916,50.87497],[4.38941,50.87506],[4.39028,50.87536],[4.391,50.8756],[4.39108,50.87563],[4.39118,50.87565],[4.39124,50.87566],[4.39136,50.87568],[4.39209,50.87579],[4.39235,50.87582],[4.39235,50.87582]]}},{"type":"Feature","properties":{"ref":17,"line":"62","color":"F29DC3","mode":"tram","direction":0,"terminus":"HEYSEL"},"geometry":{"type":"LineString","coordinates":[[4.43391,50.8795],[4.43355,50.87936],[4.43339,50.87931],[4.43323,50.87925],[4.43305,50.87919],[4.43281,50.87911],[4.4326,50.87905],[4.43252,50.87902],[4.43238,50.87898],[4.43212,50.8789],[4.43203,50.87887],[4.43202,50.87886],[4.432,50.87886],[4.43194,50.87883],[4.43189,50.8788],[4.43181,50.87874],[4.43171,50.87865],[4.43164,50.8786],[4.43157,50.87857],[4.4315,50.87854],[4.43141,50.87851],[4.43132,50.87849],[4.43123,50.87847],[4.4308,50.87836],[4.43057,50.87831],[4.43031,50.87825],[4.43027,50.87825],[4.43011,50.87822],[4.42992,50.87818],[4.42968,50.87815],[4.4293,50.87809],[4.42905,50.87805],[4.4288,50.87802],[4.42847,50.87798],[4.42805,50.87794],[4.42772,50.87791],[4.42748,50.87789],[4.42526,50.87773],[4.42485,50.8777],[4.42431,50.87766],[4.41955,50.87737],[4.41932,50.87736],[4.41888,50.87734],[4.41847,50.87732],[4.41808,50.8773],[4.41776,50.87728],[4.416,50.87717],[4.41585,50.87716],[4.41452,50.87707],[4.41432,50.87706],[4.4142,50.87705],[4.41396,50.87702],[4.4136,50.87699],[4.41345,50.87698],[4.41331,50.87696],[4.41318,50.87694],[4.41305,50.87692],[4.41288,50.87689],[4.41279,50.87687],[4.41275,50.87686],[4.41266,50.87684],[4.4125,50.8768],[4.41185,50.87662],[4.41181,50.87661],[4.41169,50.87657],[4.41152,50.87651],[4.41142,50.87647],[4.41132,50.87643],[4.41121,50.87639],[4.41104,50.87631],[4.41088,50.87623],[4.41078,50.87617],[4.41075,50.87616],[4.41069,50.87613],[4.41068,50.87612],[4.41056,50.87605],[4.41042,50.87597],[4.41029,50.87589],[4.41019,50.87582],[4.4101,50.87574],[4.41002,50.87568],[4.40992,50.87559],[4.40983,50.87551],[4.40976,50.87543],[4.40971,50.87538],[4.40747,50.87287],[4.40623,50.87149],[4.40608,50.87132],[4.40593,50.87114],[4.40584,50.87104],[4.40414,50.86914],[4.40339,50.86831],[4.40329,50.86819],[4.4032,50.86808],[4.40311,50.86796],[4.40303,50.86785],[4.40294,50.86773],[4.40288,50.86764],[4.40288,50.86763],[4.40279,50.86749],[4.40271,50.86734],[4.40264,50.86722],[4.40261,50.86715],[4.40254,50.86701],[4.40249,50.86689],[4.40245,50.86678],[4.4024,50.86666],[4.40238,50.86657],[4.40232,50.86639],[4.40228,50.86622],[4.40225,50.86607],[4.40223,50.8659],[4.40221,50.86577],[4.4022,50.86564],[4.40219,50.86551],[4.40219,50.86473],[4.40218,50.86255],[4.40217,50.86241],[4.40215,50.86226],[4.40214,50.86216],[4.40212,50.86202],[4.40208,50.86187],[4.40207,50.8618],[4.40204,50.8617],[4.40201,50.86159],[4.40199,50.86153],[4.40194,50.86138],[4.40189,50.86127],[4.40185,50.86116],[4.40178,50.86101],[4.40174,50.86093],[4.4017,50.86085],[4.40161,50.86071],[4.40156,50.86061],[4.40154,50.86059],[4.40147,50.86047],[4.40136,50.86032],[4.40134,50.86029],[4.40127,50.86019],[4.40117,50.86006],[4.40106,50.85993],[4.40092,50.85978],[4.4008,50.85966],[4.40075,50.85961],[4.40066,50.85952],[4.40057,50.85944],[4.40046,50.85934],[4.40027,50.85918],[4.4002,50.85912],[4.40016,50.85909],[4.40012,50.85906],[4.40003,50.859],[4.39996,50.85895],[4.39988,50.85891],[4.39984,50.85889],[4.39983,50.85888],[4.39972,50.85882],[4.39952,50.85873],[4.39947,50.8587],[4.39918,50.85856],[4.39914,50.85854],[4.39905,50.8585],[4.399,50.85848],[4.39898,50.85847],[4.39883,50.85841],[4.39869,50.85837],[4.39847,50.8583],[4.39828,50.85824],[4.39803,50.85817],[4.3979,50.85814],[4.39777,50.85811],[4.39766,50.85809],[4.39754,50.85807],[4.39745,50.85806],[4.39723,50.85802],[4.39717,50.85801],[4.3971,50.85799],[4.39705,50.85797],[4.397,50.85794],[4.39695,50.8579],[4.39692,50.85787],[4.39691,50.85785],[4.39689,50.85781],[4.39688,50.85778],[4.39687,50.85773],[4.39688,50.85771],[4.39689,50.85766],[4.39692,50.85761],[4.39696,50.85756],[4.39698,50.85753],[4.39707,50.85742],[4.3972,50.85727],[4.39733,50.8571],[4.39741,50.85699],[4.3975,50.85688],[4.39757,50.85678],[4.39759,50.85676],[4.39759,50.85675],[4.39778,50.85649],[4.39788,50.85632],[4.39797,50.85618],[4.39811,50.85596],[4.39816,50.85587],[4.39821,50.85576],[4.39825,50.85569],[4.39826,50.85564],[4.39828,50.85559],[4.39828,50.85555],[4.39827,50.85551],[4.39825,50.85547],[4.39822,50.85543],[4.39818,50.8554],[4.39811,50.85535],[4.39804,50.85532],[4.39796,50.85529],[4.39788,50.85526],[4.39779,50.85524],[4.39773,50.85523],[4.39767,50.85522],[4.39759,50.85521],[4.39751,50.8552],[4.39741,50.8552],[4.39734,50.8552],[4.39723,50.85522],[4.39715,50.85523],[4.39633,50.8554],[4.39608,50.85545],[4.39589,50.85549],[4.39368,50.85596],[4.39221,50.85627],[4.39215,50.85628],[4.39209,50.8563],[4.39205,50.85632],[4.39197,50.85636],[4.3919,50.8564],[4.39177,50.8565],[4.39173,50.85653],[4.39167,50.85656],[4.39161,50.85659],[4.39155,50.85661],[4.39148,50.85662],[4.39126,50.85667],[4.39103,50.85672],[4.39101,50.85672],[4.39095,50.85674],[4.39086,50.85675],[4.39082,50.85675],[4.39075,50.85675],[4.39068,50.85674],[4.39054,50.85672],[4.39046,50.85671],[4.39039,50.8567],[4.39031,50.8567],[4.39024,50.8567],[4.39017,50.85671],[4.39009,50.85673],[4.38779,50.85723],[4.38636,50.85754],[4.38555,50.85772],[4.38537,50.85776],[4.38504,50.85785],[4.38497,50.85787],[4.38492,50.85789],[4.38486,50.85793],[4.38482,50.85796],[4.38479,50.85799],[4.38478,50.85802],[4.38473,50.85809],[4.38471,50.85813],[4.38467,50.85817],[4.38465,50.85819],[4.38461,50.85822],[4.38455,50.85825],[4.38448,50.85828],[4.38444,50.85829],[4.38438,50.8583],[4.38434,50.8583],[4.38431,50.8583],[4.38427,50.8583],[4.3842,50.8583],[4.38416,50.85829],[4.38415,50.85829],[4.38409,50.85827],[4.38404,50.85825],[4.38399,50.85823],[4.38391,50.8582],[4.38388,50.85818],[4.38384,50.85817],[4.3838,50.85816],[4.38373,50.85815],[4.3837,50.85814],[4.38362,50.85815],[4.38355,50.85816],[4.38298,50.85828],[4.38191,50.85851],[4.37911,50.85912],[4.37684,50.85962],[4.37583,50.85984],[4.37442,50.86015],[4.37423,50.86019],[4.37285,50.86049],[4.37152,50.86078],[4.37072,50.86096],[4.36934,50.86127],[4.36877,50.86139],[4.36809,50.86154],[4.36777,50.86161],[4.36771,50.86162],[4.36766,50.86163],[4.36762,50.86165],[4.36759,50.86166],[4.36756,50.86168],[4.36753,50.86169],[4.36751,50.86171],[4.36749,50.86174],[4.36747,50.86176],[4.36745,50.8618],[4.36743,50.86185],[4.36741,50.86195],[4.36732,50.86222],[4.36718,50.8627],[4.36715,50.86278],[4.36712,50.86283],[4.367,50.863],[4.36694,50.86308],[4.36689,50.86316],[4.36686,50.8632],[4.36682,50.86325],[4.36669,50.86344],[4.36634,50.86392],[4.36625,50.86405],[4.36615,50.8642],[4.36607,50.86432],[4.36604,50.86436],[4.36594,50.86448],[4.36582,50.86464],[4.36559,50.86497],[4.36533,50.86533],[4.36522,50.86548],[4.36519,50.86552],[4.36515,50.86556],[4.3638,50.86746],[4.3623,50.86957],[4.36192,50.8701],[4.36171,50.8704],[4.3612,50.8711],[4.36119,50.87112],[4.36117,50.87114],[4.36116,50.87116],[4.36115,50.87117],[4.36114,50.87118],[4.36076,50.87175],[4.36072,50.87184],[4.36071,50.87189],[4.36067,50.87202],[4.36066,50.87207],[4.36062,50.87216],[4.36057,50.87224],[4.36052,50.87232],[4.3601,50.87291],[4.35979,50.87334],[4.35954,50.87367],[4.35936,50.87393],[4.3593,50.87401],[4.35809,50.87571],[4.35805,50.87577],[4.35775,50.87618],[4.3577,50.87626],[4.35766,50.87632],[4.35763,50.87635],[4.35759,50.87638],[4.35756,50.87639],[4.35753,50.87641],[4.3575,50.87642],[4.35746,50.87642],[4.35743,50.87643],[4.35739,50.87643],[4.35733,50.87643],[4.35705,50.87642],[4.35695,50.87642],[4.3569,50.87642],[4.35684,50.87643],[4.35672,50.87646],[4.35466,50.87699],[4.35465,50.877],[4.35446,50.87704],[4.35426,50.87708],[4.35346,50.87723],[4.35154,50.87759],[4.35146,50.87761],[4.35139,50.87761],[4.35132,50.87762],[4.35124,50.87762],[4.35116,50.87761],[4.35095,50.87759],[4.35031,50.8775],[4.34897,50.87733],[4.34877,50.87731],[4.34871,50.8773],[4.34864,50.8773],[4.34858,50.87731],[4.34853,50.87732],[4.34848,50.87733],[4.34843,50.87734],[4.34839,50.87737],[4.34814,50.87752],[4.34806,50.87756],[4.34798,50.87758],[4.34793,50.87758],[4.34788,50.87759],[4.34783,50.87759],[4.3478,50.87758],[4.3472,50.87755],[4.34715,50.87754],[4.34709,50.87754],[4.34701,50.87755],[4.34694,50.87756],[4.34689,50.87758],[4.34685,50.8776],[4.34682,50.87762],[4.34678,50.87766],[4.34671,50.87771],[4.34668,50.87774],[4.34667,50.87774],[4.34601,50.87825],[4.34559,50.87857],[4.3455,50.87865],[4.34535,50.87879],[4.34531,50.87881],[4.34526,50.87884],[4.34521,50.87885],[4.34516,50.87886],[4.34509,50.87887],[4.34503,50.87888],[4.34447,50.87888],[4.34293,50.87891],[4.34264,50.87892],[4.34194,50.87893],[4.34054,50.87895],[4.34026,50.87896],[4.33969,50.87898],[4.33859,50.87901],[4.33812,50.87903],[4.33611,50.87908],[4.33596,50.87909],[4.33575,50.87911],[4.33553,50.87914],[4.33469,50.87923],[4.3346,50.87925],[4.3345,50.87927],[4.33442,50.87929],[4.33437,50.87931],[4.33433,50.87935],[4.33431,50.87936],[4.3343,50.87939],[4.33428,50.87943],[4.33427,50.87946],[4.33428,50.8795],[4.33429,50.87953],[4.33434,50.8796],[4.33467,50.87988],[4.33482,50.88002],[4.33491,50.88009],[4.33494,50.88012],[4.33509,50.88025],[4.33518,50.88032],[4.33527,50.8804],[4.33536,50.88049],[4.33541,50.88053],[4.33545,50.88057],[4.33549,50.88061],[4.33554,50.88066],[4.33557,50.88071],[4.3356,50.88076],[4.33563,50.88083],[4.33565,50.88089],[4.33566,50.88093],[4.33567,50.88098],[4.33568,50.88106],[4.33567,50.88114],[4.33566,50.88123],[4.33559,50.88157],[4.33553,50.88193],[4.33551,50.88202],[4.3355,50.88209],[4.33549,50.88216],[4.33548,50.88221],[4.33549,50.88228],[4.3355,50.88234],[4.33552,50.88242],[4.33554,50.88248],[4.33556,50.88259],[4.33557,50.88262],[4.33557,50.88264],[4.33562,50.88278],[4.33563,50.88281],[4.33568,50.88285],[4.33573,50.88292],[4.33578,50.88297],[4.33592,50.88311],[4.33601,50.88319],[4.33606,50.88324],[4.3361,50.88328],[4.33618,50.88335],[4.33625,50.8834],[4.33635,50.88347],[4.33645,50.88353],[4.33656,50.8836],[4.33658,50.88361],[4.33659,50.88361],[4.33672,50.88367],[4.33792,50.88424],[4.3381,50.88432],[4.33816,50.88435],[4.33851,50.8845],[4.33863,50.88456],[4.33886,50.88467],[4.33898,50.88472],[4.34108,50.88572],[4.34129,50.88582],[4.34145,50.88591],[4.34168,50.88603],[4.34207,50.88622],[4.34223,50.88629],[4.34246,50.8864],[4.34261,50.88647],[4.34267,50.8865],[4.34273,50.88653],[4.34277,50.88656],[4.34282,50.8866],[4.34286,50.88663],[4.34287,50.88664],[4.34289,50.88665],[4.3429,50.88666],[4.34301,50.88677],[4.34307,50.88683],[4.34311,50.88685],[4.34317,50.88689],[4.34323,50.88693],[4.3433,50.88697],[4.34335,50.88699],[4.34338,50.887],[4.3434,50.88701],[4.34349,50.88705],[4.34361,50.88708],[4.34373,50.88712],[4.3442,50.88726],[4.34426,50.88728],[4.34429,50.88729],[4.34434,50.88732],[4.34437,50.88735],[4.3444,50.88738],[4.34442,50.88741],[4.34444,50.88745],[4.34445,50.8875],[4.34478,50.88893],[4.34481,50.88909],[4.34485,50.88923],[4.34493,50.88946],[4.34495,50.88951],[4.34495,50.88954],[4.34519,50.8902],[4.34521,50.89027],[4.34522,50.89032],[4.34522,50.89036],[4.34521,50.89039],[4.3452,50.89043],[4.34518,50.89047],[4.34515,50.89052],[4.34512,50.89055],[4.34509,50.89058],[4.34505,50.89061],[4.34501,50.89064],[4.34492,50.89068],[4.3448,50.89074],[4.34476,50.89076],[4.3447,50.89078],[4.34464,50.8908],[4.34446,50.89085],[4.34402,50.89096],[4.34355,50.89108],[4.34351,50.8911],[4.34348,50.89111],[4.34344,50.89114],[4.34342,50.89115],[4.34341,50.89117],[4.34339,50.89119],[4.34337,50.89124],[4.34321,50.89164],[4.34317,50.89174],[4.34314,50.8918],[4.34311,50.89186],[4.34307,50.89192],[4.34302,50.892],[4.34296,50.89207],[4.34294,50.8921],[4.34288,50.89216],[4.34281,50.89224],[4.34274,50.8923],[4.3427,50.89234],[4.34265,50.89238],[4.34195,50.893],[4.34189,50.89306],[4.34142,50.89348],[4.34136,50.89353],[4.34125,50.89363],[4.34049,50.8943],[4.33986,50.89485],[4.33985,50.89487],[4.33979,50.89493],[4.33975,50.89496],[4.33969,50.89502],[4.33963,50.89509],[4.33957,50.89518],[4.33953,50.89524],[4.33947,50.89532],[4.33943,50.89539],[4.33938,50.89545],[4.33932,50.89552],[4.33927,50.89558],[4.3392,50.89565],[4.33913,50.89572],[4.33906,50.89578],[4.33905,50.89579],[4.33897,50.89586],[4.33896,50.89587],[4.33891,50.89592],[4.3389,50.89593],[4.3388,50.89602],[4.33875,50.89607],[4.33874,50.89608],[4.3387,50.89611],[4.33869,50.89612],[4.33859,50.89623],[4.33845,50.89636],[4.33841,50.8964],[4.33836,50.89643],[4.3383,50.89647],[4.33824,50.89649],[4.33814,50.89653],[4.33733,50.89679]]}},{"type":"Feature","properties":{"ref":17,"line":"62","color":"F29DC3","mode":"tram","direction":1,"terminus":"EUROCONTROL"},"geometry":{"type":"LineString","coordinates":[[4.33818,50.89645],[4.33819,50.89645],[4.33826,50.89642],[4.33831,50.89639],[4.33836,50.89637],[4.3384,50.89634],[4.33844,50.89631],[4.33855,50.89621],[4.33869,50.89607],[4.3388,50.89597],[4.33883,50.89594],[4.33891,50.89588],[4.339,50.89582],[4.33906,50.89578],[4.33913,50.89572],[4.3392,50.89565],[4.33927,50.89558],[4.33932,50.89552],[4.33938,50.89545],[4.33943,50.89539],[4.33947,50.89532],[4.33953,50.89524],[4.33957,50.89518],[4.33963,50.89509],[4.33969,50.89502],[4.33975,50.89496],[4.33979,50.89493],[4.33985,50.89487],[4.33986,50.89485],[4.34049,50.8943],[4.34125,50.89363],[4.34136,50.89353],[4.34142,50.89348],[4.34189,50.89306],[4.34195,50.893],[4.34265,50.89238],[4.3427,50.89234],[4.34274,50.8923],[4.34281,50.89224],[4.34288,50.89216],[4.34294,50.8921],[4.34296,50.89207],[4.34302,50.892],[4.34307,50.89192],[4.34311,50.89186],[4.34314,50.8918],[4.34317,50.89174],[4.34321,50.89164],[4.34337,50.89124],[4.34339,50.89119],[4.34341,50.89117],[4.34342,50.89115],[4.34344,50.89114],[4.34348,50.89111],[4.34351,50.8911],[4.34355,50.89108],[4.34402,50.89096],[4.34413,50.89093],[4.3442,50.8909],[4.34437,50.89084],[4.34446,50.89081],[4.34452,50.8908],[4.34464,50.89077],[4.34471,50.89074],[4.34477,50.89072],[4.34488,50.89066],[4.34493,50.89064],[4.34499,50.8906],[4.34504,50.89057],[4.34507,50.89054],[4.34511,50.8905],[4.34512,50.89047],[4.34515,50.89042],[4.34516,50.89038],[4.34517,50.89035],[4.34517,50.8903],[4.34516,50.89024],[4.34514,50.89021],[4.34504,50.88993],[4.34488,50.88947],[4.34481,50.88927],[4.34478,50.88914],[4.34473,50.88897],[4.3444,50.88748],[4.34438,50.88744],[4.34436,50.8874],[4.34433,50.88737],[4.34429,50.88734],[4.34425,50.88732],[4.3442,50.88729],[4.34414,50.88727],[4.34403,50.88723],[4.34373,50.88715],[4.34369,50.88714],[4.34357,50.8871],[4.34342,50.88705],[4.34336,50.88703],[4.34329,50.88699],[4.34321,50.88696],[4.34315,50.88692],[4.34309,50.88688],[4.34303,50.88683],[4.34296,50.88677],[4.34285,50.88667],[4.34279,50.88662],[4.34275,50.88658],[4.34269,50.88655],[4.34262,50.88652],[4.34254,50.88647],[4.34253,50.88647],[4.34224,50.88634],[4.3421,50.88627],[4.3419,50.88618],[4.34146,50.88598],[4.34136,50.88593],[4.33991,50.88524],[4.33976,50.88517],[4.33862,50.88463],[4.33826,50.88445],[4.33826,50.88445],[4.33814,50.88439],[4.33796,50.8843],[4.33786,50.88425],[4.33781,50.88422],[4.33767,50.88416],[4.33667,50.88369],[4.33658,50.88364],[4.33648,50.88359],[4.33639,50.88354],[4.33629,50.88347],[4.3362,50.88341],[4.33613,50.88336],[4.33604,50.88328],[4.33596,50.8832],[4.33588,50.88313],[4.33582,50.88307],[4.33576,50.88301],[4.33568,50.88293],[4.33561,50.88286],[4.33557,50.88279],[4.33553,50.88265],[4.33551,50.88258],[4.33549,50.8825],[4.33547,50.88239],[4.33544,50.88226],[4.33544,50.88223],[4.33544,50.8822],[4.33544,50.88214],[4.33546,50.88205],[4.33549,50.8819],[4.33552,50.88173],[4.33557,50.88147],[4.33559,50.88138],[4.33563,50.88112],[4.33563,50.88104],[4.33562,50.88096],[4.33561,50.8809],[4.33559,50.88084],[4.33557,50.8808],[4.33555,50.88076],[4.3355,50.88068],[4.33544,50.88061],[4.3354,50.88057],[4.33519,50.88038],[4.33492,50.88014],[4.33467,50.87993],[4.3345,50.87978],[4.33431,50.87962],[4.33425,50.87954],[4.33423,50.87949],[4.33423,50.87943],[4.33425,50.87937],[4.3343,50.87932],[4.33436,50.87928],[4.33443,50.87925],[4.3346,50.87922],[4.33581,50.87908],[4.33596,50.87906],[4.33611,50.87906],[4.33852,50.87899],[4.33953,50.87896],[4.33959,50.87896],[4.33968,50.87896],[4.34012,50.87894],[4.34054,50.87893],[4.34226,50.8789],[4.34244,50.8789],[4.34468,50.87886],[4.34499,50.87885],[4.34506,50.87885],[4.34512,50.87884],[4.34517,50.87883],[4.34521,50.87882],[4.34525,50.8788],[4.3453,50.87878],[4.34533,50.87875],[4.34542,50.87867],[4.34569,50.87846],[4.34616,50.8781],[4.34672,50.87767],[4.34673,50.87766],[4.34677,50.87763],[4.34683,50.87759],[4.34685,50.87757],[4.3469,50.87755],[4.34696,50.87753],[4.34704,50.87751],[4.34714,50.87751],[4.34763,50.87754],[4.34779,50.87755],[4.3478,50.87755],[4.34784,50.87756],[4.34791,50.87756],[4.34795,50.87755],[4.34799,50.87754],[4.34805,50.87752],[4.3481,50.8775],[4.34816,50.87746],[4.34835,50.87734],[4.34837,50.87732],[4.3484,50.87731],[4.34845,50.87729],[4.34848,50.87728],[4.34851,50.87727],[4.34858,50.87727],[4.34864,50.87727],[4.34878,50.87728],[4.3506,50.87752],[4.35103,50.87757],[4.3511,50.87758],[4.3512,50.87759],[4.35131,50.87759],[4.35139,50.87759],[4.35149,50.87758],[4.35238,50.87741],[4.35306,50.87728],[4.35379,50.87714],[4.35431,50.87705],[4.35451,50.877],[4.3547,50.87696],[4.35536,50.87679],[4.35631,50.87654],[4.35676,50.87642],[4.35682,50.87641],[4.35692,50.87639],[4.35694,50.87639],[4.35704,50.87639],[4.35728,50.8764],[4.35738,50.8764],[4.35742,50.8764],[4.35745,50.87639],[4.3575,50.87638],[4.35755,50.87636],[4.35757,50.87635],[4.35761,50.87632],[4.35764,50.87629],[4.35772,50.87618],[4.3578,50.87606],[4.35818,50.87553],[4.3594,50.87381],[4.35946,50.87373],[4.35963,50.8735],[4.35978,50.87329],[4.36048,50.87231],[4.36053,50.87223],[4.36056,50.87219],[4.36059,50.87211],[4.36062,50.87202],[4.36064,50.87195],[4.36066,50.87188],[4.36069,50.87179],[4.36071,50.87174],[4.36076,50.87166],[4.36078,50.87163],[4.36087,50.8715],[4.36095,50.87137],[4.36102,50.87129],[4.36111,50.87116],[4.36119,50.87106],[4.36124,50.87099],[4.36182,50.87018],[4.36204,50.86987],[4.36227,50.86955],[4.36375,50.86747],[4.36512,50.86555],[4.36515,50.86551],[4.36518,50.86547],[4.36548,50.86505],[4.36559,50.86491],[4.36593,50.86443],[4.36594,50.86442],[4.366,50.86435],[4.366,50.86434],[4.36626,50.86398],[4.36634,50.86386],[4.36643,50.86374],[4.3665,50.86364],[4.36666,50.86343],[4.36672,50.86333],[4.36682,50.86319],[4.36687,50.86312],[4.36696,50.863],[4.36699,50.86295],[4.36698,50.86297],[4.36706,50.86286],[4.36711,50.86278],[4.36714,50.8627],[4.36729,50.86219],[4.3674,50.86183],[4.36743,50.86176],[4.36744,50.86174],[4.36746,50.86171],[4.36748,50.86168],[4.36751,50.86166],[4.36754,50.86165],[4.36757,50.86163],[4.36761,50.86162],[4.36766,50.8616],[4.36843,50.86144],[4.36847,50.86143],[4.36889,50.86134],[4.37133,50.8608],[4.37135,50.86079],[4.37218,50.86061],[4.37683,50.85959],[4.37707,50.85954],[4.38195,50.85848],[4.38284,50.85828],[4.3835,50.85814],[4.38357,50.85812],[4.38361,50.85811],[4.38366,50.85808],[4.38369,50.85806],[4.38373,50.85803],[4.38376,50.858],[4.38377,50.85797],[4.3838,50.85791],[4.38381,50.8579],[4.38383,50.85785],[4.38386,50.85781],[4.3839,50.85777],[4.38395,50.85774],[4.38398,50.85772],[4.38401,50.85771],[4.38407,50.85769],[4.38411,50.85768],[4.38418,50.85767],[4.38422,50.85766],[4.38429,50.85766],[4.38433,50.85767],[4.38436,50.85767],[4.38443,50.85769],[4.38446,50.8577],[4.38452,50.85772],[4.38452,50.85772],[4.38467,50.85777],[4.38472,50.85778],[4.38479,50.8578],[4.38483,50.8578],[4.38486,50.8578],[4.38494,50.8578],[4.38501,50.85779],[4.38535,50.85773],[4.38567,50.85766],[4.38729,50.85731],[4.38941,50.85685],[4.39005,50.85671],[4.39014,50.85668],[4.39021,50.85666],[4.39027,50.85664],[4.39033,50.85661],[4.39037,50.85658],[4.39044,50.85653],[4.39051,50.85647],[4.39056,50.85643],[4.39061,50.85641],[4.39066,50.85639],[4.39072,50.85636],[4.39078,50.85635],[4.39126,50.85624],[4.39131,50.85623],[4.39138,50.85622],[4.39144,50.85621],[4.3915,50.85621],[4.39157,50.85622],[4.39164,50.85623],[4.39182,50.85625],[4.39192,50.85626],[4.392,50.85626],[4.39207,50.85626],[4.39214,50.85625],[4.39221,50.85624],[4.39424,50.85581],[4.39625,50.85539],[4.39639,50.85536],[4.39702,50.85523],[4.39702,50.85523],[4.39706,50.85522],[4.39712,50.85521],[4.39726,50.85518],[4.39735,50.85518],[4.39748,50.85517],[4.39755,50.85518],[4.39765,50.85518],[4.39772,50.85519],[4.39781,50.85521],[4.39787,50.85523],[4.39793,50.85524],[4.398,50.85527],[4.39806,50.85529],[4.39812,50.85532],[4.39817,50.85535],[4.39821,50.85537],[4.39824,50.8554],[4.39828,50.85544],[4.3983,50.85547],[4.39832,50.8555],[4.39833,50.85553],[4.39834,50.85556],[4.39833,50.85558],[4.39832,50.85562],[4.3983,50.85567],[4.3983,50.85568],[4.39828,50.85573],[4.39823,50.85583],[4.39817,50.85593],[4.39811,50.85604],[4.39803,50.85617],[4.39795,50.8563],[4.39787,50.85642],[4.39778,50.85657],[4.39771,50.85665],[4.39766,50.85674],[4.39764,50.85676],[4.39761,50.8568],[4.39759,50.85683],[4.39754,50.85689],[4.39752,50.85692],[4.39743,50.85704],[4.39742,50.85706],[4.39742,50.85706],[4.39737,50.85713],[4.39732,50.85722],[4.39729,50.85727],[4.39725,50.85733],[4.39701,50.85763],[4.39698,50.85767],[4.39696,50.85771],[4.39696,50.85773],[4.39696,50.85778],[4.39697,50.85782],[4.397,50.85787],[4.39703,50.8579],[4.39706,50.85792],[4.39711,50.85795],[4.39713,50.85796],[4.39718,50.85798],[4.39726,50.858],[4.39748,50.85803],[4.39769,50.85806],[4.39784,50.85809],[4.39799,50.85812],[4.39811,50.85815],[4.39833,50.85821],[4.39855,50.85828],[4.39869,50.85833],[4.39885,50.85838],[4.39901,50.85844],[4.39906,50.85847],[4.39908,50.85847],[4.3991,50.85848],[4.39912,50.85849],[4.39928,50.85856],[4.39954,50.85869],[4.39973,50.85879],[4.39985,50.85885],[4.39993,50.85889],[4.39998,50.85892],[4.40007,50.85897],[4.40013,50.85901],[4.4002,50.85907],[4.40029,50.85913],[4.40037,50.8592],[4.40063,50.85943],[4.40065,50.85945],[4.40066,50.85946],[4.40073,50.85952],[4.40074,50.85953],[4.40082,50.85961],[4.40095,50.85974],[4.40107,50.85988],[4.4012,50.86003],[4.40128,50.86014],[4.40138,50.86026],[4.40145,50.86037],[4.40153,50.86048],[4.4016,50.86058],[4.40164,50.86064],[4.40172,50.86079],[4.4018,50.86094],[4.40186,50.86107],[4.40192,50.8612],[4.40197,50.86132],[4.40202,50.86146],[4.40207,50.8616],[4.4021,50.86172],[4.40213,50.86185],[4.40217,50.86199],[4.40219,50.86213],[4.4022,50.86222],[4.40221,50.8623],[4.40222,50.86242],[4.40223,50.86253],[4.40223,50.86262],[4.40225,50.86553],[4.40226,50.86571],[4.40228,50.86588],[4.4023,50.86604],[4.40233,50.86617],[4.40235,50.86628],[4.40238,50.86642],[4.40243,50.86656],[4.40246,50.86666],[4.40249,50.86673],[4.4025,50.86678],[4.40256,50.86691],[4.40262,50.86706],[4.40267,50.86715],[4.40271,50.86725],[4.40275,50.86731],[4.40282,50.86744],[4.40288,50.86754],[4.40293,50.86762],[4.40299,50.86772],[4.40309,50.86785],[4.40312,50.86789],[4.40314,50.86792],[4.40324,50.86805],[4.4033,50.86813],[4.40345,50.8683],[4.40585,50.87099],[4.40585,50.87099],[4.4061,50.87126],[4.40665,50.87187],[4.40919,50.87471],[4.40946,50.87501],[4.40961,50.87518],[4.40971,50.87528],[4.40974,50.87531],[4.40975,50.87532],[4.40985,50.87541],[4.40997,50.87551],[4.41001,50.87555],[4.41003,50.87556],[4.41018,50.87567],[4.41019,50.87568],[4.41026,50.87574],[4.41028,50.87575],[4.4104,50.87583],[4.41052,50.87591],[4.41063,50.87598],[4.41071,50.87602],[4.41082,50.87609],[4.41086,50.87611],[4.41087,50.87611],[4.41096,50.87616],[4.4111,50.87623],[4.41134,50.87635],[4.41142,50.87638],[4.41144,50.87639],[4.41152,50.87642],[4.41166,50.87647],[4.41179,50.87652],[4.41199,50.87659],[4.41222,50.87666],[4.41231,50.87669],[4.41243,50.87672],[4.41253,50.87675],[4.41258,50.87677],[4.41272,50.8768],[4.41287,50.87683],[4.41303,50.87686],[4.41315,50.87689],[4.41325,50.8769],[4.41337,50.87692],[4.41355,50.87694],[4.41372,50.87696],[4.41391,50.87697],[4.41426,50.87699],[4.41586,50.87709],[4.41686,50.87716],[4.417,50.87717],[4.41793,50.87723],[4.41819,50.87724],[4.41866,50.87728],[4.41907,50.87731],[4.4213,50.87744],[4.42463,50.87765],[4.42517,50.87768],[4.42762,50.87787],[4.42796,50.87789],[4.42822,50.87792],[4.42854,50.87795],[4.42878,50.87798],[4.42896,50.878],[4.42927,50.87805],[4.42954,50.87809],[4.42985,50.87813],[4.43002,50.87816],[4.43023,50.8782],[4.43035,50.87823],[4.43051,50.87826],[4.43076,50.87831],[4.43091,50.87835],[4.43114,50.87841],[4.43133,50.87845],[4.43135,50.87846],[4.43144,50.87848],[4.43149,50.87849],[4.43154,50.87851],[4.43158,50.87853],[4.43162,50.87855],[4.43168,50.87858],[4.43173,50.87861],[4.43185,50.87871],[4.43191,50.87875],[4.43196,50.87879],[4.43204,50.87883],[4.43209,50.87885],[4.43214,50.87887],[4.43224,50.8789],[4.43248,50.87897],[4.43255,50.87899],[4.43279,50.87907],[4.43338,50.87925],[4.43362,50.87933],[4.43383,50.8794],[4.43406,50.87948],[4.43449,50.87965],[4.4345,50.87965]]}},{"type":"Feature","properties":{"ref":18,"line":"81","color":"4C8B33","mode":"tram","direction":0,"terminus":"MONTGOMERY"},"geometry":{"type":"LineString","coordinates":[[4.35757,50.82499],[4.35817,50.82524],[4.35823,50.82526],[4.35827,50.82527],[4.3583,50.82528],[4.35837,50.82529],[4.35845,50.82529],[4.35856,50.82528],[4.35865,50.82527],[4.35872,50.82528],[4.35875,50.82528],[4.35882,50.82529],[4.35886,50.8253],[4.35892,50.82532],[4.35899,50.82535],[4.35919,50.82543],[4.35926,50.82546],[4.35931,50.82548],[4.35935,50.82549],[4.35938,50.8255],[4.35944,50.82551],[4.35948,50.82553],[4.35954,50.82554],[4.35961,50.82557],[4.36119,50.82623],[4.36168,50.82643],[4.36252,50.82677],[4.363,50.82697],[4.36326,50.82707],[4.36342,50.82714],[4.36356,50.8272],[4.36404,50.82741],[4.36406,50.82742],[4.36414,50.82745],[4.36421,50.82747],[4.36427,50.82749],[4.36432,50.8275],[4.3644,50.82752],[4.36451,50.82753],[4.36466,50.82754],[4.36482,50.82755],[4.36571,50.82758],[4.36729,50.82764],[4.36863,50.82769],[4.36982,50.82774],[4.37019,50.82776],[4.37108,50.82779],[4.37126,50.8278],[4.37134,50.8278],[4.37139,50.82779],[4.37143,50.82778],[4.37149,50.82777],[4.37153,50.82775],[4.37158,50.82772],[4.37161,50.8277],[4.37165,50.82766],[4.37193,50.82734],[4.37193,50.82734],[4.37197,50.8273],[4.37201,50.82726],[4.37204,50.82724],[4.37208,50.82722],[4.37212,50.8272],[4.37219,50.82718],[4.37225,50.82717],[4.3723,50.82717],[4.37235,50.82717],[4.37241,50.82718],[4.37246,50.82719],[4.37251,50.82721],[4.37268,50.82728],[4.37304,50.82742],[4.37331,50.82752],[4.37342,50.82756],[4.37355,50.8276],[4.37369,50.82763],[4.37396,50.82769],[4.37417,50.82773],[4.37434,50.82778],[4.37582,50.82815],[4.3759,50.82817],[4.37596,50.82819],[4.37605,50.82823],[4.37611,50.82826],[4.37617,50.8283],[4.37622,50.82833],[4.37627,50.82836],[4.37629,50.82838],[4.37665,50.82867],[4.37726,50.82916],[4.37728,50.82918],[4.3773,50.82919],[4.37735,50.82923],[4.3774,50.82926],[4.37747,50.8293],[4.37756,50.82934],[4.37762,50.82937],[4.37772,50.8294],[4.37779,50.82942],[4.37789,50.82945],[4.37863,50.82961],[4.37871,50.82963],[4.3788,50.82964],[4.37888,50.82964],[4.37906,50.82964],[4.37911,50.82965],[4.37917,50.82966],[4.37923,50.82967],[4.37929,50.82969],[4.37936,50.82972],[4.37981,50.82996],[4.37983,50.82998],[4.37995,50.83003],[4.38005,50.83007],[4.38014,50.83011],[4.38025,50.83014],[4.38035,50.83016],[4.38042,50.83017],[4.38042,50.83017],[4.3805,50.83019],[4.3806,50.8302],[4.3807,50.8302],[4.3808,50.8302],[4.3809,50.8302],[4.38101,50.83019],[4.3854,50.82979],[4.38555,50.82978],[4.38565,50.82978],[4.38573,50.82977],[4.38583,50.82978],[4.38593,50.82978],[4.38601,50.82979],[4.38605,50.8298],[4.38608,50.8298],[4.38622,50.82983],[4.38663,50.8299],[4.38881,50.83031],[4.38902,50.83035],[4.38984,50.83051],[4.3899,50.83052],[4.38996,50.83054],[4.39002,50.83056],[4.39008,50.83058],[4.39012,50.8306],[4.39017,50.83063],[4.39023,50.83067],[4.39028,50.83072],[4.39036,50.83081],[4.39057,50.83105],[4.39112,50.83169],[4.39207,50.8328],[4.39336,50.8343],[4.39353,50.83451],[4.39443,50.83556],[4.39548,50.83678],[4.39555,50.83687],[4.39562,50.83693],[4.3957,50.83701],[4.39581,50.8371],[4.39591,50.83718],[4.39595,50.83721],[4.39605,50.83728],[4.39612,50.83732],[4.39709,50.83798],[4.39808,50.83866],[4.39827,50.83878],[4.39864,50.83903],[4.39873,50.8391],[4.39886,50.83921],[4.39891,50.83924],[4.39896,50.83927],[4.39903,50.83929],[4.39909,50.83931],[4.39914,50.83932],[4.39919,50.83932],[4.39925,50.83932],[4.39932,50.83932],[4.39939,50.83931],[4.39946,50.8393],[4.39997,50.83919],[4.40053,50.83907],[4.40186,50.8388],[4.40232,50.8387],[4.40435,50.83828],[4.40482,50.83818],[4.40553,50.83803],[4.40557,50.83802],[4.40564,50.83801],[4.40568,50.83801],[4.40572,50.83801],[4.40579,50.83801],[4.40585,50.83802],[4.40588,50.83803],[4.40592,50.83805],[4.40594,50.83806],[4.40597,50.83808],[4.40599,50.8381],[4.40601,50.83812],[4.40603,50.83816],[4.40605,50.8382],[4.40608,50.83829],[4.40611,50.83833],[4.40615,50.83837],[4.40619,50.8384],[4.40626,50.83844],[4.40633,50.83847],[4.40673,50.83861],[4.40769,50.83894],[4.40775,50.83895],[4.40775,50.83895],[4.40779,50.83896],[4.40782,50.83896],[4.40784,50.83896],[4.40789,50.83896],[4.40796,50.83894],[4.40799,50.83893],[4.40803,50.83892],[4.40805,50.83891],[4.4081,50.83887],[4.40812,50.83886],[4.40815,50.83881],[4.40816,50.83877],[4.40817,50.83868],[4.40817,50.83859],[4.40815,50.83846],[4.40814,50.83837],[4.40811,50.83826],[4.40811,50.83825],[4.40811,50.83823],[4.40809,50.83819],[4.40808,50.83817],[4.40806,50.83815],[4.40804,50.83813],[4.40802,50.83811],[4.40799,50.8381],[4.40796,50.83808],[4.40793,50.83807],[4.4079,50.83807],[4.40786,50.83806],[4.40783,50.83806],[4.4078,50.83806],[4.40777,50.83806],[4.40769,50.83807],[4.40762,50.83808],[4.40754,50.83808],[4.40747,50.83808],[4.4074,50.83807],[4.40733,50.83806],[4.40723,50.83804],[4.40714,50.83801],[4.40706,50.83798],[4.407,50.83796],[4.40691,50.83791],[4.4069,50.8379]]}},{"type":"Feature","properties":{"ref":18,"line":"81","color":"4C8B33","mode":"tram","direction":1,"terminus":"TRINITE"},"geometry":{"type":"LineString","coordinates":[[4.40584,50.83798],[4.40559,50.83805],[4.40545,50.83808],[4.40498,50.83818],[4.40435,50.8383],[4.40277,50.83863],[4.40247,50.8387],[4.40112,50.83898],[4.40054,50.8391],[4.39962,50.83929],[4.39947,50.83932],[4.39941,50.83933],[4.39933,50.83935],[4.39926,50.83935],[4.39919,50.83935],[4.39914,50.83935],[4.39907,50.83933],[4.39901,50.83932],[4.39897,50.83931],[4.39893,50.83929],[4.39887,50.83926],[4.39882,50.83922],[4.39865,50.83908],[4.39851,50.83898],[4.39795,50.8386],[4.39604,50.8373],[4.39593,50.83723],[4.39585,50.83717],[4.39578,50.83711],[4.39573,50.83707],[4.39569,50.83704],[4.39565,50.837],[4.3956,50.83696],[4.39552,50.83688],[4.39547,50.83682],[4.39494,50.83621],[4.39421,50.83535],[4.39315,50.83411],[4.39096,50.83155],[4.3903,50.83079],[4.39025,50.83074],[4.39019,50.83069],[4.39014,50.83065],[4.39007,50.83061],[4.38999,50.83058],[4.38992,50.83055],[4.38983,50.83053],[4.38975,50.83051],[4.3892,50.83041],[4.38912,50.8304],[4.38861,50.8303],[4.38726,50.83005],[4.38703,50.83],[4.38667,50.82994],[4.38644,50.8299],[4.38622,50.82986],[4.38616,50.82985],[4.3861,50.82984],[4.38598,50.82982],[4.38589,50.82982],[4.38582,50.82981],[4.38575,50.82981],[4.38563,50.82981],[4.38551,50.82981],[4.38537,50.82982],[4.38147,50.83018],[4.38088,50.83023],[4.38076,50.83024],[4.38067,50.83024],[4.38058,50.83024],[4.38047,50.83023],[4.38042,50.83022],[4.38033,50.83021],[4.38023,50.83019],[4.38013,50.83017],[4.38005,50.83015],[4.37997,50.83011],[4.3799,50.83008],[4.37981,50.83004],[4.37957,50.82991],[4.3793,50.82977],[4.37925,50.82975],[4.37918,50.82972],[4.37911,50.8297],[4.37905,50.82969],[4.37898,50.82968],[4.37881,50.82967],[4.37871,50.82966],[4.37866,50.82965],[4.37785,50.82947],[4.37777,50.82945],[4.37771,50.82943],[4.3776,50.82939],[4.37756,50.82938],[4.37747,50.82934],[4.37739,50.82929],[4.37732,50.82925],[4.37727,50.82922],[4.37723,50.82919],[4.37722,50.82918],[4.37625,50.8284],[4.37622,50.82837],[4.37614,50.82832],[4.37608,50.82828],[4.37602,50.82825],[4.37595,50.82822],[4.37594,50.82822],[4.37587,50.82819],[4.37579,50.82817],[4.3757,50.82815],[4.3752,50.82802],[4.37419,50.82777],[4.37393,50.82771],[4.37359,50.82764],[4.37348,50.82761],[4.37343,50.8276],[4.37336,50.82757],[4.37326,50.82754],[4.37284,50.82737],[4.3727,50.82731],[4.37264,50.82729],[4.3725,50.82724],[4.37245,50.82722],[4.37241,50.82721],[4.37235,50.8272],[4.37229,50.8272],[4.37226,50.82721],[4.37221,50.82722],[4.37217,50.82723],[4.37213,50.82724],[4.3721,50.82726],[4.37207,50.82728],[4.37204,50.82731],[4.37199,50.82736],[4.37198,50.82737],[4.37171,50.82768],[4.37166,50.82773],[4.37165,50.82774],[4.37163,50.82775],[4.37159,50.82777],[4.37154,50.82779],[4.37149,50.82781],[4.37143,50.82782],[4.37137,50.82782],[4.37129,50.82782],[4.37028,50.82778],[4.36975,50.82776],[4.3685,50.82771],[4.36717,50.82766],[4.36648,50.82764],[4.36552,50.8276],[4.36543,50.82759],[4.36468,50.82757],[4.36449,50.82756],[4.36442,50.82755],[4.36434,50.82754],[4.36426,50.82752],[4.3642,50.82751],[4.36412,50.82748],[4.36402,50.82744],[4.36339,50.82717],[4.36316,50.82706],[4.36265,50.82686],[4.3625,50.82679],[4.36235,50.82673],[4.36178,50.8265],[4.36166,50.82645],[4.36058,50.826],[4.35959,50.82559],[4.35919,50.82543],[4.35899,50.82535],[4.35892,50.82532],[4.35886,50.8253],[4.35882,50.82529],[4.35875,50.82528],[4.35872,50.82528],[4.35865,50.82527],[4.35856,50.82528],[4.35845,50.82529],[4.35837,50.82529],[4.3583,50.82528],[4.35827,50.82527],[4.35823,50.82526],[4.35817,50.82524],[4.35757,50.82499]]}},{"type":"Feature","properties":{"ref":19,"line":"82","color":"91BEE7","mode":"tram","direction":0,"terminus":"CARR. STALLE -> DIEWEG"},"geometry":{"type":"LineString","coordinates":[[4.28986,50.87251],[4.28975,50.87244],[4.28971,50.8724],[4.28969,50.87237],[4.28967,50.87233],[4.28966,50.87228],[4.28967,50.87223],[4.28972,50.87216],[4.28976,50.87211],[4.29047,50.8713],[4.29064,50.8711],[4.29135,50.8703],[4.29193,50.86964],[4.29221,50.86931],[4.29305,50.86834],[4.29371,50.86758],[4.29385,50.86743],[4.29404,50.86725],[4.29432,50.867],[4.29456,50.86679],[4.29518,50.86626],[4.29529,50.86616],[4.2958,50.86573],[4.29643,50.8652],[4.29671,50.86496],[4.29693,50.86477],[4.29711,50.86463],[4.29717,50.86459],[4.29732,50.86447],[4.29756,50.8643],[4.29759,50.86427],[4.2976,50.86426],[4.29771,50.86418],[4.29789,50.86404],[4.29796,50.86398],[4.29798,50.86397],[4.29813,50.86386],[4.29908,50.86315],[4.2991,50.86313],[4.29918,50.86308],[4.2992,50.86306],[4.29929,50.86299],[4.29943,50.8629],[4.2995,50.86285],[4.29967,50.86274],[4.29984,50.86264],[4.3,50.86255],[4.3001,50.8625],[4.30011,50.86249],[4.3002,50.86244],[4.30021,50.86243],[4.30031,50.86238],[4.30032,50.86237],[4.30046,50.86231],[4.30066,50.86221],[4.30072,50.86218],[4.30074,50.86218],[4.30088,50.86212],[4.30108,50.86204],[4.30124,50.86198],[4.30142,50.86192],[4.30162,50.86186],[4.30172,50.86183],[4.30183,50.86179],[4.30215,50.86169],[4.30456,50.86092],[4.30539,50.86066],[4.3056,50.86059],[4.30675,50.86023],[4.30688,50.86018],[4.30702,50.86014],[4.30836,50.85971],[4.30883,50.85956],[4.30906,50.85949],[4.30932,50.8594],[4.30952,50.85934],[4.30966,50.8593],[4.30978,50.85927],[4.3099,50.85925],[4.31126,50.85903],[4.31144,50.859],[4.31163,50.85896],[4.31184,50.85892],[4.31205,50.85887],[4.31223,50.85883],[4.31238,50.85881],[4.3125,50.85879],[4.31326,50.85866],[4.31341,50.85864],[4.31424,50.8585],[4.31505,50.85837],[4.31532,50.85833],[4.31556,50.85829],[4.31597,50.85824],[4.31629,50.85819],[4.31804,50.85791],[4.31811,50.85789],[4.31817,50.85787],[4.31822,50.85785],[4.31826,50.85783],[4.31829,50.8578],[4.31831,50.85778],[4.31833,50.85775],[4.31834,50.85771],[4.31834,50.85767],[4.31834,50.85764],[4.31833,50.85762],[4.3183,50.85757],[4.31827,50.85754],[4.31787,50.85713],[4.31768,50.85695],[4.31742,50.85668],[4.31649,50.85575],[4.31589,50.85513],[4.31587,50.85511],[4.31586,50.85509],[4.31584,50.85505],[4.31583,50.85503],[4.31583,50.85501],[4.31584,50.85496],[4.31588,50.85484],[4.31596,50.85461],[4.31597,50.85458],[4.31621,50.85389],[4.31625,50.85378],[4.31671,50.85245],[4.31687,50.85201],[4.31689,50.85192],[4.31691,50.85183],[4.31691,50.85175],[4.31691,50.85174],[4.31691,50.85169],[4.3169,50.85155],[4.31688,50.85146],[4.31686,50.85137],[4.3168,50.85124],[4.31678,50.85116],[4.31677,50.85111],[4.31677,50.85107],[4.31677,50.85103],[4.31677,50.85098],[4.31679,50.85094],[4.3168,50.8509],[4.31684,50.85081],[4.31687,50.85077],[4.3169,50.85073],[4.31693,50.85069],[4.31697,50.85066],[4.31701,50.85062],[4.31705,50.85059],[4.3171,50.85055],[4.31721,50.8505],[4.3177,50.85024],[4.31869,50.84973],[4.31919,50.84948],[4.32013,50.849],[4.32035,50.84888],[4.32041,50.84886],[4.32048,50.84883],[4.32055,50.84881],[4.32062,50.8488],[4.3207,50.84879],[4.32078,50.84878],[4.32085,50.84878],[4.32103,50.84879],[4.3217,50.84885],[4.32171,50.84885],[4.32172,50.84885],[4.32196,50.84887],[4.32215,50.84887],[4.32247,50.84888],[4.32264,50.84889],[4.32281,50.8489],[4.32515,50.8491],[4.32529,50.84911],[4.32602,50.84917],[4.32906,50.84943],[4.32921,50.84944],[4.32937,50.84946],[4.32939,50.84946],[4.3297,50.8495],[4.32991,50.84952],[4.33026,50.84956],[4.33324,50.8498],[4.3336,50.84983],[4.3339,50.84987],[4.3342,50.84991],[4.33458,50.84997],[4.33491,50.85001],[4.33499,50.85002],[4.33503,50.85003],[4.33512,50.85003],[4.33523,50.85003],[4.33533,50.85001],[4.33543,50.84999],[4.33557,50.84994],[4.3358,50.84987],[4.33596,50.84983],[4.33611,50.84979],[4.33729,50.84953],[4.33739,50.84951],[4.33738,50.84951],[4.33745,50.84949],[4.33753,50.84946],[4.33758,50.84943],[4.33761,50.8494],[4.33764,50.84935],[4.33764,50.84935],[4.33765,50.84929],[4.33764,50.84922],[4.3376,50.84915],[4.33755,50.84904],[4.33753,50.84894],[4.33751,50.84883],[4.33752,50.8487],[4.33755,50.84848],[4.33758,50.84835],[4.33763,50.84818],[4.3377,50.84801],[4.33782,50.8478],[4.33793,50.84761],[4.33795,50.84758],[4.33805,50.84741],[4.33813,50.84724],[4.33822,50.84702],[4.33864,50.84586],[4.33905,50.84474],[4.33916,50.84443],[4.33921,50.84428],[4.33935,50.84391],[4.34013,50.84172],[4.34014,50.84169],[4.34019,50.84155],[4.34026,50.84125],[4.34029,50.84114],[4.34032,50.84104],[4.34033,50.84102],[4.34033,50.84102],[4.34051,50.84053],[4.34068,50.84005],[4.34069,50.84002],[4.34073,50.83992],[4.34074,50.83988],[4.34073,50.83984],[4.34072,50.8398],[4.34071,50.83978],[4.34069,50.83975],[4.34066,50.83972],[4.34063,50.83969],[4.34047,50.83953],[4.34013,50.8392],[4.33992,50.839],[4.33977,50.83886],[4.33971,50.83881],[4.33963,50.83873],[4.33955,50.83868],[4.33946,50.83862],[4.33914,50.8384],[4.33883,50.83821],[4.3387,50.83812],[4.33865,50.83809],[4.33861,50.83806],[4.33857,50.83804],[4.33855,50.83802],[4.33854,50.838],[4.33853,50.83799],[4.33851,50.83796],[4.3385,50.83793],[4.33849,50.83788],[4.33848,50.83781],[4.33846,50.83776],[4.33845,50.83774],[4.33843,50.83771],[4.3384,50.83769],[4.33837,50.83767],[4.3383,50.83763],[4.33767,50.83736],[4.33757,50.83732],[4.33748,50.83729],[4.3373,50.83723],[4.33725,50.83721],[4.33721,50.83718],[4.33718,50.83716],[4.33716,50.83713],[4.33714,50.83711],[4.33713,50.83708],[4.33713,50.83705],[4.33713,50.83701],[4.33714,50.83698],[4.33716,50.83695],[4.33718,50.83691],[4.33722,50.83689],[4.33727,50.83686],[4.33796,50.8365],[4.33796,50.8365],[4.33802,50.83647],[4.33808,50.83643],[4.33812,50.8364],[4.33817,50.83635],[4.3382,50.83632],[4.33823,50.83627],[4.33825,50.83622],[4.33826,50.83618],[4.33826,50.83613],[4.33826,50.83608],[4.33826,50.83606],[4.33824,50.83602],[4.33823,50.83598],[4.33819,50.83593],[4.33815,50.83589],[4.33809,50.83583],[4.33805,50.8358],[4.33804,50.83579],[4.33652,50.8346],[4.33641,50.83452],[4.3364,50.83451],[4.33625,50.83439],[4.33624,50.83438],[4.33611,50.83428],[4.33604,50.83423],[4.33592,50.83413],[4.33582,50.83405],[4.33575,50.834],[4.33556,50.83384],[4.33553,50.83382],[4.33496,50.83338],[4.33438,50.83292],[4.33375,50.83243],[4.33345,50.83219],[4.33326,50.83205],[4.33308,50.83191],[4.33278,50.83169],[4.33275,50.83166],[4.33232,50.83134],[4.33227,50.83129],[4.33211,50.83116],[4.33203,50.83111],[4.33171,50.83085],[4.32998,50.8295],[4.32934,50.829],[4.32926,50.82893],[4.32925,50.82893],[4.32913,50.82883],[4.32895,50.82867],[4.32884,50.82858],[4.32854,50.82835],[4.32834,50.82819],[4.32824,50.8281],[4.32815,50.82802],[4.32798,50.82786],[4.32776,50.82764],[4.32768,50.82755],[4.3275,50.82735],[4.32737,50.82719],[4.32724,50.82703],[4.32715,50.8269],[4.32709,50.82683],[4.32696,50.82662],[4.32685,50.82646],[4.32678,50.82633],[4.32667,50.82612],[4.32658,50.82592],[4.32657,50.82591],[4.32649,50.82573],[4.32643,50.82556],[4.32636,50.82534],[4.32631,50.82516],[4.32628,50.82502],[4.32626,50.82489],[4.32621,50.82458],[4.3262,50.82447],[4.32613,50.82393],[4.32609,50.82368],[4.32598,50.82279],[4.32596,50.82269],[4.32592,50.82253],[4.3259,50.82239],[4.32555,50.81957],[4.32547,50.81898],[4.32525,50.81716],[4.32501,50.81527],[4.32489,50.81426],[4.32487,50.81411],[4.32487,50.81402],[4.32486,50.81389],[4.32485,50.81374],[4.32484,50.81362],[4.32484,50.8136],[4.32483,50.81355],[4.32482,50.81351],[4.32479,50.81347],[4.32477,50.81344],[4.32474,50.81342],[4.3247,50.81339],[4.3246,50.81333],[4.32454,50.8133],[4.32449,50.81326],[4.32444,50.81322],[4.32441,50.8132],[4.32433,50.81311],[4.3243,50.81307],[4.32427,50.81305],[4.32423,50.81302],[4.32421,50.81301],[4.32415,50.81298],[4.3241,50.81296],[4.32404,50.81293],[4.32396,50.81291],[4.32386,50.81289],[4.3238,50.81287],[4.32373,50.81286],[4.32365,50.81286],[4.32356,50.81286],[4.32345,50.81287],[4.32275,50.81294],[4.32269,50.81294],[4.32266,50.81294],[4.32257,50.81295],[4.32246,50.81294],[4.32236,50.81293],[4.32231,50.81292],[4.32228,50.81292],[4.32213,50.8129],[4.32204,50.81288],[4.32195,50.81286],[4.32187,50.81284],[4.32159,50.81274],[4.32137,50.81266],[4.32122,50.8126],[4.32104,50.81253],[4.32086,50.81247],[4.32063,50.81239],[4.31913,50.81189],[4.31906,50.81187],[4.31899,50.81183],[4.31894,50.81181],[4.31891,50.81179],[4.31887,50.81175],[4.31885,50.81174],[4.31883,50.81172],[4.31878,50.81166],[4.31831,50.81114],[4.31819,50.81099],[4.31813,50.81091],[4.31803,50.81076],[4.31782,50.81042],[4.31773,50.81028],[4.31767,50.81018],[4.31765,50.81013],[4.31762,50.81003],[4.31755,50.80968],[4.31754,50.80966],[4.31754,50.80963],[4.31752,50.80959],[4.3175,50.80954],[4.31745,50.80945],[4.31738,50.80936],[4.31731,50.80929],[4.3171,50.80907],[4.31704,50.80901],[4.31699,50.80894],[4.31695,50.80888],[4.31691,50.80881],[4.3167,50.80837],[4.31668,50.80833],[4.31665,50.80828],[4.31659,50.80822],[4.31644,50.80807],[4.31635,50.808],[4.31623,50.80791],[4.31454,50.80673],[4.31449,50.8067],[4.31385,50.80625],[4.31378,50.8062],[4.31373,50.80615],[4.31368,50.8061],[4.31365,50.80606],[4.31362,50.806],[4.31357,50.8059],[4.31327,50.80521],[4.31325,50.80515],[4.31323,50.80509],[4.31323,50.80505],[4.31323,50.80498],[4.31324,50.80494],[4.31325,50.80488],[4.31327,50.80484],[4.31328,50.80481],[4.3133,50.80477],[4.31334,50.80472],[4.31339,50.80467],[4.31415,50.80391],[4.31426,50.8038],[4.31434,50.80372],[4.31459,50.80344],[4.31466,50.80336],[4.31472,50.8033],[4.31479,50.80323],[4.31488,50.80315],[4.31498,50.80306],[4.31507,50.80299],[4.3151,50.80296],[4.31519,50.8029],[4.3153,50.80282],[4.31551,50.80268],[4.31585,50.80245],[4.31592,50.80241],[4.31685,50.80179],[4.3169,50.80175],[4.31695,50.80172],[4.31699,50.80168],[4.31703,50.80164],[4.31706,50.80159],[4.31714,50.80146],[4.31758,50.8007],[4.31761,50.80066],[4.31763,50.80062],[4.31767,50.80058],[4.31773,50.80052],[4.31778,50.80048],[4.31784,50.80044],[4.31791,50.8004],[4.31801,50.80035],[4.31829,50.80022],[4.3184,50.80017],[4.3185,50.80011],[4.3186,50.80006],[4.31869,50.8],[4.31879,50.79993],[4.31888,50.79985],[4.31892,50.79982],[4.319,50.79973],[4.31906,50.79965],[4.31917,50.79948],[4.31923,50.79939],[4.31927,50.79933],[4.31931,50.79924],[4.31935,50.79912],[4.31937,50.79903],[4.31942,50.79871],[4.31943,50.79865],[4.31944,50.79861],[4.31948,50.79849],[4.31951,50.7984],[4.31957,50.79827],[4.31962,50.79818],[4.31969,50.79806],[4.31978,50.79794],[4.31985,50.79785],[4.31992,50.79778],[4.32003,50.79766],[4.32012,50.79759],[4.32021,50.79752],[4.32031,50.79745],[4.32036,50.79742],[4.32057,50.79729],[4.32066,50.79723],[4.32071,50.79719],[4.32079,50.79712],[4.32083,50.79709],[4.32089,50.79701],[4.32092,50.79697],[4.32097,50.79689],[4.32101,50.79681],[4.32103,50.79676],[4.32111,50.79656],[4.32115,50.79645],[4.32118,50.79637],[4.32118,50.79635],[4.32121,50.79628],[4.32126,50.79615],[4.32128,50.79611],[4.3213,50.79608],[4.32133,50.79606],[4.32136,50.79604],[4.3214,50.79602],[4.32146,50.796],[4.32152,50.79599],[4.32158,50.79599],[4.32166,50.796],[4.32187,50.79604],[4.32188,50.79604],[4.32213,50.79608],[4.32314,50.79626],[4.32324,50.79628],[4.32333,50.79629],[4.32341,50.7963],[4.32355,50.7963],[4.32364,50.79629],[4.32377,50.79628],[4.32419,50.79622],[4.32428,50.79621],[4.32449,50.79619],[4.32466,50.79618],[4.32487,50.79617],[4.32501,50.79616],[4.32523,50.79616],[4.32545,50.79616],[4.32566,50.79617],[4.32685,50.79623],[4.3273,50.79626],[4.32741,50.79626],[4.32749,50.79627],[4.32757,50.79628],[4.32766,50.7963],[4.32774,50.79631],[4.32783,50.79633],[4.32793,50.79636],[4.32833,50.79648],[4.32877,50.79662],[4.32902,50.79669],[4.32918,50.79675],[4.32937,50.7968],[4.32947,50.79683],[4.33007,50.79702],[4.33024,50.79707],[4.33035,50.7971],[4.33048,50.79713],[4.3307,50.79716],[4.33082,50.79717],[4.33092,50.79719],[4.33099,50.7972],[4.3311,50.79723],[4.33116,50.79725],[4.33123,50.79727],[4.33129,50.7973],[4.33138,50.79736],[4.33163,50.79753],[4.33235,50.79802],[4.3326,50.7982],[4.33272,50.79829],[4.33281,50.79836],[4.33293,50.79848],[4.33298,50.79853],[4.33303,50.79857],[4.33308,50.79862],[4.33316,50.79866],[4.33331,50.79875],[4.33358,50.79889],[4.33368,50.79895],[4.33378,50.79901],[4.33395,50.79914],[4.33427,50.79937],[4.33436,50.79943],[4.33463,50.79959],[4.33477,50.79966],[4.33485,50.7997],[4.33498,50.79975],[4.33508,50.79979],[4.33524,50.79983],[4.33576,50.79997],[4.33591,50.80002],[4.33607,50.80007],[4.33622,50.80013],[4.3364,50.8002],[4.33676,50.80036],[4.337,50.80045],[4.33758,50.80069],[4.3376,50.8007],[4.33801,50.80088],[4.33819,50.80095],[4.33943,50.80146],[4.33948,50.80148],[4.33976,50.80159],[4.33977,50.8016],[4.33998,50.80168],[4.34006,50.80172],[4.34013,50.80174],[4.34017,50.80174],[4.34021,50.80175],[4.34026,50.80175],[4.3403,50.80174],[4.34034,50.80173],[4.34039,50.80172],[4.34041,50.80171],[4.34044,50.80169],[4.34047,50.80167],[4.34049,50.80164],[4.34053,50.80158],[4.34054,50.80156],[4.34061,50.80144],[4.34095,50.80082],[4.34104,50.80067],[4.34109,50.8006],[4.34116,50.80047],[4.34123,50.80037],[4.34133,50.80022],[4.34139,50.80015],[4.34144,50.80008],[4.34176,50.79966],[4.34192,50.79946],[4.34204,50.79931],[4.34222,50.79911],[4.34239,50.79892],[4.34243,50.79887],[4.34249,50.79881],[4.34263,50.79867],[4.34278,50.79852],[4.34288,50.79842],[4.34299,50.79831],[4.343,50.7983],[4.34309,50.79822],[4.34321,50.79812],[4.34335,50.798],[4.34339,50.79797],[4.34343,50.79793],[4.34351,50.79788],[4.34359,50.79783],[4.34371,50.79776],[4.34379,50.79771],[4.34391,50.79765],[4.34405,50.79758],[4.34425,50.79749],[4.34438,50.79743],[4.34441,50.79741],[4.34443,50.79741],[4.34459,50.79734],[4.3446,50.79733],[4.34615,50.79672],[4.34649,50.79658],[4.34665,50.79652],[4.34673,50.79649],[4.34682,50.79646],[4.34713,50.79637],[4.34719,50.79635],[4.34725,50.79634],[4.34734,50.79632],[4.34739,50.79632],[4.34744,50.79632],[4.3475,50.79632],[4.34755,50.79634],[4.3476,50.79635],[4.34811,50.79652]]}},{"type":"Feature","properties":{"ref":19,"line":"82","color":"91BEE7","mode":"tram","direction":1,"terminus":"GARE DE BERCHEM"},"geometry":{"type":"LineString","coordinates":[[4.34759,50.79635],[4.34755,50.79634],[4.3475,50.79632],[4.34744,50.79632],[4.34739,50.79632],[4.34734,50.79632],[4.34725,50.79634],[4.34719,50.79635],[4.34713,50.79637],[4.34704,50.7964],[4.34694,50.79644],[4.34692,50.79644],[4.34631,50.79669],[4.34616,50.79675],[4.34463,50.79736],[4.34454,50.79739],[4.34452,50.7974],[4.34439,50.79746],[4.34424,50.79753],[4.3441,50.79759],[4.34394,50.79767],[4.34393,50.79767],[4.34383,50.79772],[4.34377,50.79776],[4.34371,50.7978],[4.34359,50.79787],[4.34348,50.79795],[4.34345,50.79797],[4.34343,50.79798],[4.34331,50.79808],[4.34318,50.79819],[4.34306,50.7983],[4.34301,50.79835],[4.34295,50.7984],[4.34294,50.79841],[4.34285,50.7985],[4.34283,50.79852],[4.34268,50.79867],[4.34257,50.79878],[4.34245,50.7989],[4.34233,50.79904],[4.3422,50.79919],[4.34205,50.79936],[4.34201,50.7994],[4.34196,50.79947],[4.34184,50.79962],[4.3415,50.80005],[4.34142,50.80017],[4.34131,50.80033],[4.34127,50.80038],[4.3412,50.80049],[4.34112,50.80062],[4.34106,50.80074],[4.34082,50.80116],[4.34067,50.80142],[4.34058,50.80158],[4.34058,50.80159],[4.34055,50.80164],[4.34053,50.80167],[4.34049,50.80171],[4.34045,50.80173],[4.3404,50.80176],[4.34035,50.80177],[4.34031,50.80178],[4.34026,50.80178],[4.34021,50.80178],[4.34016,50.80177],[4.34011,50.80176],[4.34006,50.80175],[4.33996,50.80171],[4.33981,50.80165],[4.33976,50.80163],[4.33932,50.80145],[4.33777,50.80081],[4.33767,50.80077],[4.33757,50.80072],[4.33712,50.80054],[4.33688,50.80044],[4.33674,50.80038],[4.33629,50.80018],[4.33611,50.80012],[4.33594,50.80006],[4.33573,50.8],[4.33531,50.79988],[4.33508,50.79981],[4.33497,50.79978],[4.33489,50.79975],[4.3348,50.79971],[4.3347,50.79966],[4.33449,50.79954],[4.3343,50.79942],[4.33404,50.79924],[4.33382,50.79908],[4.33371,50.799],[4.33362,50.79895],[4.33354,50.7989],[4.33317,50.7987],[4.33306,50.79864],[4.333,50.79859],[4.33292,50.79853],[4.33287,50.79848],[4.33282,50.79842],[4.33274,50.79834],[4.3327,50.79831],[4.33256,50.79821],[4.33204,50.79785],[4.3314,50.7974],[4.3313,50.79734],[4.33125,50.79732],[4.33121,50.7973],[4.33116,50.79728],[4.33109,50.79725],[4.33105,50.79724],[4.33099,50.79723],[4.33092,50.79721],[4.33085,50.7972],[4.33053,50.79716],[4.33043,50.79715],[4.33034,50.79713],[4.33025,50.79711],[4.32972,50.79694],[4.32918,50.79678],[4.32905,50.79674],[4.32889,50.79669],[4.32843,50.79655],[4.32795,50.7964],[4.32786,50.79637],[4.32778,50.79635],[4.32772,50.79633],[4.32766,50.79632],[4.32758,50.79631],[4.32749,50.7963],[4.32739,50.79629],[4.32725,50.79628],[4.32623,50.79623],[4.32566,50.7962],[4.32544,50.79619],[4.32523,50.79618],[4.32509,50.79618],[4.32483,50.79619],[4.32466,50.79621],[4.32449,50.79622],[4.32434,50.79624],[4.32376,50.79631],[4.32368,50.79632],[4.32357,50.79633],[4.32346,50.79633],[4.32338,50.79633],[4.32329,50.79632],[4.3232,50.79631],[4.32306,50.79628],[4.32248,50.79618],[4.32201,50.79609],[4.32178,50.79605],[4.32164,50.79603],[4.32159,50.79603],[4.32154,50.79603],[4.32151,50.79603],[4.32146,50.79604],[4.32143,50.79606],[4.32139,50.79607],[4.32137,50.79609],[4.32133,50.79612],[4.32131,50.79616],[4.32128,50.79621],[4.32128,50.79623],[4.32125,50.79629],[4.32118,50.79651],[4.32108,50.79674],[4.32105,50.79682],[4.32104,50.79686],[4.32099,50.79694],[4.32093,50.79702],[4.32086,50.7971],[4.32078,50.79718],[4.32069,50.79724],[4.32064,50.79728],[4.32039,50.79743],[4.3203,50.79749],[4.32024,50.79754],[4.32014,50.79762],[4.32003,50.79771],[4.31996,50.79779],[4.31985,50.79791],[4.31975,50.79803],[4.31968,50.79815],[4.31961,50.79827],[4.31957,50.79836],[4.31954,50.79845],[4.31951,50.79852],[4.31948,50.79864],[4.31945,50.79881],[4.31941,50.79903],[4.3194,50.79908],[4.31939,50.79912],[4.31938,50.79917],[4.31935,50.79926],[4.3193,50.79934],[4.31925,50.79943],[4.31913,50.79962],[4.31907,50.7997],[4.31899,50.79979],[4.31896,50.79982],[4.31891,50.79987],[4.31882,50.79995],[4.31873,50.80001],[4.31858,50.80011],[4.31848,50.80016],[4.31831,50.80025],[4.31803,50.80037],[4.31794,50.80042],[4.31787,50.80046],[4.31781,50.8005],[4.31777,50.80053],[4.31774,50.80056],[4.31771,50.8006],[4.31768,50.80063],[4.31762,50.80071],[4.31713,50.80156],[4.31711,50.8016],[4.31707,50.80165],[4.31704,50.80169],[4.31699,50.80174],[4.31694,50.80177],[4.3168,50.80187],[4.31562,50.80266],[4.31534,50.80284],[4.31526,50.80289],[4.31519,50.80294],[4.31514,50.80298],[4.3151,50.80301],[4.31501,50.80308],[4.3149,50.80318],[4.31482,50.80325],[4.31481,50.80326],[4.31471,50.80336],[4.3146,50.80348],[4.3145,50.80359],[4.31441,50.80369],[4.31433,50.80378],[4.31428,50.80383],[4.31399,50.80412],[4.31344,50.80467],[4.31338,50.80473],[4.31335,50.80477],[4.31333,50.8048],[4.31331,50.80485],[4.31329,50.8049],[4.31327,50.80496],[4.31327,50.805],[4.31327,50.80507],[4.31329,50.80514],[4.3133,50.80517],[4.31333,50.80525],[4.31364,50.80596],[4.31366,50.806],[4.3137,50.80606],[4.31376,50.80613],[4.31382,50.80619],[4.31391,50.80625],[4.31448,50.80665],[4.3147,50.80681],[4.31632,50.80793],[4.3164,50.80799],[4.31646,50.80805],[4.3166,50.80818],[4.31665,50.80823],[4.3167,50.80829],[4.31673,50.80835],[4.31678,50.80845],[4.31696,50.80883],[4.317,50.80889],[4.31704,50.80895],[4.31709,50.80901],[4.31716,50.80909],[4.31739,50.80931],[4.31742,50.80935],[4.31749,50.80944],[4.31752,50.80949],[4.31754,50.80953],[4.31757,50.80957],[4.31758,50.80962],[4.3176,50.80968],[4.31768,50.81009],[4.3177,50.81014],[4.31773,50.81019],[4.31774,50.81022],[4.31791,50.81049],[4.31796,50.81057],[4.31812,50.81083],[4.31823,50.81098],[4.31835,50.81113],[4.31857,50.81137],[4.31872,50.81155],[4.31883,50.81167],[4.31887,50.81171],[4.31889,50.81173],[4.31893,50.81176],[4.31896,50.81178],[4.31903,50.81182],[4.31907,50.81184],[4.31916,50.81187],[4.32082,50.81242],[4.32102,50.81249],[4.32118,50.81255],[4.3214,50.81264],[4.3215,50.81268],[4.32163,50.81273],[4.32185,50.8128],[4.32193,50.81283],[4.32201,50.81285],[4.3221,50.81287],[4.3222,50.81288],[4.32237,50.8129],[4.32245,50.81291],[4.32254,50.81291],[4.32264,50.81291],[4.32275,50.81291],[4.32291,50.81289],[4.32351,50.81283],[4.32358,50.81283],[4.32367,50.81283],[4.32373,50.81283],[4.32382,50.81284],[4.3239,50.81286],[4.32397,50.81288],[4.32403,50.8129],[4.32412,50.81293],[4.32418,50.81296],[4.32423,50.81298],[4.32429,50.81302],[4.32433,50.81305],[4.32435,50.81307],[4.32436,50.81308],[4.32443,50.81315],[4.32445,50.81318],[4.3245,50.81322],[4.32454,50.81326],[4.32459,50.81329],[4.32474,50.81337],[4.32477,50.81339],[4.32482,50.81343],[4.32484,50.81346],[4.32486,50.81349],[4.32487,50.81354],[4.32488,50.81359],[4.32493,50.814],[4.32494,50.81403],[4.32497,50.81424],[4.32499,50.81438],[4.32501,50.81455],[4.32515,50.81559],[4.32537,50.81737],[4.32577,50.82055],[4.32578,50.82068],[4.32601,50.82246],[4.32601,50.82255],[4.32601,50.82275],[4.32602,50.82283],[4.32609,50.82335],[4.32611,50.82349],[4.32615,50.82367],[4.32617,50.82384],[4.32618,50.82392],[4.32626,50.82453],[4.32631,50.82488],[4.32632,50.82496],[4.32635,50.82512],[4.32638,50.82524],[4.32641,50.82537],[4.32644,50.82546],[4.3265,50.82563],[4.32657,50.82581],[4.32665,50.82598],[4.32673,50.82615],[4.32684,50.82636],[4.32695,50.82653],[4.32705,50.8267],[4.32716,50.82686],[4.32725,50.82698],[4.32737,50.82714],[4.32747,50.82726],[4.32748,50.82728],[4.32759,50.8274],[4.32775,50.82758],[4.32782,50.82764],[4.32785,50.82768],[4.32798,50.8278],[4.32809,50.82791],[4.32818,50.828],[4.32832,50.82812],[4.3285,50.82827],[4.32854,50.82831],[4.32865,50.82839],[4.32891,50.8286],[4.32905,50.82872],[4.32927,50.8289],[4.32935,50.82896],[4.32943,50.82903],[4.33001,50.82948],[4.3307,50.83002],[4.33206,50.83108],[4.33214,50.83115],[4.33275,50.83162],[4.33284,50.83169],[4.33293,50.83175],[4.33312,50.83189],[4.3333,50.83203],[4.33352,50.8322],[4.33409,50.83266],[4.33578,50.83397],[4.3358,50.83399],[4.33581,50.834],[4.33595,50.83411],[4.33596,50.83412],[4.3361,50.83423],[4.33612,50.83424],[4.33617,50.83428],[4.33803,50.83574],[4.33813,50.83582],[4.33819,50.83587],[4.33821,50.83588],[4.33824,50.83592],[4.33828,50.83597],[4.3383,50.83601],[4.33831,50.83604],[4.33832,50.83609],[4.33833,50.83611],[4.33833,50.83613],[4.33832,50.83614],[4.33832,50.83619],[4.33831,50.83623],[4.33829,50.83627],[4.33825,50.83633],[4.33822,50.83636],[4.33819,50.8364],[4.33814,50.83643],[4.33807,50.83647],[4.338,50.83651],[4.33789,50.83657],[4.33741,50.83682],[4.33735,50.83684],[4.3373,50.83688],[4.33726,50.8369],[4.33723,50.83693],[4.3372,50.83695],[4.33719,50.83698],[4.33718,50.83701],[4.33717,50.83703],[4.33718,50.83706],[4.33718,50.83709],[4.3372,50.83712],[4.33723,50.83715],[4.33725,50.83716],[4.33729,50.83719],[4.33735,50.83722],[4.33746,50.83725],[4.33758,50.8373],[4.33771,50.83735],[4.33838,50.83764],[4.33842,50.83766],[4.33846,50.83768],[4.33849,50.83772],[4.3385,50.83774],[4.33852,50.83779],[4.33853,50.83789],[4.33855,50.83793],[4.33856,50.83796],[4.33858,50.83798],[4.33861,50.83801],[4.33864,50.83804],[4.33871,50.83809],[4.33884,50.83817],[4.33894,50.83823],[4.33907,50.83832],[4.33934,50.83849],[4.33948,50.83858],[4.33953,50.83862],[4.33961,50.83867],[4.33968,50.83873],[4.33974,50.83878],[4.33977,50.83881],[4.33979,50.83882],[4.34013,50.83915],[4.34042,50.83944],[4.34048,50.8395],[4.3407,50.83971],[4.34074,50.83975],[4.34077,50.83979],[4.34078,50.83982],[4.34079,50.83984],[4.34079,50.83988],[4.34077,50.83993],[4.34064,50.84029],[4.34061,50.84038],[4.34061,50.84038],[4.34044,50.84083],[4.34037,50.84103],[4.34035,50.84108],[4.34032,50.84119],[4.34029,50.84129],[4.34024,50.84151],[4.34022,50.8416],[4.34019,50.84169],[4.34016,50.84177],[4.33917,50.84452],[4.33886,50.84537],[4.33857,50.84617],[4.33826,50.84703],[4.33818,50.84725],[4.33809,50.84742],[4.338,50.84759],[4.33786,50.84781],[4.33776,50.84799],[4.33774,50.84803],[4.33768,50.84819],[4.33763,50.84834],[4.3376,50.84849],[4.33756,50.8487],[4.33756,50.84882],[4.33757,50.84894],[4.3376,50.84904],[4.33765,50.84914],[4.33769,50.84922],[4.3377,50.84929],[4.3377,50.84933],[4.33769,50.84937],[4.33765,50.84942],[4.33761,50.84946],[4.33755,50.84949],[4.33747,50.84953],[4.3374,50.84954],[4.33731,50.84956],[4.33665,50.84971],[4.33605,50.84984],[4.33588,50.84987],[4.33576,50.84991],[4.33551,50.85],[4.33537,50.85004],[4.33524,50.85007],[4.33509,50.85007],[4.33493,50.85005],[4.33458,50.85],[4.33436,50.84997],[4.33411,50.84993],[4.33374,50.84988],[4.33347,50.84985],[4.33323,50.84983],[4.33262,50.84978],[4.32989,50.84955],[4.32975,50.84954],[4.32961,50.84952],[4.3296,50.84952],[4.32923,50.84947],[4.32902,50.84945],[4.32764,50.84933],[4.32557,50.84916],[4.32527,50.84913],[4.32273,50.84892],[4.32259,50.84891],[4.32245,50.84891],[4.32215,50.8489],[4.322,50.8489],[4.32175,50.84888],[4.32143,50.84886],[4.32099,50.84882],[4.32097,50.84882],[4.32092,50.84881],[4.32085,50.84881],[4.32078,50.84881],[4.32071,50.84882],[4.32064,50.84883],[4.32057,50.84884],[4.3205,50.84886],[4.32044,50.84888],[4.32035,50.84892],[4.31989,50.84916],[4.31942,50.8494],[4.31829,50.84998],[4.31749,50.8504],[4.31719,50.85055],[4.3171,50.85061],[4.31705,50.85064],[4.31701,50.85068],[4.31698,50.85071],[4.31694,50.85075],[4.31692,50.85078],[4.31689,50.85082],[4.31687,50.85086],[4.31685,50.8509],[4.31684,50.85094],[4.31683,50.85099],[4.31682,50.85107],[4.31683,50.85115],[4.31686,50.85124],[4.31691,50.85137],[4.31693,50.85146],[4.31695,50.85155],[4.31696,50.8516],[4.31697,50.85169],[4.31697,50.85174],[4.31696,50.85183],[4.31694,50.85192],[4.31692,50.85201],[4.31692,50.85202],[4.31678,50.85241],[4.31622,50.85402],[4.31614,50.85423],[4.31598,50.85469],[4.3159,50.85493],[4.31589,50.85497],[4.31589,50.85501],[4.3159,50.85505],[4.3159,50.85507],[4.31593,50.85511],[4.31601,50.8552],[4.31607,50.85526],[4.31642,50.85561],[4.31664,50.85583],[4.31803,50.85723],[4.31833,50.85753],[4.31836,50.85757],[4.31838,50.85761],[4.3184,50.85764],[4.3184,50.85768],[4.3184,50.85771],[4.31838,50.85776],[4.31836,50.8578],[4.31833,50.85783],[4.31829,50.85786],[4.31825,50.85788],[4.31821,50.8579],[4.31817,50.85791],[4.31811,50.85793],[4.31804,50.85794],[4.31656,50.85818],[4.31644,50.8582],[4.31617,50.85824],[4.31601,50.85826],[4.3158,50.85829],[4.3155,50.85833],[4.31524,50.85837],[4.3152,50.85838],[4.31494,50.85842],[4.31417,50.85854],[4.31375,50.85861],[4.31343,50.85867],[4.31248,50.85882],[4.31228,50.85886],[4.31216,50.85888],[4.31197,50.85892],[4.31172,50.85897],[4.31152,50.85901],[4.31139,50.85904],[4.3112,50.85907],[4.30994,50.85928],[4.3098,50.8593],[4.30978,50.85931],[4.30969,50.85933],[4.30955,50.85936],[4.30941,50.85941],[4.30925,50.85946],[4.30695,50.8602],[4.30677,50.86026],[4.30565,50.86061],[4.30539,50.86069],[4.30449,50.86098],[4.30436,50.86102],[4.30362,50.86126],[4.30237,50.86166],[4.30218,50.86172],[4.30185,50.86182],[4.3016,50.8619],[4.30138,50.86197],[4.3012,50.86203],[4.30108,50.86207],[4.30093,50.86214],[4.30079,50.86219],[4.30077,50.8622],[4.30075,50.86221],[4.30058,50.86229],[4.30048,50.86234],[4.30036,50.8624],[4.30035,50.86241],[4.30021,50.86248],[4.30018,50.86249],[4.30003,50.86258],[4.29983,50.86269],[4.29973,50.86275],[4.29965,50.8628],[4.2995,50.8629],[4.29932,50.86302],[4.2992,50.8631],[4.29911,50.86317],[4.29905,50.86321],[4.29903,50.86323],[4.29902,50.86324],[4.2981,50.86392],[4.29801,50.86399],[4.29793,50.86405],[4.29771,50.86422],[4.29769,50.86424],[4.29767,50.86425],[4.29756,50.86434],[4.29715,50.86465],[4.29696,50.86479],[4.29685,50.86489],[4.29654,50.86515],[4.29634,50.86531],[4.29536,50.86614],[4.29445,50.86692],[4.29432,50.86703],[4.2942,50.86714],[4.29406,50.86727],[4.29391,50.86741],[4.29375,50.86758],[4.29373,50.86761],[4.29368,50.86766],[4.29252,50.869],[4.29239,50.86916],[4.29126,50.87045],[4.29115,50.87058],[4.29047,50.87135],[4.29016,50.8717],[4.2901,50.87177],[4.28977,50.87217],[4.28973,50.87224],[4.28972,50.87229],[4.28973,50.87233],[4.28977,50.87238],[4.28979,50.87241],[4.28993,50.8725],[4.29013,50.87262],[4.29025,50.87268]]}},{"type":"Feature","properties":{"ref":20,"line":"92","color":"E43C2E","mode":"tram","direction":0,"terminus":"FORT-JACO"},"geometry":{"type":"LineString","coordinates":[[4.37944,50.87741],[4.3794,50.87734],[4.37939,50.87732],[4.37936,50.87729],[4.37932,50.87725],[4.37928,50.87721],[4.37922,50.87716],[4.37918,50.8771],[4.37913,50.87704],[4.37911,50.87701],[4.37901,50.87684],[4.37832,50.87564],[4.37796,50.87502],[4.37783,50.87479],[4.37751,50.87425],[4.37739,50.87404],[4.37731,50.87389],[4.3769,50.8732],[4.37655,50.87259],[4.37617,50.87193],[4.37612,50.87186],[4.3761,50.87183],[4.37606,50.87179],[4.37601,50.87176],[4.37595,50.87173],[4.37591,50.87171],[4.37585,50.8717],[4.37578,50.87169],[4.37572,50.87168],[4.37567,50.87168],[4.37562,50.87167],[4.37559,50.87166],[4.37552,50.87164],[4.37548,50.87162],[4.37543,50.87159],[4.3754,50.87157],[4.37537,50.87155],[4.37535,50.87152],[4.37533,50.87149],[4.37531,50.87146],[4.3753,50.87142],[4.3753,50.87139],[4.3753,50.87135],[4.3753,50.87131],[4.37531,50.87128],[4.37533,50.87125],[4.37535,50.87123],[4.37552,50.87104],[4.37555,50.87099],[4.37556,50.87097],[4.37556,50.87095],[4.37556,50.8709],[4.37554,50.87085],[4.37548,50.87075],[4.37457,50.86918],[4.37441,50.86891],[4.3744,50.86888],[4.37439,50.86886],[4.37439,50.86881],[4.37441,50.86878],[4.37442,50.86875],[4.37445,50.86872],[4.37448,50.8687],[4.37452,50.86868],[4.37456,50.86867],[4.37469,50.86862],[4.37476,50.86859],[4.37485,50.86856],[4.37491,50.86853],[4.37548,50.86827],[4.37594,50.86807],[4.37599,50.86804],[4.37602,50.86802],[4.37604,50.86799],[4.37606,50.86797],[4.37607,50.86795],[4.37607,50.86794],[4.37608,50.86791],[4.37607,50.86787],[4.37606,50.86782],[4.37601,50.86767],[4.3758,50.86698],[4.37578,50.86693],[4.37575,50.86689],[4.37572,50.86685],[4.37568,50.8668],[4.37564,50.86677],[4.37555,50.86671],[4.37505,50.86638],[4.375,50.86635],[4.37477,50.86619],[4.37469,50.86614],[4.37466,50.86612],[4.37463,50.86609],[4.3746,50.86607],[4.37458,50.86603],[4.37454,50.86598],[4.37404,50.86522],[4.37379,50.86483],[4.37375,50.86478],[4.37373,50.86473],[4.37362,50.86457],[4.37352,50.8644],[4.37343,50.86423],[4.37334,50.86406],[4.37245,50.86239],[4.37242,50.86233],[4.3723,50.86212],[4.37165,50.86096],[4.37136,50.86046],[4.37115,50.86009],[4.37101,50.85985],[4.37075,50.85939],[4.37072,50.85935],[4.37069,50.85931],[4.37065,50.85928],[4.37061,50.85926],[4.37056,50.85923],[4.37048,50.8592],[4.37036,50.85916],[4.37023,50.85913],[4.3701,50.8591],[4.36976,50.85902],[4.36962,50.85899],[4.36924,50.85887],[4.36911,50.85883],[4.36899,50.85878],[4.36884,50.85872],[4.36868,50.85866],[4.36862,50.85863],[4.36856,50.8586],[4.36851,50.85857],[4.36846,50.85853],[4.36843,50.85849],[4.3684,50.85844],[4.36831,50.85827],[4.36819,50.85804],[4.36802,50.85771],[4.36724,50.85621],[4.36703,50.85579],[4.36618,50.85415],[4.36611,50.85401],[4.36592,50.85366],[4.36577,50.85337],[4.36576,50.85336],[4.36573,50.8533],[4.36572,50.85328],[4.36563,50.85315],[4.36556,50.85301],[4.36548,50.85287],[4.36542,50.85274],[4.36536,50.85262],[4.3653,50.85247],[4.36523,50.85231],[4.36437,50.85066],[4.36433,50.85058],[4.36424,50.85041],[4.36397,50.84989],[4.36342,50.84884],[4.3628,50.84764],[4.36246,50.84699],[4.36188,50.84586],[4.36142,50.84499],[4.36118,50.84453],[4.36118,50.84453],[4.36112,50.8444],[4.36089,50.84397],[4.3608,50.84381],[4.36074,50.84369],[4.36073,50.84368],[4.36069,50.84359],[4.36063,50.84348],[4.36057,50.84336],[4.36054,50.84331],[4.36048,50.84318],[4.36039,50.84302],[4.36037,50.84299],[4.36036,50.84297],[4.36032,50.84293],[4.36027,50.84288],[4.36023,50.84285],[4.36014,50.84278],[4.36001,50.84269],[4.35995,50.84265],[4.35991,50.84262],[4.35985,50.84259],[4.3598,50.84257],[4.35976,50.84256],[4.35968,50.84253],[4.35961,50.84251],[4.35948,50.84247],[4.35942,50.84245],[4.35937,50.84243],[4.35932,50.8424],[4.35928,50.84237],[4.35924,50.84234],[4.35922,50.84231],[4.3592,50.84228],[4.35919,50.84225],[4.35916,50.84221],[4.35914,50.84217],[4.35911,50.84211],[4.35909,50.84208],[4.35908,50.84206],[4.35904,50.84202],[4.35898,50.84197],[4.35895,50.84194],[4.35886,50.84187],[4.35874,50.84179],[4.35845,50.84158],[4.35845,50.84158],[4.35818,50.84139],[4.35795,50.84123],[4.35785,50.84115],[4.35778,50.8411],[4.35771,50.84105],[4.35765,50.841],[4.3575,50.84089],[4.35676,50.84036],[4.3564,50.8401],[4.35565,50.83957],[4.35505,50.83914],[4.35359,50.83809],[4.35338,50.83795],[4.35302,50.83769],[4.35298,50.83766],[4.35294,50.83762],[4.3529,50.83758],[4.35289,50.83755],[4.35288,50.83753],[4.35287,50.8375],[4.35286,50.83747],[4.35286,50.83742],[4.35288,50.83737],[4.35289,50.83734],[4.3529,50.83732],[4.35294,50.83727],[4.353,50.83723],[4.35303,50.83721],[4.3532,50.83711],[4.35339,50.837],[4.35382,50.83677],[4.35397,50.83668],[4.35408,50.83661],[4.35424,50.8365],[4.35433,50.83644],[4.35447,50.83633],[4.35461,50.83622],[4.35477,50.83606],[4.35499,50.83586],[4.35518,50.83568],[4.35556,50.83531],[4.3558,50.83508],[4.35596,50.83493],[4.35701,50.83392],[4.35706,50.83386],[4.35712,50.8338],[4.35714,50.83375],[4.35715,50.83371],[4.35716,50.83368],[4.35715,50.83364],[4.35714,50.83358],[4.35706,50.83333],[4.35694,50.83297],[4.35684,50.83266],[4.3561,50.83033],[4.35594,50.82986],[4.35583,50.82951],[4.35578,50.82936],[4.35569,50.82903],[4.35542,50.8282],[4.35486,50.82644],[4.35475,50.82608],[4.35465,50.82578],[4.35464,50.82576],[4.35453,50.8254],[4.35448,50.82524],[4.35437,50.82489],[4.35389,50.82341],[4.35374,50.82295],[4.35371,50.82287],[4.35367,50.82278],[4.35361,50.82266],[4.35356,50.82257],[4.35338,50.82228],[4.35337,50.82227],[4.3529,50.82154],[4.3523,50.82059],[4.35075,50.81814],[4.34999,50.81694],[4.34962,50.81637],[4.34935,50.81594],[4.34921,50.81572],[4.34829,50.81427],[4.34795,50.81373],[4.34767,50.81329],[4.34744,50.81292],[4.34708,50.81234],[4.34547,50.8098],[4.34523,50.80944],[4.345,50.80907],[4.34352,50.80673],[4.34347,50.80664],[4.34233,50.80484],[4.34177,50.80395],[4.34136,50.8033],[4.34063,50.80215],[4.3405,50.80195],[4.34048,50.8019],[4.34047,50.80188],[4.34046,50.80183],[4.34046,50.80178],[4.34046,50.80173],[4.34048,50.80168],[4.3405,50.80165],[4.34054,50.80156],[4.34061,50.80144],[4.34095,50.80082],[4.34104,50.80067],[4.34109,50.8006],[4.34116,50.80047],[4.34123,50.80037],[4.34133,50.80022],[4.34139,50.80015],[4.34144,50.80008],[4.34176,50.79966],[4.34192,50.79946],[4.34204,50.79931],[4.34222,50.79911],[4.34239,50.79892],[4.34243,50.79887],[4.34249,50.79881],[4.34263,50.79867],[4.34278,50.79852],[4.34288,50.79842],[4.34299,50.79831],[4.343,50.7983],[4.34309,50.79822],[4.34321,50.79812],[4.34335,50.798],[4.34339,50.79797],[4.34343,50.79793],[4.34351,50.79788],[4.34359,50.79783],[4.34371,50.79776],[4.34379,50.79771],[4.34391,50.79765],[4.34405,50.79758],[4.34425,50.79749],[4.34438,50.79743],[4.34441,50.79741],[4.34443,50.79741],[4.34459,50.79734],[4.3446,50.79733],[4.34615,50.79672],[4.34649,50.79658],[4.34665,50.79652],[4.34862,50.79573],[4.3488,50.79566],[4.34891,50.79562],[4.34904,50.79558],[4.34927,50.79549],[4.34948,50.79543],[4.34979,50.79533],[4.35003,50.79526],[4.35018,50.79521],[4.35022,50.7952],[4.35032,50.79517],[4.35039,50.79515],[4.35052,50.79512],[4.35077,50.79506],[4.35101,50.795],[4.35121,50.79496],[4.35138,50.79492],[4.35156,50.79488],[4.35188,50.79483],[4.35198,50.79481],[4.35217,50.79478],[4.35234,50.79475],[4.35244,50.79473],[4.35247,50.79473],[4.35262,50.79471],[4.35296,50.79466],[4.35325,50.79463],[4.35352,50.7946],[4.35381,50.79458],[4.35409,50.79456],[4.35435,50.79455],[4.35466,50.79453],[4.35489,50.79453],[4.35509,50.79452],[4.35534,50.79452],[4.35557,50.79452],[4.35586,50.79453],[4.35613,50.79454],[4.35635,50.79455],[4.35662,50.79456],[4.3569,50.79458],[4.3571,50.7946],[4.35731,50.79462],[4.35753,50.79464],[4.35779,50.79467],[4.35787,50.79469],[4.35841,50.79476],[4.3586,50.79478],[4.35869,50.79479],[4.35876,50.79479],[4.35883,50.79479],[4.3589,50.79478],[4.35898,50.79477],[4.35948,50.79468],[4.36082,50.79443],[4.36096,50.79441],[4.36106,50.7944],[4.3612,50.79438],[4.36141,50.79436],[4.36149,50.79435],[4.36159,50.79434],[4.36172,50.79432],[4.36181,50.79431],[4.36227,50.79427],[4.36254,50.79424],[4.3626,50.79423],[4.36269,50.79422],[4.36276,50.79422],[4.36284,50.79422],[4.36291,50.79422],[4.36298,50.79422],[4.36303,50.79423],[4.36308,50.79424],[4.36312,50.79424],[4.36318,50.79426],[4.36327,50.79428],[4.36338,50.79431],[4.3635,50.79435],[4.36361,50.79437],[4.36372,50.79439],[4.36386,50.79441],[4.36398,50.79442],[4.36414,50.79444],[4.36426,50.79444],[4.36439,50.79444],[4.36459,50.79444],[4.36465,50.79444],[4.3647,50.79443],[4.36476,50.79442],[4.3648,50.7944],[4.36483,50.79439],[4.36487,50.79436],[4.36492,50.79432],[4.36515,50.7941],[4.36517,50.79408],[4.36519,50.79407],[4.36521,50.79406],[4.36525,50.79404],[4.3653,50.79403],[4.36535,50.79403],[4.3654,50.79403],[4.36543,50.79403],[4.3655,50.79404],[4.36594,50.79414],[4.366,50.79415],[4.36604,50.79415],[4.3661,50.79415],[4.36616,50.79414],[4.3662,50.79413],[4.36623,50.79412],[4.36627,50.7941],[4.3663,50.79407],[4.36632,50.79404],[4.36635,50.794],[4.36649,50.79378],[4.36656,50.79366],[4.36661,50.79359],[4.36667,50.7935],[4.36669,50.79343],[4.36672,50.79337],[4.36675,50.79327],[4.36676,50.79319],[4.36677,50.79311],[4.36678,50.79306],[4.36679,50.79269],[4.36679,50.79252],[4.36679,50.79243],[4.3668,50.79238],[4.36681,50.79231],[4.36684,50.79222],[4.36688,50.79212],[4.36695,50.79199],[4.367,50.79185],[4.36707,50.79173],[4.3671,50.79167],[4.36719,50.79158],[4.36723,50.79154],[4.36729,50.79149],[4.36735,50.79145],[4.36742,50.79141],[4.36747,50.79138],[4.3676,50.79133],[4.36766,50.79131],[4.36776,50.79128],[4.36787,50.79126],[4.36815,50.7912],[4.36848,50.79114],[4.3687,50.7911],[4.36921,50.791],[4.36945,50.79096],[4.37013,50.79082],[4.37021,50.79081],[4.37029,50.79078],[4.37035,50.79075],[4.37039,50.79074],[4.37042,50.79072],[4.37049,50.79066],[4.37094,50.7903],[4.3714,50.78992],[4.37175,50.78964],[4.37183,50.78957],[4.37191,50.78948],[4.37196,50.78943],[4.37201,50.78935],[4.37207,50.78925],[4.3721,50.78919],[4.37214,50.78908],[4.37216,50.789],[4.37217,50.78889],[4.37217,50.78876],[4.37218,50.78873],[4.37219,50.7887],[4.3722,50.78869],[4.37222,50.78867],[4.37224,50.78865],[4.37228,50.78863],[4.37232,50.78861],[4.37236,50.7886],[4.37241,50.78859],[4.37246,50.78859],[4.37251,50.78859],[4.37256,50.7886],[4.37338,50.78886],[4.37373,50.78897],[4.37393,50.78903],[4.37404,50.78907],[4.37408,50.78908],[4.3741,50.7891],[4.37412,50.78911],[4.37415,50.78914],[4.37416,50.78917],[4.37417,50.7892],[4.37417,50.78923],[4.37416,50.78926],[4.37413,50.78931],[4.37396,50.78952],[4.37393,50.78956],[4.37392,50.78957],[4.37387,50.7896],[4.37385,50.78961],[4.37383,50.78962]]}},{"type":"Feature","properties":{"ref":20,"line":"92","color":"E43C2E","mode":"tram","direction":1,"terminus":"SCHAERBEEK GARE"},"geometry":{"type":"LineString","coordinates":[[4.37383,50.78962],[4.37379,50.78963],[4.37374,50.78964],[4.37369,50.78964],[4.37362,50.78963],[4.37356,50.78962],[4.37349,50.7896],[4.37338,50.78957],[4.37331,50.78956],[4.37323,50.78955],[4.37315,50.78955],[4.37307,50.78955],[4.37294,50.78955],[4.37287,50.78956],[4.37278,50.78958],[4.37182,50.78978],[4.37171,50.78981],[4.37165,50.78983],[4.37157,50.78986],[4.37152,50.78988],[4.37146,50.78992],[4.37139,50.78997],[4.37049,50.7907],[4.37042,50.79075],[4.37036,50.79078],[4.37032,50.7908],[4.37024,50.79082],[4.37019,50.79084],[4.36968,50.79093],[4.36956,50.79096],[4.36888,50.79109],[4.36819,50.79122],[4.36792,50.79127],[4.36781,50.79129],[4.36773,50.79132],[4.36766,50.79134],[4.36761,50.79136],[4.36756,50.79138],[4.36744,50.79143],[4.36734,50.7915],[4.36726,50.79156],[4.36719,50.79162],[4.36713,50.79169],[4.36708,50.79177],[4.367,50.79195],[4.36695,50.79205],[4.36689,50.79221],[4.36687,50.79225],[4.36685,50.79234],[4.36683,50.79244],[4.36682,50.79296],[4.3668,50.79316],[4.36679,50.79325],[4.36677,50.79332],[4.36675,50.79339],[4.36672,50.79347],[4.3667,50.7935],[4.36649,50.79385],[4.36634,50.79408],[4.36633,50.7941],[4.36632,50.79411],[4.36629,50.79413],[4.36626,50.79415],[4.36624,50.79416],[4.3662,50.79417],[4.36614,50.79418],[4.3661,50.79419],[4.36605,50.79418],[4.366,50.79418],[4.36584,50.79414],[4.3656,50.79409],[4.36547,50.79407],[4.36542,50.79406],[4.36536,50.79406],[4.3653,50.79407],[4.36527,50.79408],[4.36522,50.79409],[4.36519,50.79411],[4.36514,50.79415],[4.36505,50.79424],[4.36494,50.79436],[4.36491,50.79439],[4.36488,50.79441],[4.36485,50.79443],[4.36483,50.79444],[4.36479,50.79445],[4.36473,50.79446],[4.36468,50.79447],[4.36438,50.79447],[4.36423,50.79447],[4.36407,50.79446],[4.3639,50.79444],[4.36374,50.79442],[4.36361,50.7944],[4.36348,50.79437],[4.36337,50.79434],[4.36318,50.79429],[4.36308,50.79427],[4.363,50.79426],[4.36289,50.79425],[4.36283,50.79425],[4.36277,50.79425],[4.36265,50.79426],[4.36234,50.79429],[4.36212,50.79431],[4.36204,50.79432],[4.36183,50.79434],[4.36168,50.79436],[4.36153,50.79437],[4.36123,50.7944],[4.36109,50.79442],[4.36099,50.79443],[4.36082,50.79446],[4.3596,50.79468],[4.35897,50.7948],[4.35889,50.79481],[4.35881,50.79482],[4.35871,50.79482],[4.35865,50.79481],[4.35855,50.7948],[4.35792,50.79472],[4.35764,50.79468],[4.35736,50.79465],[4.35711,50.79463],[4.35686,50.79461],[4.35658,50.79459],[4.35651,50.79458],[4.35632,50.79457],[4.35607,50.79456],[4.35586,50.79456],[4.35564,50.79455],[4.35545,50.79455],[4.35514,50.79455],[4.35484,50.79455],[4.35456,50.79456],[4.35431,50.79458],[4.35406,50.79459],[4.35381,50.79461],[4.35356,50.79463],[4.35337,50.79465],[4.35319,50.79467],[4.35301,50.79469],[4.35294,50.79469],[4.35257,50.79474],[4.35253,50.79475],[4.35224,50.79479],[4.35196,50.79484],[4.35168,50.79489],[4.35147,50.79493],[4.35126,50.79497],[4.35103,50.79503],[4.35079,50.79508],[4.35064,50.79512],[4.35047,50.79516],[4.35034,50.79519],[4.35017,50.79524],[4.35013,50.79526],[4.35005,50.79528],[4.35001,50.79529],[4.34984,50.79534],[4.3497,50.79538],[4.34944,50.79547],[4.34931,50.79551],[4.34916,50.79556],[4.34895,50.79564],[4.34882,50.79569],[4.34868,50.79574],[4.34855,50.79579],[4.34812,50.79596],[4.34692,50.79644],[4.34631,50.79669],[4.34616,50.79675],[4.34463,50.79736],[4.34454,50.79739],[4.34452,50.7974],[4.34439,50.79746],[4.34424,50.79753],[4.3441,50.79759],[4.34394,50.79767],[4.34393,50.79767],[4.34383,50.79772],[4.34377,50.79776],[4.34371,50.7978],[4.34359,50.79787],[4.34348,50.79795],[4.34345,50.79797],[4.34343,50.79798],[4.34331,50.79808],[4.34318,50.79819],[4.34306,50.7983],[4.34301,50.79835],[4.34295,50.7984],[4.34294,50.79841],[4.34285,50.7985],[4.34283,50.79852],[4.34268,50.79867],[4.34257,50.79878],[4.34245,50.7989],[4.34233,50.79904],[4.3422,50.79919],[4.34205,50.79936],[4.34201,50.7994],[4.34196,50.79947],[4.34184,50.79962],[4.3415,50.80005],[4.34142,50.80017],[4.34131,50.80033],[4.34127,50.80038],[4.3412,50.80049],[4.34112,50.80062],[4.34106,50.80074],[4.34082,50.80116],[4.34067,50.80142],[4.34058,50.80158],[4.34058,50.80159],[4.34058,50.80158],[4.34053,50.80167],[4.34052,50.8017],[4.34051,50.80175],[4.34051,50.80181],[4.34051,50.80186],[4.34052,50.80189],[4.34054,50.80193],[4.34057,50.80198],[4.34066,50.80213],[4.34107,50.80277],[4.34163,50.80367],[4.34199,50.80423],[4.34396,50.80734],[4.34411,50.80758],[4.34466,50.80846],[4.34617,50.81085],[4.34638,50.81118],[4.34723,50.81252],[4.34733,50.81268],[4.34774,50.81333],[4.34834,50.81427],[4.34838,50.81434],[4.34863,50.81472],[4.34939,50.81593],[4.34978,50.81654],[4.35061,50.81785],[4.3513,50.81894],[4.35132,50.81896],[4.35207,50.82015],[4.35235,50.82059],[4.35308,50.82174],[4.35356,50.82251],[4.3536,50.82256],[4.35367,50.82269],[4.35371,50.82277],[4.35377,50.8229],[4.35381,50.82303],[4.35392,50.82338],[4.35423,50.82436],[4.35449,50.82515],[4.35454,50.82532],[4.3546,50.82549],[4.35466,50.8257],[4.35481,50.82614],[4.35481,50.82614],[4.35495,50.82658],[4.3558,50.82925],[4.35588,50.82949],[4.35591,50.82955],[4.35604,50.82997],[4.35607,50.83005],[4.35613,50.83027],[4.35617,50.83039],[4.35619,50.83046],[4.35686,50.83255],[4.35692,50.83275],[4.35696,50.83289],[4.35705,50.83317],[4.35708,50.83327],[4.35718,50.83356],[4.35719,50.83361],[4.3572,50.83364],[4.3572,50.83367],[4.3572,50.8337],[4.3572,50.83373],[4.35719,50.83376],[4.35716,50.8338],[4.35712,50.83385],[4.35708,50.83389],[4.35564,50.83529],[4.35548,50.83544],[4.35502,50.83588],[4.35499,50.83592],[4.3549,50.83599],[4.35478,50.83611],[4.35468,50.8362],[4.35459,50.83628],[4.35451,50.83635],[4.35436,50.83646],[4.35416,50.8366],[4.35373,50.83692],[4.35358,50.83702],[4.35353,50.83705],[4.3533,50.83718],[4.35325,50.83721],[4.3531,50.8373],[4.35304,50.83734],[4.353,50.83737],[4.35297,50.8374],[4.35294,50.83744],[4.35294,50.83746],[4.35293,50.8375],[4.35293,50.83752],[4.35294,50.83754],[4.35295,50.83756],[4.35297,50.8376],[4.35301,50.83764],[4.3531,50.83771],[4.35334,50.83788],[4.35418,50.83848],[4.35514,50.83917],[4.35568,50.83955],[4.35573,50.83959],[4.35614,50.83988],[4.35717,50.84062],[4.35841,50.8415],[4.35894,50.84187],[4.35899,50.84191],[4.35904,50.84195],[4.35908,50.84199],[4.3591,50.84202],[4.35913,50.84206],[4.35915,50.84209],[4.35917,50.84213],[4.3592,50.84217],[4.35921,50.84221],[4.35924,50.84225],[4.35925,50.84228],[4.35928,50.84231],[4.3593,50.84234],[4.35931,50.84235],[4.35933,50.84236],[4.35936,50.84238],[4.35938,50.84239],[4.35941,50.84241],[4.35948,50.84244],[4.35953,50.84245],[4.35958,50.84246],[4.35962,50.84248],[4.35968,50.84249],[4.35971,50.8425],[4.35975,50.84252],[4.3598,50.84253],[4.35987,50.84256],[4.35991,50.84258],[4.35995,50.8426],[4.35997,50.84262],[4.36001,50.84264],[4.3601,50.8427],[4.36023,50.8428],[4.36029,50.84284],[4.36033,50.84287],[4.36037,50.84292],[4.36039,50.84293],[4.36041,50.84296],[4.36045,50.84302],[4.36047,50.84306],[4.36056,50.84323],[4.36065,50.8434],[4.3607,50.84351],[4.36084,50.84378],[4.36089,50.84388],[4.36094,50.84398],[4.36097,50.84404],[4.3613,50.84468],[4.36138,50.84484],[4.362,50.84602],[4.36215,50.84631],[4.36231,50.84662],[4.36232,50.84664],[4.36238,50.84675],[4.3625,50.84697],[4.36258,50.84714],[4.36292,50.84779],[4.36311,50.84816],[4.36398,50.84984],[4.36426,50.85038],[4.36442,50.85069],[4.36463,50.85108],[4.36506,50.85192],[4.36528,50.85235],[4.36535,50.85248],[4.36541,50.85263],[4.36548,50.85277],[4.36556,50.85291],[4.36562,50.85304],[4.36568,50.85313],[4.36576,50.85327],[4.36581,50.85336],[4.36599,50.8537],[4.36599,50.85371],[4.36611,50.85395],[4.36615,50.85402],[4.36624,50.8542],[4.36721,50.85606],[4.36796,50.85751],[4.36836,50.85829],[4.36841,50.85839],[4.36844,50.85843],[4.36847,50.85847],[4.3685,50.85851],[4.36855,50.85855],[4.3686,50.85858],[4.36865,50.85861],[4.36877,50.85866],[4.36901,50.85876],[4.36913,50.8588],[4.36926,50.85885],[4.36938,50.85889],[4.36971,50.85898],[4.36974,50.85899],[4.36984,50.85901],[4.37004,50.85906],[4.37018,50.85909],[4.3705,50.85917],[4.37052,50.85918],[4.37058,50.8592],[4.37064,50.85923],[4.37069,50.85926],[4.37073,50.8593],[4.37076,50.85933],[4.37081,50.85942],[4.37137,50.8604],[4.37174,50.86104],[4.37191,50.86134],[4.37241,50.86224],[4.37249,50.86239],[4.37345,50.86418],[4.37349,50.86426],[4.37351,50.8643],[4.3736,50.86444],[4.37369,50.86459],[4.37378,50.86473],[4.37391,50.86494],[4.37392,50.86495],[4.37394,50.86498],[4.3746,50.86598],[4.37462,50.86602],[4.37464,50.86605],[4.37466,50.86607],[4.37471,50.86611],[4.37477,50.86615],[4.37485,50.8662],[4.37497,50.86628],[4.37509,50.86636],[4.37521,50.86643],[4.37529,50.86649],[4.3754,50.86656],[4.37548,50.86661],[4.37555,50.86666],[4.37562,50.86671],[4.37568,50.86675],[4.37571,50.86678],[4.37576,50.86684],[4.37579,50.86686],[4.3758,50.86689],[4.37582,50.86692],[4.37584,50.86697],[4.37586,50.86704],[4.37612,50.86788],[4.37612,50.86792],[4.37612,50.86794],[4.37611,50.86797],[4.37609,50.868],[4.37607,50.86803],[4.37605,50.86804],[4.37602,50.86806],[4.37598,50.86808],[4.37509,50.86848],[4.37485,50.86859],[4.37483,50.8686],[4.37478,50.86862],[4.3747,50.86865],[4.3746,50.86868],[4.37457,50.8687],[4.37453,50.86872],[4.3745,50.86874],[4.37448,50.86876],[4.37446,50.86879],[4.37445,50.86883],[4.37444,50.86885],[4.37445,50.86889],[4.37448,50.86894],[4.37451,50.86901],[4.37552,50.87074],[4.37554,50.87078],[4.37558,50.87085],[4.37561,50.87089],[4.37565,50.87093],[4.37567,50.87094],[4.3757,50.87096],[4.37576,50.87099],[4.37582,50.87101],[4.37586,50.87102],[4.37594,50.87103],[4.37602,50.87104],[4.37607,50.87105],[4.37612,50.87105],[4.37616,50.87107],[4.37621,50.87108],[4.37625,50.8711],[4.37628,50.87113],[4.37633,50.87116],[4.37637,50.8712],[4.3764,50.87123],[4.37643,50.87126],[4.37644,50.8713],[4.37645,50.87134],[4.37644,50.87138],[4.37643,50.87141],[4.37641,50.87145],[4.37637,50.87149],[4.37629,50.87154],[4.37628,50.87156],[4.37621,50.87161],[4.37618,50.87164],[4.37616,50.87167],[4.37614,50.87171],[4.37613,50.87174],[4.37613,50.87177],[4.37614,50.87179],[4.37615,50.87184],[4.37631,50.87212],[4.37673,50.87283],[4.37682,50.873],[4.37696,50.87322],[4.37735,50.87389],[4.37744,50.87406],[4.37765,50.87441],[4.3778,50.87467],[4.37782,50.87471],[4.37839,50.8757],[4.37908,50.87689],[4.3791,50.87691],[4.37914,50.87698],[4.37917,50.87702],[4.37921,50.87708],[4.37923,50.87711],[4.37925,50.87713],[4.37927,50.87715],[4.37929,50.87716],[4.37932,50.87718],[4.37934,50.8772],[4.37939,50.87723],[4.37943,50.87724],[4.37944,50.87725],[4.37948,50.87726],[4.3796,50.8773],[4.37964,50.87731],[4.37976,50.87735],[4.37982,50.87737],[4.37995,50.87742],[4.38001,50.87744],[4.38006,50.87746],[4.38014,50.8775],[4.38023,50.87754],[4.38026,50.87756],[4.38034,50.8776],[4.38042,50.87764],[4.38046,50.87767],[4.38052,50.8777],[4.38055,50.87772],[4.3806,50.87775],[4.38066,50.87779],[4.3807,50.87782],[4.38073,50.87784],[4.38081,50.8779],[4.38086,50.87795],[4.38096,50.87803],[4.38098,50.87805],[4.38101,50.87808],[4.38102,50.8781],[4.38103,50.87813],[4.38103,50.87816],[4.38103,50.87818],[4.38102,50.87821],[4.381,50.87824],[4.38098,50.87827],[4.38094,50.87829],[4.38091,50.87831],[4.38086,50.87833],[4.38083,50.87833],[4.3808,50.87834],[4.38075,50.87834],[4.38072,50.87834],[4.38067,50.87833],[4.38063,50.87833],[4.38059,50.87831],[4.38056,50.8783],[4.38055,50.8783],[4.38049,50.87827],[4.38022,50.87812]]}},{"type":"Feature","properties":{"ref":21,"line":"93","color":"ED7807","mode":"tram","direction":0,"terminus":"LEGRAND"},"geometry":{"type":"LineString","coordinates":[[4.33211,50.89343],[4.33213,50.89342],[4.33222,50.89341],[4.33231,50.89338],[4.33237,50.89336],[4.33244,50.89333],[4.33252,50.89329],[4.3326,50.89324],[4.33266,50.8932],[4.33304,50.8929],[4.33317,50.8928],[4.33321,50.89276],[4.33325,50.89272],[4.33326,50.8927],[4.33328,50.89266],[4.33328,50.89264],[4.33327,50.89262],[4.33326,50.89259],[4.33324,50.89256],[4.33322,50.89254],[4.33319,50.89252],[4.33315,50.89249],[4.33308,50.89247],[4.33236,50.89221],[4.33173,50.89199],[4.33155,50.89191],[4.33143,50.89186],[4.33131,50.8918],[4.3312,50.89174],[4.33104,50.89164],[4.33094,50.89157],[4.3308,50.89147],[4.33067,50.89135],[4.33056,50.89123],[4.33038,50.89103],[4.33005,50.89064],[4.32988,50.89044],[4.32984,50.89038],[4.32981,50.89033],[4.32979,50.89029],[4.3298,50.89025],[4.32981,50.89021],[4.32983,50.89019],[4.32986,50.89016],[4.32988,50.89014],[4.32991,50.89012],[4.32997,50.89009],[4.33004,50.89007],[4.33012,50.89005],[4.3344,50.8891],[4.33467,50.88904],[4.33475,50.88902],[4.33485,50.88899],[4.33494,50.88896],[4.335,50.88894],[4.33502,50.88893],[4.33504,50.88892],[4.3351,50.88889],[4.33516,50.88886],[4.3352,50.88883],[4.33525,50.88879],[4.33531,50.88874],[4.33536,50.88869],[4.3354,50.88864],[4.33543,50.88861],[4.33545,50.88856],[4.33548,50.88851],[4.3355,50.88844],[4.33552,50.88838],[4.33554,50.88831],[4.33554,50.88822],[4.33555,50.88813],[4.33554,50.88807],[4.33553,50.88796],[4.3355,50.88787],[4.33549,50.88782],[4.33546,50.88775],[4.33542,50.88766],[4.33537,50.88757],[4.33532,50.88748],[4.33525,50.88737],[4.33523,50.88735],[4.33514,50.88725],[4.33505,50.88714],[4.33497,50.88706],[4.3349,50.88699],[4.33477,50.88688],[4.33456,50.8867],[4.3345,50.88665],[4.33439,50.88657],[4.33431,50.88651],[4.33429,50.8865],[4.33424,50.88645],[4.33422,50.88645],[4.33419,50.88642],[4.33409,50.88635],[4.33398,50.88628],[4.33396,50.88627],[4.33385,50.8862],[4.33374,50.88614],[4.33371,50.88612],[4.33369,50.88611],[4.33365,50.88608],[4.33354,50.88603],[4.33354,50.88603],[4.33346,50.88599],[4.33338,50.88596],[4.33329,50.88592],[4.33321,50.88589],[4.33312,50.88587],[4.33304,50.88584],[4.333,50.88583],[4.33296,50.88582],[4.33293,50.88581],[4.33291,50.8858],[4.33288,50.88578],[4.33286,50.88576],[4.33283,50.88573],[4.33282,50.8857],[4.33282,50.88567],[4.33283,50.88563],[4.33285,50.8856],[4.33286,50.88558],[4.33289,50.88555],[4.33293,50.88553],[4.33296,50.88552],[4.33303,50.8855],[4.33313,50.88548],[4.33319,50.88546],[4.33324,50.88544],[4.33329,50.88541],[4.33333,50.88537],[4.33337,50.88533],[4.33545,50.88303],[4.33553,50.88293],[4.33555,50.88288],[4.33556,50.88286],[4.33556,50.88284],[4.33556,50.88282],[4.33556,50.88281],[4.33556,50.88277],[4.33553,50.88265],[4.33551,50.88258],[4.33549,50.8825],[4.33547,50.88239],[4.33544,50.88226],[4.33544,50.88223],[4.33544,50.8822],[4.33544,50.88214],[4.33546,50.88205],[4.33549,50.8819],[4.33552,50.88173],[4.33557,50.88147],[4.33559,50.88138],[4.33563,50.88112],[4.33563,50.88104],[4.33562,50.88096],[4.33561,50.8809],[4.33559,50.88084],[4.33557,50.8808],[4.33555,50.88076],[4.3355,50.88068],[4.33544,50.88061],[4.3354,50.88057],[4.33519,50.88038],[4.33492,50.88014],[4.33467,50.87993],[4.3345,50.87978],[4.33431,50.87962],[4.33425,50.87954],[4.33423,50.87949],[4.33423,50.87943],[4.33425,50.87937],[4.3343,50.87932],[4.33436,50.87928],[4.33443,50.87925],[4.3346,50.87922],[4.33581,50.87908],[4.33596,50.87906],[4.33611,50.87906],[4.33852,50.87899],[4.33953,50.87896],[4.33959,50.87896],[4.33968,50.87896],[4.34012,50.87894],[4.34054,50.87893],[4.34226,50.8789],[4.34244,50.8789],[4.34468,50.87886],[4.34499,50.87885],[4.34506,50.87885],[4.34512,50.87884],[4.34517,50.87883],[4.34521,50.87882],[4.34525,50.8788],[4.3453,50.87878],[4.34533,50.87875],[4.34542,50.87867],[4.34569,50.87846],[4.34616,50.8781],[4.34672,50.87767],[4.34673,50.87766],[4.34677,50.87763],[4.34683,50.87759],[4.34685,50.87757],[4.3469,50.87755],[4.34696,50.87753],[4.34704,50.87751],[4.34714,50.87751],[4.34763,50.87754],[4.34779,50.87755],[4.3478,50.87755],[4.34784,50.87756],[4.34791,50.87756],[4.34795,50.87755],[4.34799,50.87754],[4.34805,50.87752],[4.3481,50.8775],[4.34816,50.87746],[4.34835,50.87734],[4.34837,50.87732],[4.3484,50.87731],[4.34845,50.87729],[4.34848,50.87728],[4.34851,50.87727],[4.34858,50.87727],[4.34864,50.87727],[4.34878,50.87728],[4.3506,50.87752],[4.35103,50.87757],[4.3511,50.87758],[4.3512,50.87759],[4.35131,50.87759],[4.35139,50.87759],[4.35149,50.87758],[4.35238,50.87741],[4.35306,50.87728],[4.35379,50.87714],[4.35431,50.87705],[4.35451,50.877],[4.3547,50.87696],[4.35536,50.87679],[4.35631,50.87654],[4.35676,50.87642],[4.35682,50.87641],[4.35692,50.87639],[4.35694,50.87639],[4.35704,50.87639],[4.35728,50.8764],[4.35738,50.8764],[4.35742,50.8764],[4.35745,50.87639],[4.3575,50.87638],[4.35755,50.87636],[4.35757,50.87635],[4.35761,50.87632],[4.35764,50.87629],[4.35772,50.87618],[4.3578,50.87606],[4.35818,50.87553],[4.3594,50.87381],[4.35946,50.87373],[4.35963,50.8735],[4.35978,50.87329],[4.36048,50.87231],[4.36053,50.87223],[4.36056,50.87219],[4.36059,50.87211],[4.36062,50.87202],[4.36064,50.87195],[4.36066,50.87188],[4.36069,50.87179],[4.36071,50.87174],[4.36076,50.87166],[4.36078,50.87163],[4.36087,50.8715],[4.36095,50.87137],[4.36102,50.87129],[4.36111,50.87116],[4.36119,50.87106],[4.36124,50.87099],[4.36182,50.87018],[4.36204,50.86987],[4.36227,50.86955],[4.36375,50.86747],[4.36512,50.86555],[4.36515,50.86551],[4.36518,50.86547],[4.36548,50.86505],[4.36559,50.86491],[4.36593,50.86443],[4.36594,50.86442],[4.366,50.86435],[4.366,50.86434],[4.36626,50.86398],[4.36634,50.86386],[4.36643,50.86374],[4.3665,50.86364],[4.36666,50.86343],[4.36672,50.86333],[4.36682,50.86319],[4.36687,50.86312],[4.36696,50.863],[4.36699,50.86295],[4.36698,50.86297],[4.36706,50.86286],[4.36711,50.86278],[4.36714,50.8627],[4.36729,50.86219],[4.3674,50.86183],[4.36746,50.86165],[4.36754,50.86138],[4.36757,50.86128],[4.36797,50.85992],[4.36817,50.85925],[4.36834,50.85869],[4.36836,50.8586],[4.36837,50.85856],[4.36837,50.85852],[4.36837,50.85848],[4.36837,50.85843],[4.36834,50.85835],[4.36831,50.85827],[4.36819,50.85804],[4.36802,50.85771],[4.36724,50.85621],[4.36703,50.85579],[4.36618,50.85415],[4.36611,50.85401],[4.36592,50.85366],[4.36577,50.85337],[4.36576,50.85336],[4.36573,50.8533],[4.36572,50.85328],[4.36563,50.85315],[4.36556,50.85301],[4.36548,50.85287],[4.36542,50.85274],[4.36536,50.85262],[4.3653,50.85247],[4.36523,50.85231],[4.36437,50.85066],[4.36433,50.85058],[4.36424,50.85041],[4.36397,50.84989],[4.36342,50.84884],[4.3628,50.84764],[4.36246,50.84699],[4.36188,50.84586],[4.36142,50.84499],[4.36118,50.84453],[4.36118,50.84453],[4.36112,50.8444],[4.36089,50.84397],[4.3608,50.84381],[4.36074,50.84369],[4.36073,50.84368],[4.36069,50.84359],[4.36063,50.84348],[4.36057,50.84336],[4.36054,50.84331],[4.36048,50.84318],[4.36039,50.84302],[4.36037,50.84299],[4.36036,50.84297],[4.36032,50.84293],[4.36027,50.84288],[4.36023,50.84285],[4.36014,50.84278],[4.36001,50.84269],[4.35995,50.84265],[4.35991,50.84262],[4.35985,50.84259],[4.3598,50.84257],[4.35976,50.84256],[4.35968,50.84253],[4.35961,50.84251],[4.35948,50.84247],[4.35942,50.84245],[4.35937,50.84243],[4.35932,50.8424],[4.35928,50.84237],[4.35924,50.84234],[4.35922,50.84231],[4.3592,50.84228],[4.35919,50.84225],[4.35916,50.84221],[4.35914,50.84217],[4.35911,50.84211],[4.35909,50.84208],[4.35908,50.84206],[4.35904,50.84202],[4.35898,50.84197],[4.35895,50.84194],[4.35886,50.84187],[4.35874,50.84179],[4.35845,50.84158],[4.35845,50.84158],[4.35818,50.84139],[4.35795,50.84123],[4.35785,50.84115],[4.35778,50.8411],[4.35771,50.84105],[4.35765,50.841],[4.3575,50.84089],[4.35676,50.84036],[4.3564,50.8401],[4.35565,50.83957],[4.35505,50.83914],[4.35359,50.83809],[4.35338,50.83795],[4.35302,50.83769],[4.35298,50.83766],[4.35294,50.83762],[4.3529,50.83758],[4.35289,50.83755],[4.35288,50.83753],[4.35287,50.8375],[4.35286,50.83747],[4.35286,50.83742],[4.35288,50.83737],[4.35289,50.83734],[4.3529,50.83732],[4.35294,50.83727],[4.353,50.83723],[4.35303,50.83721],[4.3532,50.83711],[4.35339,50.837],[4.35382,50.83677],[4.35397,50.83668],[4.35408,50.83661],[4.35424,50.8365],[4.35433,50.83644],[4.35447,50.83633],[4.35461,50.83622],[4.35477,50.83606],[4.35499,50.83586],[4.35518,50.83568],[4.35556,50.83531],[4.3558,50.83508],[4.35596,50.83493],[4.35701,50.83392],[4.35722,50.83371],[4.35729,50.83365],[4.35734,50.83358],[4.35737,50.83353],[4.3574,50.8335],[4.35741,50.83347],[4.35744,50.83341],[4.35745,50.83338],[4.35746,50.83337],[4.35746,50.83336],[4.3575,50.83328],[4.35754,50.83323],[4.35758,50.83318],[4.35763,50.83312],[4.35776,50.83299],[4.35849,50.83229],[4.35865,50.83213],[4.35866,50.83212],[4.35875,50.83204],[4.35876,50.83203],[4.35886,50.83193],[4.35895,50.83184],[4.35951,50.83128],[4.35966,50.83113],[4.36053,50.83028],[4.3606,50.83022],[4.36062,50.8302],[4.36072,50.8301],[4.36078,50.83005],[4.36079,50.83004],[4.3609,50.82993],[4.36091,50.82992],[4.36095,50.82989],[4.36096,50.82988],[4.36101,50.82983],[4.36102,50.82982],[4.36207,50.8288],[4.36227,50.82861],[4.3636,50.82731],[4.36363,50.82729],[4.36372,50.8272],[4.36373,50.82719],[4.36375,50.82717],[4.36381,50.82711],[4.36382,50.8271],[4.36409,50.82684],[4.36516,50.8258],[4.36526,50.8257],[4.36533,50.82563],[4.36555,50.82541],[4.36564,50.82533],[4.36566,50.82531],[4.36639,50.8246],[4.36645,50.82454],[4.36646,50.82453],[4.3667,50.8243],[4.36676,50.82425],[4.36677,50.82424],[4.36681,50.8242],[4.36682,50.82419],[4.36806,50.82299],[4.3692,50.82188],[4.36924,50.82184],[4.36925,50.82183],[4.36938,50.8217],[4.36947,50.82161],[4.36955,50.82152],[4.36978,50.82126],[4.36987,50.82117],[4.36992,50.82109],[4.36996,50.82103],[4.37002,50.82095],[4.37006,50.82086],[4.37008,50.8208],[4.37011,50.82073],[4.37015,50.8206],[4.37018,50.82051],[4.37022,50.82039],[4.37075,50.81893],[4.37098,50.8183],[4.37103,50.81817],[4.37107,50.81808],[4.3711,50.81802],[4.37122,50.81778],[4.37127,50.81769],[4.37131,50.81759],[4.37139,50.81738],[4.37159,50.81682],[4.37166,50.81664],[4.37191,50.81596],[4.37192,50.81592],[4.37208,50.8155],[4.37222,50.8151]]}},{"type":"Feature","properties":{"ref":21,"line":"93","color":"ED7807","mode":"tram","direction":1,"terminus":"STADE"},"geometry":{"type":"LineString","coordinates":[[4.37168,50.81669],[4.37152,50.81713],[4.37135,50.81759],[4.37132,50.81769],[4.37127,50.81779],[4.37119,50.81794],[4.37115,50.81804],[4.37111,50.81813],[4.37049,50.81983],[4.37021,50.82061],[4.37016,50.82074],[4.37011,50.82085],[4.37007,50.82093],[4.37003,50.82101],[4.37001,50.82105],[4.36995,50.82113],[4.36989,50.82123],[4.36987,50.82125],[4.36981,50.82133],[4.36973,50.82143],[4.36967,50.82148],[4.36959,50.82156],[4.36952,50.82163],[4.3695,50.82165],[4.36928,50.82185],[4.36927,50.82186],[4.36915,50.82198],[4.36913,50.82199],[4.36907,50.82205],[4.36906,50.82206],[4.36903,50.82209],[4.36902,50.82211],[4.36897,50.82215],[4.36896,50.82216],[4.36697,50.8241],[4.36689,50.82417],[4.36684,50.82422],[4.36683,50.82423],[4.36672,50.82433],[4.36671,50.82434],[4.36651,50.82453],[4.3665,50.82454],[4.36647,50.82457],[4.36646,50.82458],[4.3659,50.82512],[4.36573,50.82529],[4.36572,50.8253],[4.36559,50.82542],[4.36552,50.82549],[4.3654,50.82561],[4.36529,50.82572],[4.36519,50.82582],[4.36517,50.82583],[4.36487,50.82613],[4.36412,50.82686],[4.36392,50.82705],[4.36391,50.82706],[4.36383,50.82714],[4.36377,50.82719],[4.36376,50.82721],[4.36366,50.8273],[4.36365,50.82731],[4.36334,50.82762],[4.36232,50.82861],[4.3615,50.8294],[4.361,50.82989],[4.36095,50.82994],[4.36093,50.82995],[4.36088,50.83],[4.36086,50.83002],[4.36062,50.83025],[4.36061,50.83026],[4.35976,50.83108],[4.35975,50.8311],[4.35958,50.83125],[4.35957,50.83127],[4.35901,50.83183],[4.3588,50.83204],[4.35874,50.8321],[4.35867,50.83216],[4.35866,50.83217],[4.35857,50.83226],[4.35856,50.83227],[4.35826,50.83256],[4.35772,50.83308],[4.35765,50.83315],[4.35763,50.83318],[4.35761,50.8332],[4.35756,50.83326],[4.35754,50.8333],[4.3575,50.83338],[4.35747,50.83346],[4.35742,50.83353],[4.35738,50.8336],[4.35732,50.83366],[4.35728,50.8337],[4.35727,50.83371],[4.35726,50.83372],[4.35708,50.83389],[4.35564,50.83529],[4.35548,50.83544],[4.35502,50.83588],[4.35499,50.83592],[4.3549,50.83599],[4.35478,50.83611],[4.35468,50.8362],[4.35459,50.83628],[4.35451,50.83635],[4.35436,50.83646],[4.35416,50.8366],[4.35373,50.83692],[4.35358,50.83702],[4.35353,50.83705],[4.3533,50.83718],[4.35325,50.83721],[4.3531,50.8373],[4.35304,50.83734],[4.353,50.83737],[4.35297,50.8374],[4.35294,50.83744],[4.35294,50.83746],[4.35293,50.8375],[4.35293,50.83752],[4.35294,50.83754],[4.35295,50.83756],[4.35297,50.8376],[4.35301,50.83764],[4.3531,50.83771],[4.35334,50.83788],[4.35418,50.83848],[4.35514,50.83917],[4.35568,50.83955],[4.35573,50.83959],[4.35614,50.83988],[4.35717,50.84062],[4.35841,50.8415],[4.35894,50.84187],[4.35899,50.84191],[4.35904,50.84195],[4.35908,50.84199],[4.3591,50.84202],[4.35913,50.84206],[4.35915,50.84209],[4.35917,50.84213],[4.3592,50.84217],[4.35921,50.84221],[4.35924,50.84225],[4.35925,50.84228],[4.35928,50.84231],[4.3593,50.84234],[4.35931,50.84235],[4.35933,50.84236],[4.35936,50.84238],[4.35938,50.84239],[4.35941,50.84241],[4.35948,50.84244],[4.35953,50.84245],[4.35958,50.84246],[4.35962,50.84248],[4.35968,50.84249],[4.35971,50.8425],[4.35975,50.84252],[4.3598,50.84253],[4.35987,50.84256],[4.35991,50.84258],[4.35995,50.8426],[4.35997,50.84262],[4.36001,50.84264],[4.3601,50.8427],[4.36023,50.8428],[4.36029,50.84284],[4.36033,50.84287],[4.36037,50.84292],[4.36039,50.84293],[4.36041,50.84296],[4.36045,50.84302],[4.36047,50.84306],[4.36056,50.84323],[4.36065,50.8434],[4.3607,50.84351],[4.36084,50.84378],[4.36089,50.84388],[4.36094,50.84398],[4.36097,50.84404],[4.3613,50.84468],[4.36138,50.84484],[4.362,50.84602],[4.36215,50.84631],[4.36231,50.84662],[4.36232,50.84664],[4.36238,50.84675],[4.3625,50.84697],[4.36258,50.84714],[4.36292,50.84779],[4.36311,50.84816],[4.36398,50.84984],[4.36426,50.85038],[4.36442,50.85069],[4.36463,50.85108],[4.36506,50.85192],[4.36528,50.85235],[4.36535,50.85248],[4.36541,50.85263],[4.36548,50.85277],[4.36556,50.85291],[4.36562,50.85304],[4.36568,50.85313],[4.36576,50.85327],[4.36581,50.85336],[4.36599,50.8537],[4.36599,50.85371],[4.36611,50.85395],[4.36615,50.85402],[4.36624,50.8542],[4.36721,50.85606],[4.36796,50.85751],[4.36836,50.85829],[4.3684,50.85837],[4.36841,50.85843],[4.36842,50.8585],[4.36841,50.85856],[4.3684,50.85861],[4.36832,50.85889],[4.36815,50.85944],[4.36798,50.86001],[4.36754,50.8615],[4.36744,50.86183],[4.36743,50.86185],[4.36741,50.86195],[4.36732,50.86222],[4.36718,50.8627],[4.36715,50.86278],[4.36712,50.86283],[4.367,50.863],[4.36694,50.86308],[4.36689,50.86316],[4.36686,50.8632],[4.36682,50.86325],[4.36669,50.86344],[4.36634,50.86392],[4.36625,50.86405],[4.36615,50.8642],[4.36607,50.86432],[4.36604,50.86436],[4.36594,50.86448],[4.36582,50.86464],[4.36559,50.86497],[4.36533,50.86533],[4.36522,50.86548],[4.36519,50.86552],[4.36515,50.86556],[4.3638,50.86746],[4.3623,50.86957],[4.36192,50.8701],[4.36171,50.8704],[4.3612,50.8711],[4.36119,50.87112],[4.36117,50.87114],[4.36116,50.87116],[4.36115,50.87117],[4.36114,50.87118],[4.36076,50.87175],[4.36072,50.87184],[4.36071,50.87189],[4.36067,50.87202],[4.36066,50.87207],[4.36062,50.87216],[4.36057,50.87224],[4.36052,50.87232],[4.3601,50.87291],[4.35979,50.87334],[4.35954,50.87367],[4.35936,50.87393],[4.3593,50.87401],[4.35809,50.87571],[4.35805,50.87577],[4.35775,50.87618],[4.3577,50.87626],[4.35766,50.87632],[4.35763,50.87635],[4.35759,50.87638],[4.35756,50.87639],[4.35753,50.87641],[4.3575,50.87642],[4.35746,50.87642],[4.35743,50.87643],[4.35739,50.87643],[4.35733,50.87643],[4.35705,50.87642],[4.35695,50.87642],[4.3569,50.87642],[4.35684,50.87643],[4.35672,50.87646],[4.35466,50.87699],[4.35465,50.877],[4.35446,50.87704],[4.35426,50.87708],[4.35346,50.87723],[4.35154,50.87759],[4.35146,50.87761],[4.35139,50.87761],[4.35132,50.87762],[4.35124,50.87762],[4.35116,50.87761],[4.35095,50.87759],[4.35031,50.8775],[4.34897,50.87733],[4.34877,50.87731],[4.34871,50.8773],[4.34864,50.8773],[4.34858,50.87731],[4.34853,50.87732],[4.34848,50.87733],[4.34843,50.87734],[4.34839,50.87737],[4.34814,50.87752],[4.34806,50.87756],[4.34798,50.87758],[4.34793,50.87758],[4.34788,50.87759],[4.34783,50.87759],[4.3478,50.87758],[4.3472,50.87755],[4.34715,50.87754],[4.34709,50.87754],[4.34701,50.87755],[4.34694,50.87756],[4.34689,50.87758],[4.34685,50.8776],[4.34682,50.87762],[4.34678,50.87766],[4.34671,50.87771],[4.34668,50.87774],[4.34667,50.87774],[4.34601,50.87825],[4.34559,50.87857],[4.3455,50.87865],[4.34535,50.87879],[4.34531,50.87881],[4.34526,50.87884],[4.34521,50.87885],[4.34516,50.87886],[4.34509,50.87887],[4.34503,50.87888],[4.34447,50.87888],[4.34293,50.87891],[4.34264,50.87892],[4.34194,50.87893],[4.34054,50.87895],[4.34026,50.87896],[4.33969,50.87898],[4.33859,50.87901],[4.33812,50.87903],[4.33611,50.87908],[4.33596,50.87909],[4.33575,50.87911],[4.33553,50.87914],[4.33469,50.87923],[4.3346,50.87925],[4.3345,50.87927],[4.33442,50.87929],[4.33437,50.87931],[4.33433,50.87935],[4.33431,50.87936],[4.3343,50.87939],[4.33428,50.87943],[4.33427,50.87946],[4.33428,50.8795],[4.33429,50.87953],[4.33434,50.8796],[4.33467,50.87988],[4.33482,50.88002],[4.33491,50.88009],[4.33494,50.88012],[4.33509,50.88025],[4.33518,50.88032],[4.33527,50.8804],[4.33536,50.88049],[4.33541,50.88053],[4.33545,50.88057],[4.33549,50.88061],[4.33554,50.88066],[4.33557,50.88071],[4.3356,50.88076],[4.33563,50.88083],[4.33565,50.88089],[4.33566,50.88093],[4.33567,50.88098],[4.33568,50.88106],[4.33567,50.88114],[4.33566,50.88123],[4.33559,50.88157],[4.33553,50.88193],[4.33551,50.88202],[4.3355,50.88209],[4.33549,50.88216],[4.33548,50.88221],[4.33549,50.88228],[4.3355,50.88234],[4.33552,50.88242],[4.33554,50.88248],[4.33556,50.88259],[4.33557,50.88262],[4.33557,50.88264],[4.3356,50.88278],[4.33561,50.88281],[4.33561,50.88284],[4.3356,50.88289],[4.33559,50.88292],[4.33557,50.88296],[4.33555,50.88298],[4.33535,50.88321],[4.33338,50.88538],[4.33335,50.88542],[4.33334,50.88547],[4.33333,50.88551],[4.33333,50.88554],[4.33334,50.88559],[4.33335,50.88562],[4.33341,50.88585],[4.33343,50.88589],[4.33345,50.88592],[4.33348,50.88595],[4.33352,50.88598],[4.33355,50.886],[4.33368,50.88606],[4.33369,50.88607],[4.33377,50.88611],[4.3339,50.88619],[4.33395,50.88622],[4.33414,50.88634],[4.33437,50.88651],[4.33444,50.88656],[4.33447,50.88659],[4.33448,50.8866],[4.33461,50.8867],[4.33463,50.88672],[4.33484,50.88689],[4.33493,50.88697],[4.33501,50.88705],[4.3351,50.88713],[4.33517,50.88722],[4.33523,50.88728],[4.33528,50.88736],[4.33533,50.88742],[4.3354,50.88753],[4.33544,50.88761],[4.33549,50.88772],[4.33553,50.88781],[4.33556,50.8879],[4.33558,50.88798],[4.33559,50.88807],[4.33559,50.88813],[4.33559,50.88822],[4.33559,50.8883],[4.33557,50.88837],[4.33555,50.88844],[4.33554,50.88849],[4.33553,50.88851],[4.33552,50.88852],[4.33552,50.88852],[4.3355,50.88858],[4.33547,50.88863],[4.33543,50.88868],[4.33538,50.88874],[4.33533,50.88879],[4.33528,50.88883],[4.33522,50.88887],[4.33517,50.88889],[4.33511,50.88893],[4.33504,50.88896],[4.33497,50.88899],[4.3349,50.88902],[4.33479,50.88905],[4.33408,50.8892],[4.33294,50.88946],[4.33007,50.8901],[4.33,50.89011],[4.32996,50.89013],[4.32992,50.89015],[4.32989,50.89018],[4.32987,50.8902],[4.32986,50.89023],[4.32984,50.89026],[4.32984,50.8903],[4.32985,50.89032],[4.32987,50.89036],[4.32989,50.89038],[4.33031,50.89088],[4.33053,50.89114],[4.33064,50.89126],[4.33075,50.89137],[4.33084,50.89145],[4.33092,50.89151],[4.331,50.89157],[4.33108,50.89162],[4.33118,50.89168],[4.33129,50.89175],[4.3314,50.8918],[4.33156,50.89188],[4.33164,50.89191],[4.33176,50.89196],[4.33213,50.89209],[4.33317,50.89246],[4.3332,50.89247],[4.33324,50.89249],[4.33327,50.89251],[4.3333,50.89253],[4.33332,50.89255],[4.33333,50.89257],[4.33334,50.89261],[4.33335,50.89264],[4.33334,50.89267],[4.33333,50.89269],[4.33331,50.89272],[4.33328,50.89276],[4.33284,50.8931],[4.33276,50.89316],[4.33256,50.89332],[4.33253,50.89334],[4.3324,50.89345],[4.33191,50.89383]]}}]}